criticite_depart,degre_sortant,nb_atteignables,criticite_moy_atteignables,proba_moy_sortantes,proba_moy_globale,nb_mesures,part_relations_protegees,variante,depart,score,niveau
1,1,12,3.3333333333333335,1.0,0.6882393179947246,0,0.0,0,internet,39.7,critique
3,2,11,3.3636363636363638,0.6897726802456257,0.6882393179947246,0,0.0,0,pare_feu,33.9,élevé
3,1,4,4.25,0.6068400974568783,0.6882393179947246,0,0.0,0,serveur_web,20.3,élevé
4,1,3,4.333333333333333,0.8086990941945023,0.6882393179947246,0,0.0,0,serveur_app,23.6,élevé
5,2,2,4.0,0.6778623646808116,0.6882393179947246,0,0.0,0,base_donnees,16.1,moyen
5,0,0,0.0,0.0,0.6882393179947246,0,0.0,0,donnees_sensibles,0.0,faible
3,0,0,0.0,0.0,0.6882393179947246,0,0.0,0,sauvegardes,0.0,faible
2,1,9,3.5555555555555554,0.6090609327295273,0.6882393179947246,0,0.0,0,vpn,18.4,moyen
4,1,8,3.5,0.8238488654616993,0.6882393179947246,0,0.0,0,routeur,21.0,élevé
2,2,7,3.7142857142857144,0.5801445585779249,0.6882393179947246,0,0.0,0,switch,19.0,moyen
1,2,7,3.857142857142857,0.5134132135521414,0.6882393179947246,0,0.0,0,postes,18.5,moyen
3,0,0,0.0,0.0,0.6882393179947246,0,0.0,0,serveur_rh,0.0,faible
5,4,5,4.0,0.7323084454886758,0.6882393179947246,0,0.0,0,compte_admin,39.6,critique
1,1,12,3.3333333333333335,1.0,0.46980288786833146,3,0.6470588235294118,0,internet,19.2,moyen
3,2,11,3.3636363636363638,0.5090347974050748,0.46980288786833146,3,0.6470588235294118,0,pare_feu,12.3,moyen
3,1,4,4.25,0.18205202923706348,0.46980288786833146,3,0.6470588235294118,0,serveur_web,2.9,faible
4,1,3,4.333333333333333,0.24260972825835067,0.46980288786833146,3,0.6470588235294118,0,serveur_app,5.5,faible
5,2,2,4.0,0.3818417710905504,0.46980288786833146,3,0.6470588235294118,0,base_donnees,9.2,faible
5,0,0,0.0,0.0,0.46980288786833146,3,0.6470588235294118,0,donnees_sensibles,0.0,faible
3,0,0,0.0,0.0,0.46980288786833146,3,0.6470588235294118,0,sauvegardes,0.0,faible
2,1,9,3.5555555555555554,0.6090609327295273,0.46980288786833146,3,0.6470588235294118,0,vpn,8.9,faible
4,1,8,3.5,0.41192443273084967,0.46980288786833146,3,0.6470588235294118,0,routeur,4.6,faible
2,2,7,3.7142857142857144,0.29007227928896245,0.46980288786833146,3,0.6470588235294118,0,switch,5.5,faible
1,2,7,3.857142857142857,0.27165220915301225,0.46980288786833146,3,0.6470588235294118,0,postes,8.9,faible
3,0,0,0.0,0.0,0.46980288786833146,3,0.6470588235294118,0,serveur_rh,0.0,faible
5,4,5,4.0,0.658949964232661,0.46980288786833146,3,0.6470588235294118,0,compte_admin,30.0,élevé
1,1,12,3.3333333333333335,1.0,0.6247238420112806,1,0.23529411764705882,0,internet,33.3,élevé
3,2,11,3.3636363636363638,0.6897726802456257,0.6247238420112806,1,0.23529411764705882,0,pare_feu,27.2,élevé
3,1,4,4.25,0.6068400974568783,0.6247238420112806,1,0.23529411764705882,0,serveur_web,13.4,moyen
4,1,3,4.333333333333333,0.48521945651670134,0.6247238420112806,1,0.23529411764705882,0,serveur_app,11.9,moyen
5,2,2,4.0,0.5062200096802334,0.6247238420112806,1,0.23529411764705882,0,base_donnees,11.3,moyen
5,0,0,0.0,0.0,0.6247238420112806,1,0.23529411764705882,0,donnees_sensibles,0.0,faible
3,0,0,0.0,0.0,0.6247238420112806,1,0.23529411764705882,0,sauvegardes,0.0,faible
2,1,9,3.5555555555555554,0.6090609327295273,0.6247238420112806,1,0.23529411764705882,0,vpn,15.3,moyen
4,1,8,3.5,0.8238488654616993,0.6247238420112806,1,0.23529411764705882,0,routeur,15.7,moyen
2,2,7,3.7142857142857144,0.5801445585779249,0.6247238420112806,1,0.23529411764705882,0,switch,13.0,moyen
1,2,7,3.857142857142857,0.45363080404437545,0.6247238420112806,1,0.23529411764705882,0,postes,13.1,moyen
3,0,0,0.0,0.0,0.6247238420112806,1,0.23529411764705882,0,serveur_rh,0.0,faible
5,4,5,4.0,0.658949964232661,0.6247238420112806,1,0.23529411764705882,0,compte_admin,30.0,élevé
1,1,12,3.3333333333333335,1.0,0.49820546346671246,2,0.5882352941176471,0,internet,24.6,élevé
3,2,11,3.3636363636363638,0.6897726802456257,0.49820546346671246,2,0.5882352941176471,0,pare_feu,17.9,moyen
3,1,4,4.25,0.30342004872843914,0.49820546346671246,2,0.5882352941176471,0,serveur_web,4.8,faible
4,1,3,4.333333333333333,0.24260972825835067,0.49820546346671246,2,0.5882352941176471,0,serveur_app,5.5,faible
5,2,2,4.0,0.3818417710905504,0.49820546346671246,2,0.5882352941176471,0,base_donnees,9.2,faible
5,0,0,0.0,0.0,0.49820546346671246,2,0.5882352941176471,0,donnees_sensibles,0.0,faible
3,0,0,0.0,0.0,0.49820546346671246,2,0.5882352941176471,0,sauvegardes,0.0,faible
2,1,9,3.5555555555555554,0.6090609327295273,0.49820546346671246,2,0.5882352941176471,0,vpn,8.9,faible
4,1,8,3.5,0.41192443273084967,0.49820546346671246,2,0.5882352941176471,0,routeur,4.6,faible
2,2,7,3.7142857142857144,0.29007227928896245,0.49820546346671246,2,0.5882352941176471,0,switch,5.5,faible
1,2,7,3.857142857142857,0.27165220915301225,0.49820546346671246,2,0.5882352941176471,0,postes,8.9,faible
3,0,0,0.0,0.0,0.49820546346671246,2,0.5882352941176471,0,serveur_rh,0.0,faible
5,4,5,4.0,0.658949964232661,0.49820546346671246,2,0.5882352941176471,0,compte_admin,30.0,élevé
1,1,11,3.6363636363636362,0.9406988722133973,0.3319938823754415,4,0.9411764705882353,1,internet,8.9,faible
3,1,10,3.7,0.20806160617742028,0.3319938823754415,4,0.9411764705882353,1,pare_feu,2.6,faible
3,1,4,4.75,0.1737909445508217,0.3319938823754415,4,0.9411764705882353,1,serveur_web,2.7,faible
4,1,3,5.0,0.25847007738972444,0.3319938823754415,4,0.9411764705882353,1,serveur_app,5.7,faible
5,2,2,5.0,0.3841942060398587,0.3319938823754415,4,0.9411764705882353,1,base_donnees,9.8,faible
5,0,0,0.0,0.0,0.3319938823754415,4,0.9411764705882353,1,donnees_sensibles,0.0,faible
5,0,0,0.0,0.0,0.3319938823754415,4,0.9411764705882353,1,sauvegardes,0.0,faible
3,1,9,3.7777777777777777,0.36742665183723355,0.3319938823754415,4,0.9411764705882353,1,vpn,5.4,faible
3,1,8,3.875,0.4725538897353272,0.3319938823754415,4,0.9411764705882353,1,routeur,7.4,faible
3,3,7,4.0,0.3377828105486978,0.3319938823754415,4,0.9411764705882353,1,switch,8.3,faible
1,2,7,4.285714285714286,0.15351713851813836,0.3319938823754415,4,0.9411764705882353,1,postes,3.9,faible
4,0,0,0.0,0.0,0.3319938823754415,4,0.9411764705882353,1,serveur_rh,0.0,faible
4,4,5,4.6,0.28353070942912345,0.3319938823754415,4,0.9411764705882353,1,compte_admin,13.5,moyen
1,1,11,3.6363636363636362,0.9406988722133973,0.542910700472483,2,0.47058823529411764,1,internet,11.0,moyen
3,1,10,3.7,0.20806160617742028,0.542910700472483,2,0.47058823529411764,1,pare_feu,4.9,faible
3,1,4,4.75,0.3475818891016434,0.542910700472483,2,0.47058823529411764,1,serveur_web,12.1,moyen
4,1,3,5.0,0.8615669246324149,0.542910700472483,2,0.47058823529411764,1,serveur_app,25.8,élevé
5,2,2,5.0,0.697673346195846,0.542910700472483,2,0.47058823529411764,1,base_donnees,17.9,moyen
5,0,0,0.0,0.0,0.542910700472483,2,0.47058823529411764,1,donnees_sensibles,0.0,faible
5,0,0,0.0,0.0,0.542910700472483,2,0.47058823529411764,1,sauvegardes,0.0,faible
3,1,9,3.7777777777777777,0.36742665183723355,0.542910700472483,2,0.47058823529411764,1,vpn,16.2,moyen
3,1,8,3.875,0.9451077794706544,0.542910700472483,2,0.47058823529411764,1,routeur,36.9,critique
3,3,7,4.0,0.7685358411845482,0.542910700472483,2,0.47058823529411764,1,switch,31.7,élevé
1,2,7,4.285714285714286,0.2942984498197412,0.542910700472483,2,0.47058823529411764,1,postes,16.7,moyen
4,0,0,0.0,0.0,0.542910700472483,2,0.47058823529411764,1,serveur_rh,0.0,faible
4,4,5,4.6,0.3173717672536571,0.542910700472483,2,0.47058823529411764,1,compte_admin,17.1,moyen
1,1,11,3.6363636363636362,0.9406988722133973,0.33880921353429727,3,0.9411764705882353,1,internet,8.9,faible
3,1,10,3.7,0.20806160617742028,0.33880921353429727,3,0.9411764705882353,1,pare_feu,2.6,faible
3,1,4,4.75,0.2896515742513695,0.33880921353429727,3,0.9411764705882353,1,serveur_web,4.5,faible
4,1,3,5.0,0.25847007738972444,0.33880921353429727,3,0.9411764705882353,1,serveur_app,5.7,faible
5,2,2,5.0,0.3841942060398587,0.33880921353429727,3,0.9411764705882353,1,base_donnees,9.8,faible
5,0,0,0.0,0.0,0.33880921353429727,3,0.9411764705882353,1,donnees_sensibles,0.0,faible
5,0,0,0.0,0.0,0.33880921353429727,3,0.9411764705882353,1,sauvegardes,0.0,faible
3,1,9,3.7777777777777777,0.36742665183723355,0.33880921353429727,3,0.9411764705882353,1,vpn,5.4,faible
3,1,8,3.875,0.4725538897353272,0.33880921353429727,3,0.9411764705882353,1,routeur,7.4,faible
3,3,7,4.0,0.3377828105486978,0.33880921353429727,3,0.9411764705882353,1,switch,8.3,faible
1,2,7,4.285714285714286,0.15351713851813836,0.33880921353429727,3,0.9411764705882353,1,postes,3.9,faible
4,0,0,0.0,0.0,0.33880921353429727,3,0.9411764705882353,1,serveur_rh,0.0,faible
4,4,5,4.6,0.28353070942912345,0.33880921353429727,3,0.9411764705882353,1,compte_admin,13.5,moyen
1,1,11,3.6363636363636362,0.9406988722133973,0.3319938823754415,4,0.9411764705882353,1,internet,8.9,faible
3,1,10,3.7,0.20806160617742028,0.3319938823754415,4,0.9411764705882353,1,pare_feu,2.6,faible
3,1,4,4.75,0.1737909445508217,0.3319938823754415,4,0.9411764705882353,1,serveur_web,2.7,faible
4,1,3,5.0,0.25847007738972444,0.3319938823754415,4,0.9411764705882353,1,serveur_app,5.7,faible
5,2,2,5.0,0.3841942060398587,0.3319938823754415,4,0.9411764705882353,1,base_donnees,9.8,faible
5,0,0,0.0,0.0,0.3319938823754415,4,0.9411764705882353,1,donnees_sensibles,0.0,faible
5,0,0,0.0,0.0,0.3319938823754415,4,0.9411764705882353,1,sauvegardes,0.0,faible
3,1,9,3.7777777777777777,0.36742665183723355,0.3319938823754415,4,0.9411764705882353,1,vpn,5.4,faible
3,1,8,3.875,0.4725538897353272,0.3319938823754415,4,0.9411764705882353,1,routeur,7.4,faible
3,3,7,4.0,0.3377828105486978,0.3319938823754415,4,0.9411764705882353,1,switch,8.3,faible
1,2,7,4.285714285714286,0.15351713851813836,0.3319938823754415,4,0.9411764705882353,1,postes,3.9,faible
4,0,0,0.0,0.0,0.3319938823754415,4,0.9411764705882353,1,serveur_rh,0.0,faible
4,4,5,4.6,0.28353070942912345,0.3319938823754415,4,0.9411764705882353,1,compte_admin,13.5,moyen
1,1,11,3.5454545454545454,1.0,0.7188188591802638,0,0.0,2,internet,35.4,critique
4,1,10,3.5,0.5948069760260266,0.7188188591802638,0,0.0,2,pare_feu,27.8,élevé
3,1,4,4.5,0.7137365912023965,0.7188188591802638,0,0.0,2,serveur_web,21.9,élevé
4,1,3,4.666666666666667,0.7670953455538942,0.7188188591802638,0,0.0,2,serveur_app,21.2,élevé
4,2,2,5.0,0.6787711840698878,0.7188188591802638,0,0.0,2,base_donnees,17.4,moyen
5,0,0,0.0,0.0,0.7188188591802638,0,0.0,2,donnees_sensibles,0.0,faible
5,0,0,0.0,0.0,0.7188188591802638,0,0.0,2,sauvegardes,0.0,faible
2,1,9,3.6666666666666665,1.0,0.7188188591802638,0,0.0,2,vpn,39.6,critique
2,1,8,3.875,1.0,0.7188188591802638,0,0.0,2,routeur,34.7,élevé
3,3,7,4.0,0.6592460984927513,0.7188188591802638,0,0.0,2,switch,28.1,élevé
2,1,5,4.4,0.2953662151183228,0.7188188591802638,0,0.0,2,postes,10.9,moyen
4,0,0,0.0,0.0,0.7188188591802638,0,0.0,2,serveur_rh,0.0,faible
4,2,4,4.5,0.6785891185025121,0.7188188591802638,0,0.0,2,compte_admin,28.6,élevé
1,1,11,3.5454545454545454,1.0,0.5056972979031095,2,0.5714285714285714,2,internet,13.5,moyen
4,1,10,3.5,0.23792279041041065,0.5056972979031095,2,0.5714285714285714,2,pare_feu,4.3,faible
3,1,4,4.5,0.7137365912023965,0.5056972979031095,2,0.5714285714285714,2,serveur_web,14.8,moyen
4,1,3,4.666666666666667,0.46025720733233655,0.5056972979031095,2,0.5714285714285714,2,serveur_app,11.0,moyen
4,2,2,5.0,0.5349374725006819,0.5056972979031095,2,0.5714285714285714,2,base_donnees,13.7,moyen
5,0,0,0.0,0.0,0.5056972979031095,2,0.5714285714285714,2,donnees_sensibles,0.0,faible
5,0,0,0.0,0.0,0.5056972979031095,2,0.5714285714285714,2,sauvegardes,0.0,faible
2,1,9,3.6666666666666665,0.4,0.5056972979031095,2,0.5714285714285714,2,vpn,12.2,moyen
2,1,8,3.875,1.0,0.5056972979031095,2,0.5714285714285714,2,routeur,25.6,élevé
3,3,7,4.0,0.5730012170177775,0.5056972979031095,2,0.5714285714285714,2,switch,18.8,moyen
2,1,5,4.4,0.07088789162839747,0.5056972979031095,2,0.5714285714285714,2,postes,1.2,faible
4,0,0,0.0,0.0,0.5056972979031095,2,0.5714285714285714,2,serveur_rh,0.0,faible
4,2,4,4.5,0.2040395470076474,0.5056972979031095,2,0.5714285714285714,2,compte_admin,7.0,faible
1,1,11,3.5454545454545454,1.0,0.625364059623192,1,0.35714285714285715,2,internet,30.6,élevé
4,1,10,3.5,0.5948069760260266,0.625364059623192,1,0.35714285714285715,2,pare_feu,22.7,élevé
3,1,4,4.5,0.7137365912023965,0.625364059623192,1,0.35714285714285715,2,serveur_web,14.8,moyen
4,1,3,4.666666666666667,0.46025720733233655,0.625364059623192,1,0.35714285714285715,2,serveur_app,11.0,moyen
4,2,2,5.0,0.5349374725006819,0.625364059623192,1,0.35714285714285715,2,base_donnees,13.7,moyen
5,0,0,0.0,0.0,0.625364059623192,1,0.35714285714285715,2,donnees_sensibles,0.0,faible
5,0,0,0.0,0.0,0.625364059623192,1,0.35714285714285715,2,sauvegardes,0.0,faible
2,1,9,3.6666666666666665,1.0,0.625364059623192,1,0.35714285714285715,2,vpn,31.4,élevé
2,1,8,3.875,1.0,0.625364059623192,1,0.35714285714285715,2,routeur,26.5,élevé
3,3,7,4.0,0.5730012170177775,0.625364059623192,1,0.35714285714285715,2,switch,19.7,moyen
2,1,5,4.4,0.17721972907099368,0.625364059623192,1,0.35714285714285715,2,postes,4.7,faible
4,0,0,0.0,0.0,0.625364059623192,1,0.35714285714285715,2,serveur_rh,0.0,faible
4,2,4,4.5,0.5100988675191185,0.625364059623192,1,0.35714285714285715,2,compte_admin,17.4,moyen
1,1,11,3.5454545454545454,1.0,0.34386261005018764,3,0.9285714285714286,2,internet,11.8,moyen
4,1,10,3.5,0.23792279041041065,0.34386261005018764,3,0.9285714285714286,2,pare_feu,2.5,faible
3,1,4,4.5,0.35686829560119826,0.34386261005018764,3,0.9285714285714286,2,serveur_web,5.2,faible
4,1,3,4.666666666666667,0.23012860366616827,0.34386261005018764,3,0.9285714285714286,2,serveur_app,4.6,faible
4,2,2,5.0,0.3753440199272453,0.34386261005018764,3,0.9285714285714286,2,base_donnees,9.6,faible
5,0,0,0.0,0.0,0.34386261005018764,3,0.9285714285714286,2,donnees_sensibles,0.0,faible
5,0,0,0.0,0.0,0.34386261005018764,3,0.9285714285714286,2,sauvegardes,0.0,faible
2,1,9,3.6666666666666665,0.4,0.34386261005018764,3,0.9285714285714286,2,vpn,5.0,faible
2,1,8,3.875,0.5,0.34386261005018764,3,0.9285714285714286,2,routeur,7.5,faible
3,3,7,4.0,0.28650060850888875,0.34386261005018764,3,0.9285714285714286,2,switch,7.9,faible
2,1,5,4.4,0.07088789162839747,0.34386261005018764,3,0.9285714285714286,2,postes,1.1,faible
4,0,0,0.0,0.0,0.34386261005018764,3,0.9285714285714286,2,serveur_rh,0.0,faible
4,2,4,4.5,0.2040395470076474,0.34386261005018764,3,0.9285714285714286,2,compte_admin,6.1,faible
2,1,8,4.0,1.0,0.3321909574391057,4,0.9411764705882353,3,internet,15.7,moyen
4,2,7,4.0,0.3476778168038942,0.3321909574391057,4,0.9411764705882353,3,pare_feu,7.7,faible
4,1,4,4.25,0.17096632246354224,0.3321909574391057,4,0.9411764705882353,3,serveur_web,2.4,faible
5,1,3,4.0,0.20015708661913492,0.3321909574391057,4,0.9411764705882353,3,serveur_app,3.4,faible
5,2,2,3.5,0.3743504116117114,0.3321909574391057,4,0.9411764705882353,3,base_donnees,6.0,faible
4,0,0,0.0,0.0,0.3321909574391057,4,0.9411764705882353,3,donnees_sensibles,0.0,faible
3,0,0,0.0,0.0,0.3321909574391057,4,0.9411764705882353,3,sauvegardes,0.0,faible
4,1,1,3.0,0.32966245999037086,0.3321909574391057,4,0.9411764705882353,3,vpn,2.2,faible
3,0,0,0.0,0.0,0.3321909574391057,4,0.9411764705882353,3,routeur,0.0,faible
4,3,7,4.142857142857143,0.32122296881653706,0.3321909574391057,4,0.9411764705882353,3,switch,9.3,faible
3,2,7,4.285714285714286,0.23434396427128068,0.3321909574391057,4,0.9411764705882353,3,postes,6.4,faible
5,0,0,0.0,0.0,0.3321909574391057,4,0.9411764705882353,3,serveur_rh,0.0,faible
4,4,5,4.4,0.2675117788920913,0.3321909574391057,4,0.9411764705882353,3,compte_admin,11.2,moyen
2,1,8,4.0,1.0,0.5486887323921421,1,0.4117647058823529,3,internet,27.4,élevé
4,2,7,4.0,0.498329459885712,0.5486887323921421,1,0.4117647058823529,3,pare_feu,19.9,moyen
4,1,4,4.25,0.5698877415451408,0.5486887323921421,1,0.4117647058823529,3,serveur_web,14.3,moyen
5,1,3,4.0,0.6671902887304497,0.5486887323921421,1,0.4117647058823529,3,serveur_app,14.5,moyen
5,2,2,3.5,0.6722112750377893,0.5486887323921421,1,0.4117647058823529,3,base_donnees,10.7,moyen
4,0,0,0.0,0.0,0.5486887323921421,1,0.4117647058823529,3,donnees_sensibles,0.0,faible
3,0,0,0.0,0.0,0.5486887323921421,1,0.4117647058823529,3,sauvegardes,0.0,faible
4,1,1,3.0,0.32966245999037086,0.5486887323921421,1,0.4117647058823529,3,vpn,2.2,faible
3,0,0,0.0,0.0,0.5486887323921421,1,0.4117647058823529,3,routeur,0.0,faible
4,3,7,4.142857142857143,0.7596558220148627,0.5486887323921421,1,0.4117647058823529,3,switch,27.3,élevé
3,2,7,4.285714285714286,0.4554359544702492,0.5486887323921421,1,0.4117647058823529,3,postes,22.7,élevé
5,0,0,0.0,0.0,0.5486887323921421,1,0.4117647058823529,3,serveur_rh,0.0,faible
4,4,5,4.4,0.30751177889209136,0.5486887323921421,1,0.4117647058823529,3,compte_admin,14.6,moyen
2,1,8,4.0,1.0,0.3321909574391057,4,0.9411764705882353,3,internet,15.7,moyen
4,2,7,4.0,0.3476778168038942,0.3321909574391057,4,0.9411764705882353,3,pare_feu,7.7,faible
4,1,4,4.25,0.17096632246354224,0.3321909574391057,4,0.9411764705882353,3,serveur_web,2.4,faible
5,1,3,4.0,0.20015708661913492,0.3321909574391057,4,0.9411764705882353,3,serveur_app,3.4,faible
5,2,2,3.5,0.3743504116117114,0.3321909574391057,4,0.9411764705882353,3,base_donnees,6.0,faible
4,0,0,0.0,0.0,0.3321909574391057,4,0.9411764705882353,3,donnees_sensibles,0.0,faible
3,0,0,0.0,0.0,0.3321909574391057,4,0.9411764705882353,3,sauvegardes,0.0,faible
4,1,1,3.0,0.32966245999037086,0.3321909574391057,4,0.9411764705882353,3,vpn,2.2,faible
3,0,0,0.0,0.0,0.3321909574391057,4,0.9411764705882353,3,routeur,0.0,faible
4,3,7,4.142857142857143,0.32122296881653706,0.3321909574391057,4,0.9411764705882353,3,switch,9.3,faible
3,2,7,4.285714285714286,0.23434396427128068,0.3321909574391057,4,0.9411764705882353,3,postes,6.4,faible
5,0,0,0.0,0.0,0.3321909574391057,4,0.9411764705882353,3,serveur_rh,0.0,faible
4,4,5,4.4,0.2675117788920913,0.3321909574391057,4,0.9411764705882353,3,compte_admin,11.2,moyen
2,1,8,4.0,1.0,0.7194796165666296,0,0.0,3,internet,33.1,élevé
4,2,7,4.0,0.6808799881574632,0.7194796165666296,0,0.0,3,pare_feu,25.9,élevé
4,1,4,4.25,0.5698877415451408,0.7194796165666296,0,0.0,3,serveur_web,14.3,moyen
5,1,3,4.0,0.6671902887304497,0.7194796165666296,0,0.0,3,serveur_app,14.5,moyen
5,2,2,3.5,0.6722112750377893,0.7194796165666296,0,0.0,3,base_donnees,10.7,moyen
4,0,0,0.0,0.0,0.7194796165666296,0,0.0,3,donnees_sensibles,0.0,faible
3,0,0,0.0,0.0,0.7194796165666296,0,0.0,3,sauvegardes,0.0,faible
4,1,1,3.0,0.8241561499759271,0.7194796165666296,0,0.0,3,vpn,5.4,faible
3,0,0,0.0,0.0,0.7194796165666296,0,0.0,3,routeur,0.0,faible
4,3,7,4.142857142857143,0.7596558220148627,0.7194796165666296,0,0.0,3,switch,30.9,élevé
3,2,7,4.285714285714286,0.5548257600125903,0.7194796165666296,0,0.0,3,postes,27.4,élevé
5,0,0,0.0,0.0,0.7194796165666296,0,0.0,3,serveur_rh,0.0,faible
4,4,5,4.4,0.7687794472302283,0.7194796165666296,0,0.0,3,compte_admin,36.5,critique
2,1,11,3.272727272727273,1.0,0.6656284643501958,1,0.3125,4,internet,41.0,critique
4,2,10,3.2,0.7824287701184123,0.6656284643501958,1,0.3125,4,pare_feu,32.4,élevé
2,1,3,4.0,0.6562300556523268,0.6656284643501958,1,0.3125,4,serveur_web,9.7,faible
3,1,2,4.5,0.369599264109288,0.6656284643501958,1,0.3125,4,serveur_app,7.2,faible
5,1,1,4.0,0.6,0.6656284643501958,1,0.3125,4,base_donnees,6.7,faible
4,0,0,0.0,0.0,0.6656284643501958,1,0.3125,4,donnees_sensibles,0.0,faible
3,0,0,0.0,0.0,0.6656284643501958,1,0.3125,4,sauvegardes,0.0,faible
3,1,8,3.375,1.0,0.6656284643501958,1,0.3125,4,vpn,25.7,élevé
4,1,7,3.2857142857142856,0.6695607893938018,0.6656284643501958,1,0.3125,4,routeur,15.6,moyen
2,3,6,3.5,0.5833480407852882,0.6656284643501958,1,0.3125,4,switch,17.0,moyen
2,2,6,3.5,0.5230370374409449,0.6656284643501958,1,0.3125,4,postes,15.4,moyen
3,0,0,0.0,0.0,0.6656284643501958,1,0.3125,4,serveur_rh,0.0,faible
4,3,4,3.75,0.6645631943243793,0.6656284643501958,1,0.3125,4,compte_admin,22.4,élevé
2,1,11,3.272727272727273,1.0,0.7613776930521581,0,0.0,4,internet,47.3,critique
4,2,10,3.2,0.7824287701184123,0.7613776930521581,0,0.0,4,pare_feu,39.0,critique
2,1,3,4.0,0.6562300556523268,0.7613776930521581,0,0.0,4,serveur_web,14.4,moyen
3,1,2,4.5,0.61599877351548,0.7613776930521581,0,0.0,4,serveur_app,14.6,moyen
5,1,1,4.0,1.0,0.7613776930521581,0,0.0,4,base_donnees,11.1,moyen
4,0,0,0.0,0.0,0.7613776930521581,0,0.0,4,donnees_sensibles,0.0,faible
3,0,0,0.0,0.0,0.7613776930521581,0,0.0,4,sauvegardes,0.0,faible
3,1,8,3.375,1.0,0.7613776930521581,0,0.0,4,vpn,31.5,élevé
4,1,7,3.2857142857142856,0.6695607893938018,0.7613776930521581,0,0.0,4,routeur,21.6,élevé
2,3,6,3.5,0.6980097678450622,0.7613776930521581,0,0.0,4,switch,25.4,élevé
2,2,6,3.5,0.6190567952636556,0.7613776930521581,0,0.0,4,postes,26.7,élevé
3,0,0,0.0,0.0,0.7613776930521581,0,0.0,4,serveur_rh,0.0,faible
4,3,4,3.75,0.7810843453245329,0.7613776930521581,0,0.0,4,compte_admin,33.2,élevé
2,1,11,3.272727272727273,1.0,0.7613776930521581,0,0.0,4,internet,47.3,critique
4,2,10,3.2,0.7824287701184123,0.7613776930521581,0,0.0,4,pare_feu,39.0,critique
2,1,3,4.0,0.6562300556523268,0.7613776930521581,0,0.0,4,serveur_web,14.4,moyen
3,1,2,4.5,0.61599877351548,0.7613776930521581,0,0.0,4,serveur_app,14.6,moyen
5,1,1,4.0,1.0,0.7613776930521581,0,0.0,4,base_donnees,11.1,moyen
4,0,0,0.0,0.0,0.7613776930521581,0,0.0,4,donnees_sensibles,0.0,faible
3,0,0,0.0,0.0,0.7613776930521581,0,0.0,4,sauvegardes,0.0,faible
3,1,8,3.375,1.0,0.7613776930521581,0,0.0,4,vpn,31.5,élevé
4,1,7,3.2857142857142856,0.6695607893938018,0.7613776930521581,0,0.0,4,routeur,21.6,élevé
2,3,6,3.5,0.6980097678450622,0.7613776930521581,0,0.0,4,switch,25.4,élevé
2,2,6,3.5,0.6190567952636556,0.7613776930521581,0,0.0,4,postes,26.7,élevé
3,0,0,0.0,0.0,0.7613776930521581,0,0.0,4,serveur_rh,0.0,faible
4,3,4,3.75,0.7810843453245329,0.7613776930521581,0,0.0,4,compte_admin,33.2,élevé
2,1,11,3.272727272727273,1.0,0.35682006650020576,4,0.9375,4,internet,17.6,moyen
4,2,10,3.2,0.4129715080473649,0.35682006650020576,4,0.9375,4,pare_feu,7.7,faible
2,1,3,4.0,0.19686901669569803,0.35682006650020576,4,0.9375,4,serveur_web,2.2,faible
3,1,2,4.5,0.184799632054644,0.35682006650020576,4,0.9375,4,serveur_app,3.6,faible
5,1,1,4.0,0.6,0.35682006650020576,4,0.9375,4,base_donnees,6.7,faible
4,0,0,0.0,0.0,0.35682006650020576,4,0.9375,4,donnees_sensibles,0.0,faible
3,0,0,0.0,0.0,0.35682006650020576,4,0.9375,4,sauvegardes,0.0,faible
3,1,8,3.375,0.4,0.35682006650020576,4,0.9375,4,vpn,5.9,faible
4,1,7,3.2857142857142856,0.3347803946969009,0.35682006650020576,4,0.9375,4,routeur,4.3,faible
2,3,6,3.5,0.2916740203926441,0.35682006650020576,4,0.9375,4,switch,7.0,faible
2,2,6,3.5,0.2471155550470658,0.35682006650020576,4,0.9375,4,postes,5.0,faible
3,0,0,0.0,0.0,0.35682006650020576,4,0.9375,4,serveur_rh,0.0,faible
4,3,4,3.75,0.26582527772975173,0.35682006650020576,4,0.9375,4,compte_admin,9.0,faible
1,1,12,3.5833333333333335,0.857173157460609,0.39024479734523476,3,0.8823529411764706,5,internet,12.6,moyen
4,2,11,3.5454545454545454,0.31802216261870075,0.39024479734523476,3,0.8823529411764706,5,pare_feu,5.8,faible
3,0,0,0.0,0.0,0.39024479734523476,3,0.8823529411764706,5,serveur_web,0.0,faible
5,1,3,4.0,0.43482500002757757,0.39024479734523476,3,0.8823529411764706,5,serveur_app,10.8,moyen
5,2,2,3.5,0.6183284407010734,0.39024479734523476,3,0.8823529411764706,5,base_donnees,12.1,moyen
4,0,0,0.0,0.0,0.39024479734523476,3,0.8823529411764706,5,donnees_sensibles,0.0,faible
3,0,0,0.0,0.0,0.39024479734523476,3,0.8823529411764706,5,sauvegardes,0.0,faible
4,1,9,3.5555555555555554,0.2831856031865857,0.39024479734523476,3,0.8823529411764706,5,vpn,4.5,faible
3,1,8,3.625,0.5,0.39024479734523476,3,0.8823529411764706,5,routeur,8.2,faible
2,3,7,3.857142857142857,0.36313956050584356,0.39024479734523476,3,0.8823529411764706,5,switch,11.3,moyen
1,2,7,4.0,0.2104028068271202,0.39024479734523476,3,0.8823529411764706,5,postes,6.3,faible
4,0,0,0.0,0.0,0.39024479734523476,3,0.8823529411764706,5,serveur_rh,0.0,faible
5,4,5,4.2,0.2940130730957247,0.39024479734523476,3,0.8823529411764706,5,compte_admin,16.9,moyen
1,1,12,3.5833333333333335,0.857173157460609,0.7130525809601425,0,0.0,5,internet,25.0,élevé
4,2,11,3.5454545454545454,0.588853756011585,0.7130525809601425,0,0.0,5,pare_feu,21.4,élevé
3,0,0,0.0,0.0,0.7130525809601425,0,0.0,5,serveur_web,0.0,faible
5,1,3,4.0,0.8696500000551551,0.7130525809601425,0,0.0,5,serveur_app,23.2,élevé
5,2,2,3.5,0.7366568814021468,0.7130525809601425,0,0.0,5,base_donnees,13.9,moyen
4,0,0,0.0,0.0,0.7130525809601425,0,0.0,5,donnees_sensibles,0.0,faible
3,0,0,0.0,0.0,0.7130525809601425,0,0.0,5,sauvegardes,0.0,faible
4,1,9,3.5555555555555554,0.7079640079664642,0.7130525809601425,0,0.0,5,vpn,33.1,élevé
3,1,8,3.625,1.0,0.7130525809601425,0,0.0,5,routeur,38.3,critique
2,3,7,3.857142857142857,0.7262791210116871,0.7130525809601425,0,0.0,5,switch,32.6,élevé
1,2,7,4.0,0.4585586710102112,0.7130525809601425,0,0.0,5,postes,23.4,élevé
4,0,0,0.0,0.0,0.7130525809601425,0,0.0,5,serveur_rh,0.0,faible
5,4,5,4.2,0.7350326827393117,0.7130525809601425,0,0.0,5,compte_admin,42.1,critique
1,1,12,3.5833333333333335,0.857173157460609,0.39024479734523476,3,0.8823529411764706,5,internet,12.6,moyen
4,2,11,3.5454545454545454,0.31802216261870075,0.39024479734523476,3,0.8823529411764706,5,pare_feu,5.8,faible
3,0,0,0.0,0.0,0.39024479734523476,3,0.8823529411764706,5,serveur_web,0.0,faible
5,1,3,4.0,0.43482500002757757,0.39024479734523476,3,0.8823529411764706,5,serveur_app,10.8,moyen
5,2,2,3.5,0.6183284407010734,0.39024479734523476,3,0.8823529411764706,5,base_donnees,12.1,moyen
4,0,0,0.0,0.0,0.39024479734523476,3,0.8823529411764706,5,donnees_sensibles,0.0,faible
3,0,0,0.0,0.0,0.39024479734523476,3,0.8823529411764706,5,sauvegardes,0.0,faible
4,1,9,3.5555555555555554,0.2831856031865857,0.39024479734523476,3,0.8823529411764706,5,vpn,4.5,faible
3,1,8,3.625,0.5,0.39024479734523476,3,0.8823529411764706,5,routeur,8.2,faible
2,3,7,3.857142857142857,0.36313956050584356,0.39024479734523476,3,0.8823529411764706,5,switch,11.3,moyen
1,2,7,4.0,0.2104028068271202,0.39024479734523476,3,0.8823529411764706,5,postes,6.3,faible
4,0,0,0.0,0.0,0.39024479734523476,3,0.8823529411764706,5,serveur_rh,0.0,faible
5,4,5,4.2,0.2940130730957247,0.39024479734523476,3,0.8823529411764706,5,compte_admin,16.9,moyen
1,1,12,3.5833333333333335,0.857173157460609,0.6936453667921267,1,0.058823529411764705,5,internet,23.1,élevé
4,2,11,3.5454545454545454,0.42389243558345135,0.6936453667921267,1,0.058823529411764705,5,pare_feu,18.9,moyen
3,0,0,0.0,0.0,0.6936453667921267,1,0.058823529411764705,5,serveur_web,0.0,faible
5,1,3,4.0,0.8696500000551551,0.6936453667921267,1,0.058823529411764705,5,serveur_app,23.2,élevé
5,2,2,3.5,0.7366568814021468,0.6936453667921267,1,0.058823529411764705,5,base_donnees,13.9,moyen
4,0,0,0.0,0.0,0.6936453667921267,1,0.058823529411764705,5,donnees_sensibles,0.0,faible
3,0,0,0.0,0.0,0.6936453667921267,1,0.058823529411764705,5,sauvegardes,0.0,faible
4,1,9,3.5555555555555554,0.7079640079664642,0.6936453667921267,1,0.058823529411764705,5,vpn,33.1,élevé
3,1,8,3.625,1.0,0.6936453667921267,1,0.058823529411764705,5,routeur,38.3,critique
2,3,7,3.857142857142857,0.7262791210116871,0.6936453667921267,1,0.058823529411764705,5,switch,32.6,élevé
1,2,7,4.0,0.4585586710102112,0.6936453667921267,1,0.058823529411764705,5,postes,23.4,élevé
4,0,0,0.0,0.0,0.6936453667921267,1,0.058823529411764705,5,serveur_rh,0.0,faible
5,4,5,4.2,0.7350326827393117,0.6936453667921267,1,0.058823529411764705,5,compte_admin,42.1,critique
1,1,7,3.2857142857142856,1.0,0.6030238938866971,2,0.375,6,internet,19.5,moyen
4,2,6,3.1666666666666665,0.3861567565157591,0.6030238938866971,2,0.375,6,pare_feu,11.1,moyen
3,1,1,4.0,0.5418547443665379,0.6030238938866971,2,0.375,6,serveur_web,5.2,faible
4,0,0,0.0,0.0,0.6030238938866971,2,0.375,6,serveur_app,0.0,faible
4,2,2,5.0,0.533552211188837,0.6030238938866971,2,0.375,6,base_donnees,13.0,moyen
5,0,0,0.0,0.0,0.6030238938866971,2,0.375,6,donnees_sensibles,0.0,faible
5,0,0,0.0,0.0,0.6030238938866971,2,0.375,6,sauvegardes,0.0,faible
3,1,4,3.25,0.6155099763340787,0.6030238938866971,2,0.375,6,vpn,10.8,moyen
3,1,3,3.3333333333333335,0.7326425382312398,0.6030238938866971,2,0.375,6,routeur,10.3,moyen
2,2,2,4.0,0.4905385359565688,0.6030238938866971,2,0.375,6,switch,9.1,faible
2,2,7,4.142857142857143,0.46710743667033294,0.6030238938866971,2,0.375,6,postes,17.2,moyen
4,0,0,0.0,0.0,0.6030238938866971,2,0.375,6,serveur_rh,0.0,faible
5,4,5,4.4,0.7509162906480752,0.6030238938866971,2,0.375,6,compte_admin,35.6,critique
1,1,7,3.2857142857142856,1.0,0.4012725719606209,2,0.8125,6,internet,16.9,moyen
4,2,6,3.1666666666666665,0.37229704021212523,0.4012725719606209,2,0.8125,6,pare_feu,8.4,faible
3,1,1,4.0,0.4515456203054483,0.4012725719606209,2,0.8125,6,serveur_web,4.3,faible
4,0,0,0.0,0.0,0.4012725719606209,2,0.8125,6,serveur_app,0.0,faible
4,2,2,5.0,0.5526109697019008,0.4012725719606209,2,0.8125,6,base_donnees,13.5,moyen
5,0,0,0.0,0.0,0.4012725719606209,2,0.8125,6,donnees_sensibles,0.0,faible
5,0,0,0.0,0.0,0.4012725719606209,2,0.8125,6,sauvegardes,0.0,faible
3,1,4,3.25,0.24620399053363148,0.4012725719606209,2,0.8125,6,vpn,2.7,faible
3,1,3,3.3333333333333335,0.3663212691156199,0.4012725719606209,2,0.8125,6,routeur,4.0,faible
2,2,2,4.0,0.316105922618081,0.4012725719606209,2,0.8125,6,switch,5.9,faible
2,2,7,4.142857142857143,0.25639817065705006,0.4012725719606209,2,0.8125,6,postes,7.6,faible
4,0,0,0.0,0.0,0.4012725719606209,2,0.8125,6,serveur_rh,0.0,faible
5,4,5,4.4,0.3403665162592301,0.4012725719606209,2,0.8125,6,compte_admin,18.5,moyen
1,1,7,3.2857142857142856,1.0,0.4409611516727203,3,0.6875,6,internet,14.8,moyen
4,2,6,3.1666666666666665,0.25764738884064015,0.4409611516727203,3,0.6875,6,pare_feu,6.2,faible
3,1,1,4.0,0.5418547443665379,0.4409611516727203,3,0.6875,6,serveur_web,5.2,faible
4,0,0,0.0,0.0,0.4409611516727203,3,0.6875,6,serveur_app,0.0,faible
4,2,2,5.0,0.533552211188837,0.4409611516727203,3,0.6875,6,base_donnees,13.0,moyen
5,0,0,0.0,0.0,0.4409611516727203,3,0.6875,6,donnees_sensibles,0.0,faible
5,0,0,0.0,0.0,0.4409611516727203,3,0.6875,6,sauvegardes,0.0,faible
3,1,4,3.25,0.24620399053363148,0.4409611516727203,3,0.6875,6,vpn,4.3,faible
3,1,3,3.3333333333333335,0.7326425382312398,0.4409611516727203,3,0.6875,6,routeur,10.3,moyen
2,2,2,4.0,0.4905385359565688,0.4409611516727203,3,0.6875,6,switch,9.1,faible
2,2,7,4.142857142857143,0.3848674083115519,0.4409611516727203,3,0.6875,6,postes,11.2,moyen
4,0,0,0.0,0.0,0.4409611516727203,3,0.6875,6,serveur_rh,0.0,faible
5,4,5,4.4,0.30036651625923005,0.4409611516727203,3,0.6875,6,compte_admin,14.3,moyen
1,1,7,3.2857142857142856,1.0,0.33181247672952047,4,0.9375,6,internet,13.8,moyen
4,2,6,3.1666666666666665,0.25764738884064015,0.33181247672952047,4,0.9375,6,pare_feu,5.1,faible
3,1,1,4.0,0.27092737218326896,0.33181247672952047,4,0.9375,6,serveur_web,2.6,faible
4,0,0,0.0,0.0,0.33181247672952047,4,0.9375,6,serveur_app,0.0,faible
4,2,2,5.0,0.3892767616404823,0.33181247672952047,4,0.9375,6,base_donnees,9.5,faible
5,0,0,0.0,0.0,0.33181247672952047,4,0.9375,6,donnees_sensibles,0.0,faible
5,0,0,0.0,0.0,0.33181247672952047,4,0.9375,6,sauvegardes,0.0,faible
3,1,4,3.25,0.24620399053363148,0.33181247672952047,4,0.9375,6,vpn,2.6,faible
3,1,3,3.3333333333333335,0.3663212691156199,0.33181247672952047,4,0.9375,6,routeur,3.5,faible
2,2,2,4.0,0.2452692679782844,0.33181247672952047,4,0.9375,6,switch,4.6,faible
2,2,7,4.142857142857143,0.2198470469420363,0.33181247672952047,4,0.9375,6,postes,5.1,faible
4,0,0,0.0,0.0,0.33181247672952047,4,0.9375,6,serveur_rh,0.0,faible
5,4,5,4.4,0.30036651625923005,0.33181247672952047,4,0.9375,6,compte_admin,14.3,moyen
1,1,12,3.9166666666666665,1.0,0.4806419392373673,3,0.6470588235294118,7,internet,18.7,moyen
4,2,11,3.909090909090909,0.4098034971953337,0.4806419392373673,3,0.6470588235294118,7,pare_feu,10.8,moyen
4,0,0,0.0,0.0,0.4806419392373673,3,0.6470588235294118,7,serveur_web,0.0,faible
4,1,3,5.0,0.22402052060564567,0.4806419392373673,3,0.6470588235294118,7,serveur_app,4.7,faible
5,2,2,5.0,0.419587800224413,0.4806419392373673,3,0.6470588235294118,7,base_donnees,9.8,faible
5,0,0,0.0,0.0,0.4806419392373673,3,0.6470588235294118,7,donnees_sensibles,0.0,faible
5,0,0,0.0,0.0,0.4806419392373673,3,0.6470588235294118,7,sauvegardes,0.0,faible
3,1,9,4.0,0.7443096643485206,0.4806419392373673,3,0.6470588235294118,7,vpn,10.6,moyen
4,1,8,4.0,0.3548442631746505,0.4806419392373673,3,0.6470588235294118,7,routeur,5.6,faible
3,3,7,4.142857142857143,0.32213159547203035,0.4806419392373673,3,0.6470588235294118,7,switch,8.6,faible
1,2,7,4.428571428571429,0.3070781491214133,0.4806419392373673,3,0.6470588235294118,7,postes,12.2,moyen
4,0,0,0.0,0.0,0.4806419392373673,3,0.6470588235294118,7,serveur_rh,0.0,faible
5,4,5,4.6,0.652101209852004,0.4806419392373673,3,0.6470588235294118,7,compte_admin,29.0,élevé
1,1,12,3.9166666666666665,1.0,0.6938628680891089,1,0.058823529411764705,7,internet,24.1,élevé
4,2,11,3.909090909090909,0.4098034971953337,0.6938628680891089,1,0.058823529411764705,7,pare_feu,16.7,moyen
4,0,0,0.0,0.0,0.6938628680891089,1,0.058823529411764705,7,serveur_web,0.0,faible
4,1,3,5.0,0.7467350686854856,0.6938628680891089,1,0.058823529411764705,7,serveur_app,21.2,élevé
5,2,2,5.0,0.7515831273563013,0.6938628680891089,1,0.058823529411764705,7,base_donnees,17.5,moyen
5,0,0,0.0,0.0,0.6938628680891089,1,0.058823529411764705,7,donnees_sensibles,0.0,faible
5,0,0,0.0,0.0,0.6938628680891089,1,0.058823529411764705,7,sauvegardes,0.0,faible
3,1,9,4.0,0.7443096643485206,0.6938628680891089,1,0.058823529411764705,7,vpn,25.2,élevé
4,1,8,4.0,0.709688526349301,0.6938628680891089,1,0.058823529411764705,7,routeur,25.5,élevé
3,3,7,4.142857142857143,0.7591825757859465,0.6938628680891089,1,0.058823529411764705,7,switch,28.4,élevé
1,2,7,4.428571428571429,0.5694544156090289,0.6938628680891089,1,0.058823529411764705,7,postes,26.2,élevé
4,0,0,0.0,0.0,0.6938628680891089,1,0.058823529411764705,7,serveur_rh,0.0,faible
5,4,5,4.6,0.7139264226130945,0.6938628680891089,1,0.058823529411764705,7,compte_admin,35.9,critique
1,1,12,3.9166666666666665,1.0,0.3556137830141197,3,0.8823529411764706,7,internet,16.2,moyen
4,2,11,3.909090909090909,0.43334190916552606,0.3556137830141197,3,0.8823529411764706,7,pare_feu,8.2,faible
4,0,0,0.0,0.0,0.3556137830141197,3,0.8823529411764706,7,serveur_web,0.0,faible
4,1,3,5.0,0.22402052060564567,0.3556137830141197,3,0.8823529411764706,7,serveur_app,4.7,faible
5,2,2,5.0,0.419587800224413,0.3556137830141197,3,0.8823529411764706,7,base_donnees,9.8,faible
5,0,0,0.0,0.0,0.3556137830141197,3,0.8823529411764706,7,donnees_sensibles,0.0,faible
5,0,0,0.0,0.0,0.3556137830141197,3,0.8823529411764706,7,sauvegardes,0.0,faible
3,1,9,4.0,0.2977238657394083,0.3556137830141197,3,0.8823529411764706,7,vpn,4.1,faible
4,1,8,4.0,0.3548442631746505,0.3556137830141197,3,0.8823529411764706,7,routeur,4.9,faible
3,3,7,4.142857142857143,0.32213159547203035,0.3556137830141197,3,0.8823529411764706,7,switch,6.8,faible
1,2,7,4.428571428571429,0.22661476038057743,0.3556137830141197,3,0.8823529411764706,7,postes,5.3,faible
4,0,0,0.0,0.0,0.3556137830141197,3,0.8823529411764706,7,serveur_rh,0.0,faible
5,4,5,4.6,0.2608404839408016,0.3556137830141197,3,0.8823529411764706,7,compte_admin,11.6,moyen
1,1,12,3.9166666666666665,1.0,0.33893139847620063,4,0.9411764705882353,7,internet,13.7,moyen
4,2,11,3.909090909090909,0.2915416405932142,0.33893139847620063,4,0.9411764705882353,7,pare_feu,5.6,faible
4,0,0,0.0,0.0,0.33893139847620063,4,0.9411764705882353,7,serveur_web,0.0,faible
4,1,3,5.0,0.22402052060564567,0.33893139847620063,4,0.9411764705882353,7,serveur_app,4.7,faible
5,2,2,5.0,0.419587800224413,0.33893139847620063,4,0.9411764705882353,7,base_donnees,9.8,faible
5,0,0,0.0,0.0,0.33893139847620063,4,0.9411764705882353,7,donnees_sensibles,0.0,faible
5,0,0,0.0,0.0,0.33893139847620063,4,0.9411764705882353,7,sauvegardes,0.0,faible
3,1,9,4.0,0.2977238657394083,0.33893139847620063,4,0.9411764705882353,7,vpn,4.1,faible
4,1,8,4.0,0.3548442631746505,0.33893139847620063,4,0.9411764705882353,7,routeur,4.9,faible
3,3,7,4.142857142857143,0.32213159547203035,0.33893139847620063,4,0.9411764705882353,7,switch,6.8,faible
1,2,7,4.428571428571429,0.22661476038057743,0.33893139847620063,4,0.9411764705882353,7,postes,5.3,faible
4,0,0,0.0,0.0,0.33893139847620063,4,0.9411764705882353,7,serveur_rh,0.0,faible
5,4,5,4.6,0.2608404839408016,0.33893139847620063,4,0.9411764705882353,7,compte_admin,11.6,moyen
2,1,12,3.6666666666666665,0.7385373104283268,0.7003590138301506,0,0.0,8,internet,34.7,élevé
3,2,11,3.727272727272727,0.6162518321481012,0.7003590138301506,0,0.0,8,pare_feu,41.1,critique
3,1,4,4.5,0.8700321609028743,0.7003590138301506,0,0.0,8,serveur_web,26.6,élevé
4,1,3,4.666666666666667,0.7821196543291467,0.7003590138301506,0,0.0,8,serveur_app,21.8,élevé
5,2,2,4.5,0.7110612950451187,0.7003590138301506,0,0.0,8,base_donnees,16.3,moyen
5,0,0,0.0,0.0,0.7003590138301506,0,0.0,8,donnees_sensibles,0.0,faible
4,0,0,0.0,0.0,0.7003590138301506,0,0.0,8,sauvegardes,0.0,faible
2,1,9,4.0,0.9216680600285052,0.7003590138301506,0,0.0,8,vpn,39.2,critique
3,1,8,4.125,1.0,0.7003590138301506,0,0.0,8,routeur,36.5,critique
3,3,7,4.285714285714286,0.7197308592472508,0.7003590138301506,0,0.0,8,switch,29.5,élevé
2,2,7,4.428571428571429,0.45507353533806516,0.7003590138301506,0,0.0,8,postes,21.2,élevé
5,0,0,0.0,0.0,0.7003590138301506,0,0.0,8,serveur_rh,0.0,faible
5,4,5,4.6,0.6425347901123843,0.7003590138301506,0,0.0,8,compte_admin,37.0,critique
2,1,12,3.6666666666666665,0.7385373104283268,0.7003590138301506,0,0.0,8,internet,34.7,élevé
3,2,11,3.727272727272727,0.6162518321481012,0.7003590138301506,0,0.0,8,pare_feu,41.1,critique
3,1,4,4.5,0.8700321609028743,0.7003590138301506,0,0.0,8,serveur_web,26.6,élevé
4,1,3,4.666666666666667,0.7821196543291467,0.7003590138301506,0,0.0,8,serveur_app,21.8,élevé
5,2,2,4.5,0.7110612950451187,0.7003590138301506,0,0.0,8,base_donnees,16.3,moyen
5,0,0,0.0,0.0,0.7003590138301506,0,0.0,8,donnees_sensibles,0.0,faible
4,0,0,0.0,0.0,0.7003590138301506,0,0.0,8,sauvegardes,0.0,faible
2,1,9,4.0,0.9216680600285052,0.7003590138301506,0,0.0,8,vpn,39.2,critique
3,1,8,4.125,1.0,0.7003590138301506,0,0.0,8,routeur,36.5,critique
3,3,7,4.285714285714286,0.7197308592472508,0.7003590138301506,0,0.0,8,switch,29.5,élevé
2,2,7,4.428571428571429,0.45507353533806516,0.7003590138301506,0,0.0,8,postes,21.2,élevé
5,0,0,0.0,0.0,0.7003590138301506,0,0.0,8,serveur_rh,0.0,faible
5,4,5,4.6,0.6425347901123843,0.7003590138301506,0,0.0,8,compte_admin,37.0,critique
2,1,12,3.6666666666666665,0.7385373104283268,0.37008090737984306,3,0.8888888888888888,8,internet,10.5,moyen
3,2,11,3.727272727272727,0.3285460676034284,0.37008090737984306,3,0.8888888888888888,8,pare_feu,7.5,faible
3,1,4,4.5,0.26100964827086226,0.37008090737984306,3,0.8888888888888888,8,serveur_web,5.0,faible
4,1,3,4.666666666666667,0.3910598271645733,0.37008090737984306,3,0.8888888888888888,8,serveur_app,10.1,moyen
5,2,2,4.5,0.6055306475225594,0.37008090737984306,3,0.8888888888888888,8,base_donnees,14.3,moyen
5,0,0,0.0,0.0,0.37008090737984306,3,0.8888888888888888,8,donnees_sensibles,0.0,faible
4,0,0,0.0,0.0,0.37008090737984306,3,0.8888888888888888,8,sauvegardes,0.0,faible
2,1,9,4.0,0.3686672240114021,0.37008090737984306,3,0.8888888888888888,8,vpn,5.8,faible
3,1,8,4.125,0.5,0.37008090737984306,3,0.8888888888888888,8,routeur,9.2,faible
3,3,7,4.285714285714286,0.3598654296236254,0.37008090737984306,3,0.8888888888888888,8,switch,11.3,moyen
2,2,7,4.428571428571429,0.213188469829672,0.37008090737984306,3,0.8888888888888888,8,postes,6.2,faible
5,0,0,0.0,0.0,0.37008090737984306,3,0.8888888888888888,8,serveur_rh,0.0,faible
5,4,5,4.6,0.2570139160449537,0.37008090737984306,3,0.8888888888888888,8,compte_admin,14.3,moyen
2,1,12,3.6666666666666665,0.7385373104283268,0.7003590138301506,0,0.0,8,internet,34.7,élevé
3,2,11,3.727272727272727,0.6162518321481012,0.7003590138301506,0,0.0,8,pare_feu,41.1,critique
3,1,4,4.5,0.8700321609028743,0.7003590138301506,0,0.0,8,serveur_web,26.6,élevé
4,1,3,4.666666666666667,0.7821196543291467,0.7003590138301506,0,0.0,8,serveur_app,21.8,élevé
5,2,2,4.5,0.7110612950451187,0.7003590138301506,0,0.0,8,base_donnees,16.3,moyen
5,0,0,0.0,0.0,0.7003590138301506,0,0.0,8,donnees_sensibles,0.0,faible
4,0,0,0.0,0.0,0.7003590138301506,0,0.0,8,sauvegardes,0.0,faible
2,1,9,4.0,0.9216680600285052,0.7003590138301506,0,0.0,8,vpn,39.2,critique
3,1,8,4.125,1.0,0.7003590138301506,0,0.0,8,routeur,36.5,critique
3,3,7,4.285714285714286,0.7197308592472508,0.7003590138301506,0,0.0,8,switch,29.5,élevé
2,2,7,4.428571428571429,0.45507353533806516,0.7003590138301506,0,0.0,8,postes,21.2,élevé
5,0,0,0.0,0.0,0.7003590138301506,0,0.0,8,serveur_rh,0.0,faible
5,4,5,4.6,0.6425347901123843,0.7003590138301506,0,0.0,8,compte_admin,37.0,critique
1,0,0,0.0,0.0,0.7044177237649275,0,0.0,9,internet,0.0,faible
5,2,11,3.8181818181818183,0.7725216139874813,0.7044177237649275,0,0.0,9,pare_feu,47.6,critique
3,1,4,4.5,0.7637369552024335,0.7044177237649275,0,0.0,9,serveur_web,22.0,élevé
4,1,3,4.666666666666667,0.8888369277407152,0.7044177237649275,0,0.0,9,serveur_app,20.3,élevé
5,2,2,4.5,0.5532223801538468,0.7044177237649275,0,0.0,9,base_donnees,11.8,moyen
5,0,0,0.0,0.0,0.7044177237649275,0,0.0,9,donnees_sensibles,0.0,faible
4,0,0,0.0,0.0,0.7044177237649275,0,0.0,9,sauvegardes,0.0,faible
4,1,9,3.888888888888889,0.8307053993264092,0.7044177237649275,0,0.0,9,vpn,37.1,critique
3,1,8,4.0,1.0,0.7044177237649275,0,0.0,9,routeur,37.0,critique
4,3,7,4.0,0.7068417545110529,0.7044177237649275,0,0.0,9,switch,28.8,élevé
2,2,7,4.285714285714286,0.47587548116710077,0.7044177237649275,0,0.0,9,postes,23.5,élevé
3,0,0,0.0,0.0,0.7044177237649275,0,0.0,9,serveur_rh,0.0,faible
5,3,4,4.25,0.6878800279397549,0.7044177237649275,0,0.0,9,compte_admin,26.6,élevé
1,0,0,0.0,0.0,0.49370778160205203,2,0.5625,9,internet,0.0,faible
5,2,11,3.8181818181818183,0.6090086455949926,0.49370778160205203,2,0.5625,9,pare_feu,26.1,élevé
3,1,4,4.5,0.7637369552024335,0.49370778160205203,2,0.5625,9,serveur_web,14.7,moyen
4,1,3,4.666666666666667,0.5333021566444291,0.49370778160205203,2,0.5625,9,serveur_app,10.6,moyen
5,2,2,4.5,0.42502133828325095,0.49370778160205203,2,0.5625,9,base_donnees,8.8,faible
5,0,0,0.0,0.0,0.49370778160205203,2,0.5625,9,donnees_sensibles,0.0,faible
4,0,0,0.0,0.0,0.49370778160205203,2,0.5625,9,sauvegardes,0.0,faible
4,1,9,3.888888888888889,0.3322821597305637,0.49370778160205203,2,0.5625,9,vpn,11.6,moyen
3,1,8,4.0,1.0,0.49370778160205203,2,0.5625,9,routeur,27.4,élevé
4,3,7,4.0,0.5996245846682237,0.49370778160205203,2,0.5625,9,switch,18.9,moyen
2,2,7,4.285714285714286,0.3596168751983271,0.49370778160205203,2,0.5625,9,postes,15.7,moyen
3,0,0,0.0,0.0,0.49370778160205203,2,0.5625,9,serveur_rh,0.0,faible
5,3,4,4.25,0.22794525396586485,0.49370778160205203,2,0.5625,9,compte_admin,7.3,faible
1,0,0,0.0,0.0,0.7044177237649275,0,0.0,9,internet,0.0,faible
5,2,11,3.8181818181818183,0.7725216139874813,0.7044177237649275,0,0.0,9,pare_feu,47.6,critique
3,1,4,4.5,0.7637369552024335,0.7044177237649275,0,0.0,9,serveur_web,22.0,élevé
4,1,3,4.666666666666667,0.8888369277407152,0.7044177237649275,0,0.0,9,serveur_app,20.3,élevé
5,2,2,4.5,0.5532223801538468,0.7044177237649275,0,0.0,9,base_donnees,11.8,moyen
5,0,0,0.0,0.0,0.7044177237649275,0,0.0,9,donnees_sensibles,0.0,faible
4,0,0,0.0,0.0,0.7044177237649275,0,0.0,9,sauvegardes,0.0,faible
4,1,9,3.888888888888889,0.8307053993264092,0.7044177237649275,0,0.0,9,vpn,37.1,critique
3,1,8,4.0,1.0,0.7044177237649275,0,0.0,9,routeur,37.0,critique
4,3,7,4.0,0.7068417545110529,0.7044177237649275,0,0.0,9,switch,28.8,élevé
2,2,7,4.285714285714286,0.47587548116710077,0.7044177237649275,0,0.0,9,postes,23.5,élevé
3,0,0,0.0,0.0,0.7044177237649275,0,0.0,9,serveur_rh,0.0,faible
5,3,4,4.25,0.6878800279397549,0.7044177237649275,0,0.0,9,compte_admin,26.6,élevé
1,0,0,0.0,0.0,0.5721982671718432,2,0.4375,9,internet,0.0,faible
5,2,11,3.8181818181818183,0.5725216139874812,0.5721982671718432,2,0.4375,9,pare_feu,25.9,élevé
3,1,4,4.5,0.45824217312146004,0.5721982671718432,2,0.4375,9,serveur_web,8.8,faible
4,1,3,4.666666666666667,0.5333021566444291,0.5721982671718432,2,0.4375,9,serveur_app,10.6,moyen
5,2,2,4.5,0.42502133828325095,0.5721982671718432,2,0.4375,9,base_donnees,8.8,faible
5,0,0,0.0,0.0,0.5721982671718432,2,0.4375,9,donnees_sensibles,0.0,faible
4,0,0,0.0,0.0,0.5721982671718432,2,0.4375,9,sauvegardes,0.0,faible
4,1,9,3.888888888888889,0.8307053993264092,0.5721982671718432,2,0.4375,9,vpn,29.7,élevé
3,1,8,4.0,1.0,0.5721982671718432,2,0.4375,9,routeur,28.3,élevé
4,3,7,4.0,0.5996245846682237,0.5721982671718432,2,0.4375,9,switch,19.8,moyen
2,2,7,4.285714285714286,0.41468674118353566,0.5721982671718432,2,0.4375,9,postes,17.1,moyen
3,0,0,0.0,0.0,0.5721982671718432,2,0.4375,9,serveur_rh,0.0,faible
5,3,4,4.25,0.5698631349146621,0.5721982671718432,2,0.4375,9,compte_admin,18.3,moyen
1,1,12,3.75,1.0,0.7033831481616386,0,0.0,10,internet,45.9,critique
3,2,11,3.8181818181818183,0.7214924380961009,0.7033831481616386,0,0.0,10,pare_feu,41.1,critique
3,1,4,4.0,0.7970310100081514,0.7033831481616386,0,0.0,10,serveur_web,21.1,élevé
3,1,3,4.333333333333333,0.8477195272081194,0.7033831481616386,0,0.0,10,serveur_app,19.5,moyen
5,2,2,4.0,0.592294401529404,0.7033831481616386,0,0.0,10,base_donnees,12.0,moyen
5,0,0,0.0,0.0,0.7033831481616386,0,0.0,10,donnees_sensibles,0.0,faible
3,0,0,0.0,0.0,0.7033831481616386,0,0.0,10,sauvegardes,0.0,faible
4,1,9,3.888888888888889,0.85295921803065,0.7033831481616386,0,0.0,10,vpn,29.5,élevé
3,1,8,4.0,0.6454979987958483,0.7033831481616386,0,0.0,10,routeur,26.8,élevé
4,3,7,4.0,0.7224597022201406,0.7033831481616386,0,0.0,10,switch,33.0,élevé
2,2,7,4.285714285714286,0.47150006940488765,0.7033831481616386,0,0.0,10,postes,25.0,élevé
5,0,0,0.0,0.0,0.7033831481616386,0,0.0,10,serveur_rh,0.0,faible
5,3,4,4.5,0.6921176133279602,0.7033831481616386,0,0.0,10,compte_admin,26.9,élevé
1,1,12,3.75,1.0,0.7033831481616386,0,0.0,10,internet,45.9,critique
3,2,11,3.8181818181818183,0.7214924380961009,0.7033831481616386,0,0.0,10,pare_feu,41.1,critique
3,1,4,4.0,0.7970310100081514,0.7033831481616386,0,0.0,10,serveur_web,21.1,élevé
3,1,3,4.333333333333333,0.8477195272081194,0.7033831481616386,0,0.0,10,serveur_app,19.5,moyen
5,2,2,4.0,0.592294401529404,0.7033831481616386,0,0.0,10,base_donnees,12.0,moyen
5,0,0,0.0,0.0,0.7033831481616386,0,0.0,10,donnees_sensibles,0.0,faible
3,0,0,0.0,0.0,0.7033831481616386,0,0.0,10,sauvegardes,0.0,faible
4,1,9,3.888888888888889,0.85295921803065,0.7033831481616386,0,0.0,10,vpn,29.5,élevé
3,1,8,4.0,0.6454979987958483,0.7033831481616386,0,0.0,10,routeur,26.8,élevé
4,3,7,4.0,0.7224597022201406,0.7033831481616386,0,0.0,10,switch,33.0,élevé
2,2,7,4.285714285714286,0.47150006940488765,0.7033831481616386,0,0.0,10,postes,25.0,élevé
5,0,0,0.0,0.0,0.7033831481616386,0,0.0,10,serveur_rh,0.0,faible
5,3,4,4.5,0.6921176133279602,0.7033831481616386,0,0.0,10,compte_admin,26.9,élevé
1,1,12,3.75,1.0,0.5081103521194437,2,0.5294117647058824,10,internet,22.0,élevé
3,2,11,3.8181818181818183,0.5319053130906523,0.5081103521194437,2,0.5294117647058824,10,pare_feu,16.0,moyen
3,1,4,4.0,0.2391093030024454,0.5081103521194437,2,0.5294117647058824,10,serveur_web,3.8,faible
3,1,3,4.333333333333333,0.4238597636040597,0.5081103521194437,2,0.5294117647058824,10,serveur_app,9.0,faible
5,2,2,4.0,0.4653466920022181,0.5081103521194437,2,0.5294117647058824,10,base_donnees,10.1,moyen
5,0,0,0.0,0.0,0.5081103521194437,2,0.5294117647058824,10,donnees_sensibles,0.0,faible
3,0,0,0.0,0.0,0.5081103521194437,2,0.5294117647058824,10,sauvegardes,0.0,faible
4,1,9,3.888888888888889,0.85295921803065,0.5081103521194437,2,0.5294117647058824,10,vpn,12.5,moyen
3,1,8,4.0,0.3227489993979242,0.5081103521194437,2,0.5294117647058824,10,routeur,7.3,faible
4,3,7,4.0,0.3612298511100703,0.5081103521194437,2,0.5294117647058824,10,switch,13.6,moyen
2,2,7,4.285714285714286,0.3223261492478149,0.5081103521194437,2,0.5294117647058824,10,postes,15.9,moyen
5,0,0,0.0,0.0,0.5081103521194437,2,0.5294117647058824,10,serveur_rh,0.0,faible
5,3,4,4.5,0.6921176133279602,0.5081103521194437,2,0.5294117647058824,10,compte_admin,26.9,élevé
1,1,12,3.75,1.0,0.6258065419981723,1,0.29411764705882354,10,internet,37.8,critique
3,2,11,3.8181818181818183,0.7214924380961009,0.6258065419981723,1,0.29411764705882354,10,pare_feu,32.6,élevé
3,1,4,4.0,0.7970310100081514,0.6258065419981723,1,0.29411764705882354,10,serveur_web,13.6,moyen
3,1,3,4.333333333333333,0.5086317163248716,0.6258065419981723,1,0.29411764705882354,10,serveur_app,10.1,moyen
5,2,2,4.0,0.4569348085393913,0.6258065419981723,1,0.29411764705882354,10,base_donnees,8.7,faible
5,0,0,0.0,0.0,0.6258065419981723,1,0.29411764705882354,10,donnees_sensibles,0.0,faible
3,0,0,0.0,0.0,0.6258065419981723,1,0.29411764705882354,10,sauvegardes,0.0,faible
4,1,9,3.888888888888889,0.85295921803065,0.6258065419981723,1,0.29411764705882354,10,vpn,23.4,élevé
3,1,8,4.0,0.6454979987958483,0.6258065419981723,1,0.29411764705882354,10,routeur,19.8,moyen
4,3,7,4.0,0.6124477569044339,0.6258065419981723,1,0.29411764705882354,10,switch,21.9,élevé
2,2,7,4.285714285714286,0.40223917776859075,0.6258065419981723,1,0.29411764705882354,10,postes,17.6,moyen
5,0,0,0.0,0.0,0.6258065419981723,1,0.29411764705882354,10,serveur_rh,0.0,faible
5,3,4,4.5,0.6119717170959801,0.6258065419981723,1,0.29411764705882354,10,compte_admin,20.8,élevé
1,1,10,4.0,1.0,0.7398623742493261,0,0.0,11,internet,47.5,critique
5,2,9,3.888888888888889,0.731429951020075,0.7398623742493261,0,0.0,11,pare_feu,40.3,critique
3,1,4,5.0,0.7376265005035321,0.7398623742493261,0,0.0,11,serveur_web,23.7,élevé
5,1,3,5.0,0.7406521110151667,0.7398623742493261,0,0.0,11,serveur_app,22.0,élevé
5,2,2,5.0,0.7749585924468896,0.7398623742493261,0,0.0,11,base_donnees,18.0,moyen
5,0,0,0.0,0.0,0.7398623742493261,0,0.0,11,donnees_sensibles,0.0,faible
5,0,0,0.0,0.0,0.7398623742493261,0,0.0,11,sauvegardes,0.0,faible
3,1,7,4.142857142857143,0.8998488731412952,0.7398623742493261,0,0.0,11,vpn,24.3,élevé
3,1,6,4.333333333333333,0.6545784785309379,0.7398623742493261,0,0.0,11,routeur,20.3,élevé
3,2,5,4.6,0.7311776454757936,0.7398623742493261,0,0.0,11,switch,24.4,élevé
2,2,7,4.428571428571429,0.45533565656980823,0.7398623742493261,0,0.0,11,postes,23.5,élevé
3,0,0,0.0,0.0,0.7398623742493261,0,0.0,11,serveur_rh,0.0,faible
5,4,5,4.6,0.7897876770056196,0.7398623742493261,0,0.0,11,compte_admin,46.0,critique
1,1,10,4.0,1.0,0.5994842218309584,1,0.4117647058823529,11,internet,31.3,élevé
5,2,9,3.888888888888889,0.731429951020075,0.5994842218309584,1,0.4117647058823529,11,pare_feu,22.5,élevé
3,1,4,5.0,0.36881325025176603,0.5994842218309584,1,0.4117647058823529,11,serveur_web,7.6,faible
5,1,3,5.0,0.37032605550758335,0.5994842218309584,1,0.4117647058823529,11,serveur_app,9.8,faible
5,2,2,5.0,0.6374792962234448,0.5994842218309584,1,0.4117647058823529,11,base_donnees,14.8,moyen
5,0,0,0.0,0.0,0.5994842218309584,1,0.4117647058823529,11,donnees_sensibles,0.0,faible
5,0,0,0.0,0.0,0.5994842218309584,1,0.4117647058823529,11,sauvegardes,0.0,faible
3,1,7,4.142857142857143,0.8998488731412952,0.5994842218309584,1,0.4117647058823529,11,vpn,10.6,moyen
3,1,6,4.333333333333333,0.32728923926546893,0.5994842218309584,1,0.4117647058823529,11,routeur,5.1,faible
3,2,5,4.6,0.3655888227378968,0.5994842218309584,1,0.4117647058823529,11,switch,8.9,faible
2,2,7,4.428571428571429,0.2984037524874346,0.5994842218309584,1,0.4117647058823529,11,postes,17.3,moyen
3,0,0,0.0,0.0,0.5994842218309584,1,0.4117647058823529,11,serveur_rh,0.0,faible
5,4,5,4.6,0.7897876770056196,0.5994842218309584,1,0.4117647058823529,11,compte_admin,46.0,critique
1,1,10,4.0,1.0,0.34166913663995047,4,0.9411764705882353,11,internet,18.0,moyen
5,2,9,3.888888888888889,0.38169983100677646,0.34166913663995047,4,0.9411764705882353,11,pare_feu,8.1,faible
3,1,4,5.0,0.22128795015105962,0.34166913663995047,4,0.9411764705882353,11,serveur_web,3.5,faible
5,1,3,5.0,0.22219563330455,0.34166913663995047,4,0.9411764705882353,11,serveur_app,4.8,faible
5,2,2,5.0,0.4374792962234447,0.34166913663995047,4,0.9411764705882353,11,base_donnees,10.2,moyen
5,0,0,0.0,0.0,0.34166913663995047,4,0.9411764705882353,11,donnees_sensibles,0.0,faible
5,0,0,0.0,0.0,0.34166913663995047,4,0.9411764705882353,11,sauvegardes,0.0,faible
3,1,7,4.142857142857143,0.3599395492565181,0.34166913663995047,4,0.9411764705882353,11,vpn,3.9,faible
3,1,6,4.333333333333333,0.32728923926546893,0.34166913663995047,4,0.9411764705882353,11,routeur,4.2,faible
3,2,5,4.6,0.2769370589164757,0.34166913663995047,4,0.9411764705882353,11,switch,6.3,faible
2,2,7,4.428571428571429,0.19088514769958828,0.34166913663995047,4,0.9411764705882353,11,postes,4.9,faible
3,0,0,0.0,0.0,0.34166913663995047,4,0.9411764705882353,11,serveur_rh,0.0,faible
5,4,5,4.6,0.27591507080224786,0.34166913663995047,4,0.9411764705882353,11,compte_admin,13.5,moyen
1,1,10,4.0,1.0,0.34166913663995047,4,0.9411764705882353,11,internet,18.0,moyen
5,2,9,3.888888888888889,0.38169983100677646,0.34166913663995047,4,0.9411764705882353,11,pare_feu,8.1,faible
3,1,4,5.0,0.22128795015105962,0.34166913663995047,4,0.9411764705882353,11,serveur_web,3.5,faible
5,1,3,5.0,0.22219563330455,0.34166913663995047,4,0.9411764705882353,11,serveur_app,4.8,faible
5,2,2,5.0,0.4374792962234447,0.34166913663995047,4,0.9411764705882353,11,base_donnees,10.2,moyen
5,0,0,0.0,0.0,0.34166913663995047,4,0.9411764705882353,11,donnees_sensibles,0.0,faible
5,0,0,0.0,0.0,0.34166913663995047,4,0.9411764705882353,11,sauvegardes,0.0,faible
3,1,7,4.142857142857143,0.3599395492565181,0.34166913663995047,4,0.9411764705882353,11,vpn,3.9,faible
3,1,6,4.333333333333333,0.32728923926546893,0.34166913663995047,4,0.9411764705882353,11,routeur,4.2,faible
3,2,5,4.6,0.2769370589164757,0.34166913663995047,4,0.9411764705882353,11,switch,6.3,faible
2,2,7,4.428571428571429,0.19088514769958828,0.34166913663995047,4,0.9411764705882353,11,postes,4.9,faible
3,0,0,0.0,0.0,0.34166913663995047,4,0.9411764705882353,11,serveur_rh,0.0,faible
5,4,5,4.6,0.27591507080224786,0.34166913663995047,4,0.9411764705882353,11,compte_admin,13.5,moyen
2,1,11,3.727272727272727,0.7450389213407007,0.7276817128578787,0,0.0,12,internet,22.5,élevé
5,1,10,3.6,0.528143358535869,0.7276817128578787,0,0.0,12,pare_feu,20.2,élevé
3,1,4,4.25,0.5872200185135308,0.7276817128578787,0,0.0,12,serveur_web,18.7,moyen
5,1,3,4.0,0.7852547743993612,0.7276817128578787,0,0.0,12,serveur_app,21.3,élevé
5,2,2,3.5,0.8518090447964117,0.7276817128578787,0,0.0,12,base_donnees,14.9,moyen
4,0,0,0.0,0.0,0.7276817128578787,0,0.0,12,donnees_sensibles,0.0,faible
3,0,0,0.0,0.0,0.7276817128578787,0,0.0,12,sauvegardes,0.0,faible
3,1,9,3.6666666666666665,0.8773678605696166,0.7276817128578787,0,0.0,12,vpn,29.5,élevé
3,1,8,3.75,0.8595750416962743,0.7276817128578787,0,0.0,12,routeur,26.7,élevé
3,2,7,3.857142857142857,0.9084539188451823,0.7276817128578787,0,0.0,12,switch,24.1,élevé
1,2,7,4.142857142857143,0.4013929508555821,0.7276817128578787,0,0.0,12,postes,20.0,élevé
4,0,0,0.0,0.0,0.7276817128578787,0,0.0,12,serveur_rh,0.0,faible
5,4,5,4.2,0.7342489004190886,0.7276817128578787,0,0.0,12,compte_admin,37.1,critique
2,1,11,3.727272727272727,0.7450389213407007,0.4881750861915196,3,0.625,12,internet,15.5,moyen
5,1,10,3.6,0.528143358535869,0.4881750861915196,3,0.625,12,pare_feu,10.2,moyen
3,1,4,4.25,0.17616600555405923,0.4881750861915196,3,0.625,12,serveur_web,2.9,faible
5,1,3,4.0,0.23557643231980835,0.4881750861915196,3,0.625,12,serveur_app,4.9,faible
5,2,2,3.5,0.4759045223982058,0.4881750861915196,3,0.625,12,base_donnees,8.4,faible
4,0,0,0.0,0.0,0.4881750861915196,3,0.625,12,donnees_sensibles,0.0,faible
3,0,0,0.0,0.0,0.4881750861915196,3,0.625,12,sauvegardes,0.0,faible
3,1,9,3.6666666666666665,0.8773678605696166,0.4881750861915196,3,0.625,12,vpn,11.4,moyen
3,1,8,3.75,0.42978752084813715,0.4881750861915196,3,0.625,12,routeur,6.0,faible
3,2,7,3.857142857142857,0.37050845071728866,0.4881750861915196,3,0.625,12,switch,6.9,faible
1,2,7,4.142857142857143,0.21838781717916184,0.4881750861915196,3,0.625,12,postes,9.5,faible
4,0,0,0.0,0.0,0.4881750861915196,3,0.625,12,serveur_rh,0.0,faible
5,4,5,4.2,0.6722799248267026,0.4881750861915196,3,0.625,12,compte_admin,29.4,élevé
2,1,11,3.727272727272727,0.7450389213407007,0.7276817128578787,0,0.0,12,internet,22.5,élevé
5,1,10,3.6,0.528143358535869,0.7276817128578787,0,0.0,12,pare_feu,20.2,élevé
3,1,4,4.25,0.5872200185135308,0.7276817128578787,0,0.0,12,serveur_web,18.7,moyen
5,1,3,4.0,0.7852547743993612,0.7276817128578787,0,0.0,12,serveur_app,21.3,élevé
5,2,2,3.5,0.8518090447964117,0.7276817128578787,0,0.0,12,base_donnees,14.9,moyen
4,0,0,0.0,0.0,0.7276817128578787,0,0.0,12,donnees_sensibles,0.0,faible
3,0,0,0.0,0.0,0.7276817128578787,0,0.0,12,sauvegardes,0.0,faible
3,1,9,3.6666666666666665,0.8773678605696166,0.7276817128578787,0,0.0,12,vpn,29.5,élevé
3,1,8,3.75,0.8595750416962743,0.7276817128578787,0,0.0,12,routeur,26.7,élevé
3,2,7,3.857142857142857,0.9084539188451823,0.7276817128578787,0,0.0,12,switch,24.1,élevé
1,2,7,4.142857142857143,0.4013929508555821,0.7276817128578787,0,0.0,12,postes,20.0,élevé
4,0,0,0.0,0.0,0.7276817128578787,0,0.0,12,serveur_rh,0.0,faible
5,4,5,4.2,0.7342489004190886,0.7276817128578787,0,0.0,12,compte_admin,37.1,critique
2,1,11,3.727272727272727,0.7450389213407007,0.7276817128578787,0,0.0,12,internet,22.5,élevé
5,1,10,3.6,0.528143358535869,0.7276817128578787,0,0.0,12,pare_feu,20.2,élevé
3,1,4,4.25,0.5872200185135308,0.7276817128578787,0,0.0,12,serveur_web,18.7,moyen
5,1,3,4.0,0.7852547743993612,0.7276817128578787,0,0.0,12,serveur_app,21.3,élevé
5,2,2,3.5,0.8518090447964117,0.7276817128578787,0,0.0,12,base_donnees,14.9,moyen
4,0,0,0.0,0.0,0.7276817128578787,0,0.0,12,donnees_sensibles,0.0,faible
3,0,0,0.0,0.0,0.7276817128578787,0,0.0,12,sauvegardes,0.0,faible
3,1,9,3.6666666666666665,0.8773678605696166,0.7276817128578787,0,0.0,12,vpn,29.5,élevé
3,1,8,3.75,0.8595750416962743,0.7276817128578787,0,0.0,12,routeur,26.7,élevé
3,2,7,3.857142857142857,0.9084539188451823,0.7276817128578787,0,0.0,12,switch,24.1,élevé
1,2,7,4.142857142857143,0.4013929508555821,0.7276817128578787,0,0.0,12,postes,20.0,élevé
4,0,0,0.0,0.0,0.7276817128578787,0,0.0,12,serveur_rh,0.0,faible
5,4,5,4.2,0.7342489004190886,0.7276817128578787,0,0.0,12,compte_admin,37.1,critique
1,1,12,3.75,0.8999850361990552,0.35306358522723275,4,0.9444444444444444,13,internet,13.3,moyen
3,2,11,3.8181818181818183,0.4031339860326567,0.35306358522723275,4,0.9444444444444444,13,pare_feu,8.4,faible
3,1,4,4.5,0.2660943859849645,0.35306358522723275,4,0.9444444444444444,13,serveur_web,3.1,faible
3,1,3,5.0,0.21631217273044462,0.35306358522723275,4,0.9444444444444444,13,serveur_app,4.7,faible
5,2,2,5.0,0.43226840487433915,0.35306358522723275,4,0.9444444444444444,13,base_donnees,10.5,moyen
5,0,0,0.0,0.0,0.35306358522723275,4,0.9444444444444444,13,donnees_sensibles,0.0,faible
5,0,0,0.0,0.0,0.35306358522723275,4,0.9444444444444444,13,sauvegardes,0.0,faible
3,1,9,4.0,0.32280248044718823,0.35306358522723275,4,0.9444444444444444,13,vpn,5.0,faible
3,1,8,4.125,0.49256830435044485,0.35306358522723275,4,0.9444444444444444,13,routeur,8.5,faible
4,3,7,4.142857142857143,0.29599078489689307,0.35306358522723275,4,0.9444444444444444,13,switch,8.0,faible
3,2,7,4.285714285714286,0.19403798789472815,0.35306358522723275,4,0.9444444444444444,13,postes,5.4,faible
3,0,0,0.0,0.0,0.35306358522723275,4,0.9444444444444444,13,serveur_rh,0.0,faible
5,4,5,4.2,0.30263226052099107,0.35306358522723275,4,0.9444444444444444,13,compte_admin,12.9,moyen
1,1,12,3.75,0.8999850361990552,0.49510422355181927,3,0.6666666666666666,13,internet,17.3,moyen
3,2,11,3.8181818181818183,0.4031339860326567,0.49510422355181927,3,0.6666666666666666,13,pare_feu,13.1,moyen
3,1,4,4.5,0.532188771969929,0.49510422355181927,3,0.6666666666666666,13,serveur_web,9.7,faible
3,1,3,5.0,0.43262434546088924,0.49510422355181927,3,0.6666666666666666,13,serveur_app,11.3,moyen
5,2,2,5.0,0.6245850302871111,0.49510422355181927,3,0.6666666666666666,13,base_donnees,15.2,moyen
5,0,0,0.0,0.0,0.49510422355181927,3,0.6666666666666666,13,donnees_sensibles,0.0,faible
5,0,0,0.0,0.0,0.49510422355181927,3,0.6666666666666666,13,sauvegardes,0.0,faible
3,1,9,4.0,0.32280248044718823,0.49510422355181927,3,0.6666666666666666,13,vpn,11.3,moyen
3,1,8,4.125,0.9851366087008897,0.49510422355181927,3,0.6666666666666666,13,routeur,28.1,élevé
4,3,7,4.142857142857143,0.5919815697937861,0.49510422355181927,3,0.6666666666666666,13,switch,19.7,moyen
3,2,7,4.285714285714286,0.3486134985249684,0.49510422355181927,3,0.6666666666666666,13,postes,14.4,moyen
3,0,0,0.0,0.0,0.49510422355181927,3,0.6666666666666666,13,serveur_rh,0.0,faible
5,4,5,4.2,0.30263226052099107,0.49510422355181927,3,0.6666666666666666,13,compte_admin,12.9,moyen
1,1,12,3.75,0.8999850361990552,0.5060216950554111,3,0.6666666666666666,13,internet,19.9,moyen
3,2,11,3.8181818181818183,0.5705646166911656,0.5060216950554111,3,0.6666666666666666,13,pare_feu,16.2,moyen
3,1,4,4.5,0.2660943859849645,0.5060216950554111,3,0.6666666666666666,13,serveur_web,3.1,faible
3,1,3,5.0,0.21631217273044462,0.5060216950554111,3,0.6666666666666666,13,serveur_app,4.7,faible
5,2,2,5.0,0.43226840487433915,0.5060216950554111,3,0.6666666666666666,13,base_donnees,10.5,moyen
5,0,0,0.0,0.0,0.5060216950554111,3,0.6666666666666666,13,donnees_sensibles,0.0,faible
5,0,0,0.0,0.0,0.5060216950554111,3,0.6666666666666666,13,sauvegardes,0.0,faible
3,1,9,4.0,0.8070062011179705,0.5060216950554111,3,0.6666666666666666,13,vpn,12.9,moyen
3,1,8,4.125,0.49256830435044485,0.5060216950554111,3,0.6666666666666666,13,routeur,9.0,faible
4,3,7,4.142857142857143,0.29599078489689307,0.5060216950554111,3,0.6666666666666666,13,switch,9.3,faible
3,2,7,4.285714285714286,0.25323170379146,0.5060216950554111,3,0.6666666666666666,13,postes,11.2,moyen
3,0,0,0.0,0.0,0.5060216950554111,3,0.6666666666666666,13,serveur_rh,0.0,faible
5,4,5,4.2,0.7565806513024775,0.5060216950554111,3,0.6666666666666666,13,compte_admin,32.3,élevé
1,1,12,3.75,0.8999850361990552,0.39686222555280826,3,0.8888888888888888,13,internet,13.9,moyen
3,2,11,3.8181818181818183,0.4031339860326567,0.39686222555280826,3,0.8888888888888888,13,pare_feu,9.2,faible
3,1,4,4.5,0.2660943859849645,0.39686222555280826,3,0.8888888888888888,13,serveur_web,4.3,faible
3,1,3,5.0,0.36052028788407436,0.39686222555280826,3,0.8888888888888888,13,serveur_app,9.2,faible
5,2,2,5.0,0.5922362578487173,0.39686222555280826,3,0.8888888888888888,13,base_donnees,14.5,moyen
5,0,0,0.0,0.0,0.39686222555280826,3,0.8888888888888888,13,donnees_sensibles,0.0,faible
5,0,0,0.0,0.0,0.39686222555280826,3,0.8888888888888888,13,sauvegardes,0.0,faible
3,1,9,4.0,0.32280248044718823,0.39686222555280826,3,0.8888888888888888,13,vpn,5.4,faible
3,1,8,4.125,0.49256830435044485,0.39686222555280826,3,0.8888888888888888,13,routeur,9.6,faible
4,3,7,4.142857142857143,0.3387872736198066,0.39686222555280826,3,0.8888888888888888,13,switch,10.5,moyen
3,2,7,4.285714285714286,0.22034630607105343,0.39686222555280826,3,0.8888888888888888,13,postes,7.2,faible
3,0,0,0.0,0.0,0.39686222555280826,3,0.8888888888888888,13,serveur_rh,0.0,faible
5,4,5,4.2,0.33843866108013676,0.39686222555280826,3,0.8888888888888888,13,compte_admin,16.9,moyen
2,1,12,3.75,1.0,0.6203940024443563,1,0.35294117647058826,14,internet,45.0,critique
4,2,11,3.727272727272727,0.5867230258611615,0.6203940024443563,1,0.35294117647058826,14,pare_feu,37.8,critique
4,1,4,4.25,0.8104065246003913,0.6203940024443563,1,0.35294117647058826,14,serveur_web,26.2,élevé
4,1,3,4.333333333333333,0.8817979474004096,0.6203940024443563,1,0.35294117647058826,14,serveur_app,23.0,élevé
5,2,2,4.0,0.7789347528073284,0.6203940024443563,1,0.35294117647058826,14,base_donnees,14.8,moyen
4,0,0,0.0,0.0,0.6203940024443563,1,0.35294117647058826,14,donnees_sensibles,0.0,faible
4,0,0,0.0,0.0,0.6203940024443563,1,0.35294117647058826,14,sauvegardes,0.0,faible
4,1,9,3.6666666666666665,0.30286881834551904,0.6203940024443563,1,0.35294117647058826,14,vpn,10.3,moyen
3,1,8,3.75,0.8854071751298238,0.6203940024443563,1,0.35294117647058826,14,routeur,26.5,élevé
3,3,7,3.857142857142857,0.6847672509694971,0.6203940024443563,1,0.35294117647058826,14,switch,23.1,élevé
1,2,7,4.142857142857143,0.42882775579371013,0.6203940024443563,1,0.35294117647058826,14,postes,20.2,élevé
4,0,0,0.0,0.0,0.6203940024443563,1,0.35294117647058826,14,serveur_rh,0.0,faible
5,3,4,4.25,0.3409815847483406,0.6203940024443563,1,0.35294117647058826,14,compte_admin,14.3,moyen
2,1,12,3.75,1.0,0.4855071010471581,3,0.7058823529411765,14,internet,24.7,élevé
4,2,11,3.727272727272727,0.540248733469593,0.4855071010471581,3,0.7058823529411765,14,pare_feu,16.6,moyen
4,1,4,4.25,0.24312195738011738,0.4855071010471581,3,0.7058823529411765,14,serveur_web,3.5,faible
4,1,3,4.333333333333333,0.26453938422012285,0.4855071010471581,3,0.7058823529411765,14,serveur_app,5.2,faible
5,2,2,4.0,0.4394673764036642,0.4855071010471581,3,0.7058823529411765,14,base_donnees,8.4,faible
4,0,0,0.0,0.0,0.4855071010471581,3,0.7058823529411765,14,donnees_sensibles,0.0,faible
4,0,0,0.0,0.0,0.4855071010471581,3,0.7058823529411765,14,sauvegardes,0.0,faible
4,1,9,3.6666666666666665,0.7571720458637975,0.4855071010471581,3,0.7058823529411765,14,vpn,10.2,moyen
3,1,8,3.75,0.4427035875649119,0.4855071010471581,3,0.7058823529411765,14,routeur,6.3,faible
3,3,7,3.857142857142857,0.2875299363184838,0.4855071010471581,3,0.7058823529411765,14,switch,7.4,faible
1,2,7,4.142857142857143,0.27647369884770573,0.4855071010471581,3,0.7058823529411765,14,postes,9.5,faible
4,0,0,0.0,0.0,0.4855071010471581,3,0.7058823529411765,14,serveur_rh,0.0,faible
5,3,4,4.25,0.7237047721251203,0.4855071010471581,3,0.7058823529411765,14,compte_admin,25.4,élevé
2,1,12,3.75,1.0,0.7658105478053958,0,0.0,14,internet,55.1,critique
4,2,11,3.727272727272727,0.7353137505608163,0.7658105478053958,0,0.0,14,pare_feu,48.3,critique
4,1,4,4.25,0.8104065246003913,0.7658105478053958,0,0.0,14,serveur_web,26.2,élevé
4,1,3,4.333333333333333,0.8817979474004096,0.7658105478053958,0,0.0,14,serveur_app,23.0,élevé
5,2,2,4.0,0.7789347528073284,0.7658105478053958,0,0.0,14,base_donnees,14.8,moyen
4,0,0,0.0,0.0,0.7658105478053958,0,0.0,14,donnees_sensibles,0.0,faible
4,0,0,0.0,0.0,0.7658105478053958,0,0.0,14,sauvegardes,0.0,faible
4,1,9,3.6666666666666665,0.7571720458637975,0.7658105478053958,0,0.0,14,vpn,27.2,élevé
3,1,8,3.75,0.8854071751298238,0.7658105478053958,0,0.0,14,routeur,28.3,élevé
3,3,7,3.857142857142857,0.6847672509694971,0.7658105478053958,0,0.0,14,switch,25.1,élevé
1,2,7,4.142857142857143,0.5219174872199861,0.7658105478053958,0,0.0,14,postes,24.2,élevé
4,0,0,0.0,0.0,0.7658105478053958,0,0.0,14,serveur_rh,0.0,faible
5,3,4,4.25,0.8524539618708514,0.7658105478053958,0,0.0,14,compte_admin,35.9,critique
2,1,12,3.75,1.0,0.5591122697599682,2,0.5294117647058824,14,internet,25.8,élevé
4,2,11,3.727272727272727,0.540248733469593,0.5591122697599682,2,0.5294117647058824,14,pare_feu,17.7,moyen
4,1,4,4.25,0.24312195738011738,0.5591122697599682,2,0.5294117647058824,14,serveur_web,4.8,faible
4,1,3,4.333333333333333,0.4408989737002048,0.5591122697599682,2,0.5294117647058824,14,serveur_app,10.4,moyen
5,2,2,4.0,0.6394673764036642,0.5591122697599682,2,0.5294117647058824,14,base_donnees,12.2,moyen
4,0,0,0.0,0.0,0.5591122697599682,2,0.5294117647058824,14,donnees_sensibles,0.0,faible
4,0,0,0.0,0.0,0.5591122697599682,2,0.5294117647058824,14,sauvegardes,0.0,faible
4,1,9,3.6666666666666665,0.7571720458637975,0.5591122697599682,2,0.5294117647058824,14,vpn,11.6,moyen
3,1,8,3.75,0.4427035875649119,0.5591122697599682,2,0.5294117647058824,14,routeur,8.1,faible
3,3,7,3.857142857142857,0.34238362548474854,0.5591122697599682,2,0.5294117647058824,14,switch,11.5,moyen
1,2,7,4.142857142857143,0.3385335197985564,0.5591122697599682,2,0.5294117647058824,14,postes,17.2,moyen
4,0,0,0.0,0.0,0.5591122697599682,2,0.5294117647058824,14,serveur_rh,0.0,faible
5,3,4,4.25,0.8524539618708514,0.5591122697599682,2,0.5294117647058824,14,compte_admin,35.9,critique
2,1,11,3.3636363636363638,0.7275945812063276,0.6325887392930393,1,0.125,15,internet,17.3,moyen
3,2,10,3.4,0.40708042909389985,0.6325887392930393,1,0.125,15,pare_feu,17.0,moyen
2,1,3,4.0,0.436613871602816,0.6325887392930393,1,0.125,15,serveur_web,8.2,faible
4,1,2,4.0,0.5613931326086009,0.6325887392930393,1,0.125,15,serveur_app,9.7,faible
5,1,1,3.0,0.6430957326734695,0.6325887392930393,1,0.125,15,base_donnees,4.9,faible
5,0,0,0.0,0.0,0.6325887392930393,1,0.125,15,donnees_sensibles,0.0,faible
3,0,0,0.0,0.0,0.6325887392930393,1,0.125,15,sauvegardes,0.0,faible
4,1,8,3.5,0.9981579276913064,0.6325887392930393,1,0.125,15,vpn,29.1,élevé
2,1,7,3.7142857142857144,0.8790209532116986,0.6325887392930393,1,0.125,15,routeur,23.0,élevé
2,2,6,4.0,0.6941196247428041,0.6325887392930393,1,0.125,15,switch,21.4,élevé
3,2,6,3.8333333333333335,0.4559345256392733,0.6325887392930393,1,0.125,15,postes,16.9,moyen
4,0,0,0.0,0.0,0.6325887392930393,1,0.125,15,serveur_rh,0.0,faible
5,4,4,4.0,0.6903186176856136,0.6325887392930393,1,0.125,15,compte_admin,29.0,élevé
2,1,11,3.3636363636363638,0.7275945812063276,0.3053646895807413,4,0.9375,15,internet,8.9,faible
3,2,10,3.4,0.288979147480954,0.3053646895807413,4,0.9375,15,pare_feu,5.2,faible
2,1,3,4.0,0.218306935801408,0.3053646895807413,4,0.9375,15,serveur_web,2.6,faible
4,1,2,4.0,0.16841793978258027,0.3053646895807413,4,0.9375,15,serveur_app,2.5,faible
5,1,1,3.0,0.32154786633673477,0.3053646895807413,4,0.9375,15,base_donnees,2.5,faible
5,0,0,0.0,0.0,0.3053646895807413,4,0.9375,15,donnees_sensibles,0.0,faible
3,0,0,0.0,0.0,0.3053646895807413,4,0.9375,15,sauvegardes,0.0,faible
4,1,8,3.5,0.3992631710765226,0.3053646895807413,4,0.9375,15,vpn,4.1,faible
2,1,7,3.7142857142857144,0.4395104766058493,0.3053646895807413,4,0.9375,15,routeur,5.1,faible
2,2,6,4.0,0.34705981237140204,0.3053646895807413,4,0.9375,15,switch,6.8,faible
3,2,6,3.8333333333333335,0.1866384234109969,0.3053646895807413,4,0.9375,15,postes,3.8,faible
4,0,0,0.0,0.0,0.3053646895807413,4,0.9375,15,serveur_rh,0.0,faible
5,4,4,4.0,0.2414598239889332,0.3053646895807413,4,0.9375,15,compte_admin,9.8,faible
2,1,11,3.3636363636363638,0.7275945812063276,0.6683013972547391,0,0.0,15,internet,22.3,élevé
3,2,10,3.4,0.5472437355865598,0.6683013972547391,0,0.0,15,pare_feu,24.1,élevé
2,1,3,4.0,0.7276897860046934,0.6683013972547391,0,0.0,15,serveur_web,13.7,moyen
4,1,2,4.0,0.5613931326086009,0.6683013972547391,0,0.0,15,serveur_app,9.7,faible
5,1,1,3.0,0.6430957326734695,0.6683013972547391,0,0.0,15,base_donnees,4.9,faible
5,0,0,0.0,0.0,0.6683013972547391,0,0.0,15,donnees_sensibles,0.0,faible
3,0,0,0.0,0.0,0.6683013972547391,0,0.0,15,sauvegardes,0.0,faible
4,1,8,3.5,0.9981579276913064,0.6683013972547391,0,0.0,15,vpn,29.1,élevé
2,1,7,3.7142857142857144,0.8790209532116986,0.6683013972547391,0,0.0,15,routeur,23.0,élevé
2,2,6,4.0,0.6941196247428041,0.6683013972547391,0,0.0,15,switch,21.4,élevé
3,2,6,3.8333333333333335,0.4559345256392733,0.6683013972547391,0,0.0,15,postes,16.9,moyen
4,0,0,0.0,0.0,0.6683013972547391,0,0.0,15,serveur_rh,0.0,faible
5,4,4,4.0,0.6903186176856136,0.6683013972547391,0,0.0,15,compte_admin,29.0,élevé
2,1,11,3.3636363636363638,0.7275945812063276,0.4390447079719935,3,0.625,15,internet,10.4,moyen
3,2,10,3.4,0.288979147480954,0.4390447079719935,3,0.625,15,pare_feu,7.4,faible
2,1,3,4.0,0.436613871602816,0.4390447079719935,3,0.625,15,serveur_web,6.6,faible
4,1,2,4.0,0.33683587956516053,0.4390447079719935,3,0.625,15,serveur_app,5.8,faible
5,1,1,3.0,0.6430957326734695,0.4390447079719935,3,0.625,15,base_donnees,4.9,faible
5,0,0,0.0,0.0,0.4390447079719935,3,0.625,15,donnees_sensibles,0.0,faible
3,0,0,0.0,0.0,0.4390447079719935,3,0.625,15,sauvegardes,0.0,faible
4,1,8,3.5,0.3992631710765226,0.4390447079719935,3,0.625,15,vpn,9.5,faible
2,1,7,3.7142857142857144,0.8790209532116986,0.4390447079719935,3,0.625,15,routeur,18.0,moyen
2,2,6,4.0,0.6941196247428041,0.4390447079719935,3,0.625,15,switch,15.7,moyen
3,2,6,3.8333333333333335,0.33512714890632633,0.4390447079719935,3,0.625,15,postes,9.7,faible
4,0,0,0.0,0.0,0.4390447079719935,3,0.625,15,serveur_rh,0.0,faible
5,4,4,4.0,0.2414598239889332,0.4390447079719935,3,0.625,15,compte_admin,9.8,faible
2,1,12,3.5833333333333335,1.0,0.5261718788899834,2,0.5555555555555556,16,internet,26.6,élevé
4,2,11,3.5454545454545454,0.43136491261765564,0.5261718788899834,2,0.5555555555555556,16,pare_feu,18.1,moyen
3,1,4,4.5,0.7165512587734568,0.5261718788899834,2,0.5555555555555556,16,serveur_web,14.8,moyen
4,1,3,4.666666666666667,0.4277747981731018,0.5261718788899834,2,0.5555555555555556,16,serveur_app,11.3,moyen
5,2,2,4.5,0.6584441662576332,0.5261718788899834,2,0.5555555555555556,16,base_donnees,14.7,moyen
5,0,0,0.0,0.0,0.5261718788899834,2,0.5555555555555556,16,donnees_sensibles,0.0,faible
4,0,0,0.0,0.0,0.5261718788899834,2,0.5555555555555556,16,sauvegardes,0.0,faible
3,1,9,3.6666666666666665,0.37884579080840325,0.5261718788899834,2,0.5555555555555556,16,vpn,10.7,moyen
2,1,8,3.875,0.8129062370530186,0.5261718788899834,2,0.5555555555555556,16,routeur,22.8,élevé
2,3,7,4.142857142857143,0.7016076888024231,0.5261718788899834,2,0.5555555555555556,16,switch,23.5,élevé
2,2,7,4.142857142857143,0.4194924829430603,0.5261718788899834,2,0.5555555555555556,16,postes,17.1,moyen
5,0,0,0.0,0.0,0.5261718788899834,2,0.5555555555555556,16,serveur_rh,0.0,faible
4,4,5,4.6,0.2528973862919384,0.5261718788899834,2,0.5555555555555556,16,compte_admin,11.9,moyen
2,1,12,3.5833333333333335,1.0,0.716140996894469,1,0.1111111111111111,16,internet,30.1,élevé
4,2,11,3.5454545454545454,0.41184191560124433,0.716140996894469,1,0.1111111111111111,16,pare_feu,21.8,élevé
3,1,4,4.5,0.4299307552640741,0.716140996894469,1,0.1111111111111111,16,serveur_web,13.5,moyen
4,1,3,4.666666666666667,0.7129579969551697,0.716140996894469,1,0.1111111111111111,16,serveur_app,22.4,élevé
5,2,2,4.5,0.8584441662576333,0.716140996894469,1,0.1111111111111111,16,base_donnees,19.7,moyen
5,0,0,0.0,0.0,0.716140996894469,1,0.1111111111111111,16,donnees_sensibles,0.0,faible
4,0,0,0.0,0.0,0.716140996894469,1,0.1111111111111111,16,sauvegardes,0.0,faible
3,1,9,3.6666666666666665,0.947114477021008,0.716140996894469,1,0.1111111111111111,16,vpn,37.9,critique
2,1,8,3.875,0.8129062370530186,0.716140996894469,1,0.1111111111111111,16,routeur,34.5,élevé
2,3,7,4.142857142857143,0.8210650338656705,0.716140996894469,1,0.1111111111111111,16,switch,37.7,critique
2,2,7,4.142857142857143,0.6141074838968232,0.716140996894469,1,0.1111111111111111,16,postes,29.3,élevé
5,0,0,0.0,0.0,0.716140996894469,1,0.1111111111111111,16,serveur_rh,0.0,faible
4,4,5,4.6,0.6889115611746893,0.716140996894469,1,0.1111111111111111,16,compte_admin,37.1,critique
2,1,12,3.5833333333333335,1.0,0.7476566474623678,0,0.0,16,internet,41.8,critique
4,2,11,3.5454545454545454,0.5521725189576432,0.7476566474623678,0,0.0,16,pare_feu,34.1,élevé
3,1,4,4.5,0.7165512587734568,0.7476566474623678,0,0.0,16,serveur_web,22.5,élevé
4,1,3,4.666666666666667,0.7129579969551697,0.7476566474623678,0,0.0,16,serveur_app,22.4,élevé
5,2,2,4.5,0.8584441662576333,0.7476566474623678,0,0.0,16,base_donnees,19.7,moyen
5,0,0,0.0,0.0,0.7476566474623678,0,0.0,16,donnees_sensibles,0.0,faible
4,0,0,0.0,0.0,0.7476566474623678,0,0.0,16,sauvegardes,0.0,faible
3,1,9,3.6666666666666665,0.947114477021008,0.7476566474623678,0,0.0,16,vpn,37.9,critique
2,1,8,3.875,0.8129062370530186,0.7476566474623678,0,0.0,16,routeur,34.5,élevé
2,3,7,4.142857142857143,0.8210650338656705,0.7476566474623678,0,0.0,16,switch,37.7,critique
2,2,7,4.142857142857143,0.6141074838968232,0.7476566474623678,0,0.0,16,postes,29.3,élevé
5,0,0,0.0,0.0,0.7476566474623678,0,0.0,16,serveur_rh,0.0,faible
4,4,5,4.6,0.6889115611746893,0.7476566474623678,0,0.0,16,compte_admin,37.1,critique
2,1,12,3.5833333333333335,1.0,0.3499786333816854,4,0.9444444444444444,16,internet,15.2,moyen
4,2,11,3.5454545454545454,0.29103430926125673,0.3499786333816854,4,0.9444444444444444,16,pare_feu,6.2,faible
3,1,4,4.5,0.21496537763203705,0.3499786333816854,4,0.9444444444444444,16,serveur_web,3.1,faible
4,1,3,4.666666666666667,0.2138873990865509,0.3499786333816854,4,0.9444444444444444,16,serveur_app,4.9,faible
5,2,2,4.5,0.47922208312881664,0.3499786333816854,4,0.9444444444444444,16,base_donnees,11.1,moyen
5,0,0,0.0,0.0,0.3499786333816854,4,0.9444444444444444,16,donnees_sensibles,0.0,faible
4,0,0,0.0,0.0,0.3499786333816854,4,0.9444444444444444,16,sauvegardes,0.0,faible
3,1,9,3.6666666666666665,0.37884579080840325,0.3499786333816854,4,0.9444444444444444,16,vpn,4.1,faible
2,1,8,3.875,0.4064531185265093,0.3499786333816854,4,0.9444444444444444,16,routeur,6.0,faible
2,3,7,4.142857142857143,0.35080384440121154,0.3499786333816854,4,0.9444444444444444,16,switch,10.0,moyen
2,2,7,4.142857142857143,0.24047492583265062,0.3499786333816854,4,0.9444444444444444,16,postes,5.6,faible
5,0,0,0.0,0.0,0.3499786333816854,4,0.9444444444444444,16,serveur_rh,0.0,faible
4,4,5,4.6,0.2528973862919384,0.3499786333816854,4,0.9444444444444444,16,compte_admin,11.9,moyen
2,1,12,3.5,0.9226069092921296,0.368153000644634,4,0.9375,17,internet,17.2,moyen
4,2,11,3.4545454545454546,0.3735341155287356,0.368153000644634,4,0.9375,17,pare_feu,9.6,faible
4,1,4,3.75,0.25856213677134704,0.368153000644634,4,0.9375,17,serveur_web,3.3,faible
3,1,3,4.0,0.2520453284953365,0.368153000644634,4,0.9375,17,serveur_app,5.2,faible
5,2,2,3.5,0.4671252597372807,0.368153000644634,4,0.9375,17,base_donnees,8.7,faible
4,0,0,0.0,0.0,0.368153000644634,4,0.9375,17,donnees_sensibles,0.0,faible
3,0,0,0.0,0.0,0.368153000644634,4,0.9375,17,sauvegardes,0.0,faible
3,1,9,3.4444444444444446,0.3093816050775841,0.368153000644634,4,0.9375,17,vpn,4.2,faible
4,1,8,3.375,0.4129252304645311,0.368153000644634,4,0.9375,17,routeur,3.9,faible
2,2,7,3.5714285714285716,0.3212143084116231,0.368153000644634,4,0.9375,17,switch,4.2,faible
1,2,7,3.7142857142857144,0.25547823938169595,0.368153000644634,4,0.9375,17,postes,5.0,faible
4,0,0,0.0,0.0,0.368153000644634,4,0.9375,17,serveur_rh,0.0,faible
5,3,4,3.75,0.3000743180315151,0.368153000644634,4,0.9375,17,compte_admin,8.7,faible
2,1,12,3.5,0.9226069092921296,0.6997314513862515,1,0.3125,17,internet,41.2,critique
4,2,11,3.4545454545454546,0.710257209825323,0.6997314513862515,1,0.3125,17,pare_feu,36.9,critique
4,1,4,3.75,0.8618737892378234,0.6997314513862515,1,0.3125,17,serveur_web,16.7,moyen
3,1,3,4.0,0.504090656990673,0.6997314513862515,1,0.3125,17,serveur_app,11.6,moyen
5,2,2,3.5,0.6342505194745615,0.6997314513862515,1,0.3125,17,base_donnees,11.3,moyen
4,0,0,0.0,0.0,0.6997314513862515,1,0.3125,17,donnees_sensibles,0.0,faible
3,0,0,0.0,0.0,0.6997314513862515,1,0.3125,17,sauvegardes,0.0,faible
3,1,9,3.4444444444444446,0.7734540126939602,0.6997314513862515,1,0.3125,17,vpn,20.4,élevé
4,1,8,3.375,0.8258504609290622,0.6997314513862515,1,0.3125,17,routeur,17.0,moyen
2,2,7,3.5714285714285716,0.6424286168232461,0.6997314513862515,1,0.3125,17,switch,14.9,moyen
1,2,7,3.7142857142857144,0.5416986577768759,0.6997314513862515,1,0.3125,17,postes,17.0,moyen
4,0,0,0.0,0.0,0.6997314513862515,1,0.3125,17,serveur_rh,0.0,faible
5,3,4,3.75,0.7501857950787875,0.6997314513862515,1,0.3125,17,compte_admin,23.4,élevé
2,1,12,3.5,0.9226069092921296,0.631836391239694,1,0.375,17,internet,40.1,critique
4,2,11,3.4545454545454546,0.5523965787259484,0.631836391239694,1,0.375,17,pare_feu,35.7,critique
4,1,4,3.75,0.8618737892378234,0.631836391239694,1,0.375,17,serveur_web,26.4,élevé
3,1,3,4.0,0.8401510949844551,0.631836391239694,1,0.375,17,serveur_app,22.6,élevé
5,2,2,3.5,0.8342505194745615,0.631836391239694,1,0.375,17,base_donnees,15.4,moyen
4,0,0,0.0,0.0,0.631836391239694,1,0.375,17,donnees_sensibles,0.0,faible
3,0,0,0.0,0.0,0.631836391239694,1,0.375,17,sauvegardes,0.0,faible
3,1,9,3.4444444444444446,0.3093816050775841,0.631836391239694,1,0.375,17,vpn,7.7,faible
4,1,8,3.375,0.8258504609290622,0.631836391239694,1,0.375,17,routeur,15.7,moyen
2,2,7,3.5714285714285716,0.7945940688425845,0.631836391239694,1,0.375,17,switch,13.3,moyen
1,2,7,3.7142857142857144,0.49046169275440255,0.631836391239694,1,0.375,17,postes,13.9,moyen
4,0,0,0.0,0.0,0.631836391239694,1,0.375,17,serveur_rh,0.0,faible
5,3,4,3.75,0.3353708935730186,0.631836391239694,1,0.375,17,compte_admin,13.1,moyen
2,1,12,3.5,0.9226069092921296,0.45803826476455195,2,0.8125,17,internet,25.0,élevé
4,2,11,3.4545454545454546,0.5523965787259484,0.45803826476455195,2,0.8125,17,pare_feu,18.4,moyen
4,1,4,3.75,0.4309368946189117,0.45803826476455195,2,0.8125,17,serveur_web,7.8,faible
3,1,3,4.0,0.42007554749222753,0.45803826476455195,2,0.8125,17,serveur_app,10.2,moyen
5,2,2,3.5,0.6671252597372808,0.45803826476455195,2,0.8125,17,base_donnees,12.8,moyen
4,0,0,0.0,0.0,0.45803826476455195,2,0.8125,17,donnees_sensibles,0.0,faible
3,0,0,0.0,0.0,0.45803826476455195,2,0.8125,17,sauvegardes,0.0,faible
3,1,9,3.4444444444444446,0.3093816050775841,0.45803826476455195,2,0.8125,17,vpn,4.5,faible
4,1,8,3.375,0.4129252304645311,0.45803826476455195,2,0.8125,17,routeur,4.9,faible
2,2,7,3.5714285714285716,0.39729703442129227,0.45803826476455195,2,0.8125,17,switch,6.5,faible
1,2,7,3.7142857142857144,0.2964678113996746,0.45803826476455195,2,0.8125,17,postes,7.8,faible
4,0,0,0.0,0.0,0.45803826476455195,2,0.8125,17,serveur_rh,0.0,faible
5,3,4,3.75,0.3353708935730186,0.45803826476455195,2,0.8125,17,compte_admin,11.8,moyen
1,1,12,3.3333333333333335,0.9525763341460475,0.3120534031268809,4,0.9444444444444444,18,internet,13.9,moyen
4,2,11,3.272727272727273,0.26887469592223834,0.3120534031268809,4,0.9444444444444444,18,pare_feu,4.9,faible
2,1,4,4.0,0.20395268290850277,0.3120534031268809,4,0.9444444444444444,18,serveur_web,2.6,faible
3,1,3,4.333333333333333,0.22450346137183896,0.3120534031268809,4,0.9444444444444444,18,serveur_app,5.0,faible
5,2,2,4.0,0.432146729612528,0.3120534031268809,4,0.9444444444444444,18,base_donnees,9.6,faible
4,0,0,0.0,0.0,0.3120534031268809,4,0.9444444444444444,18,donnees_sensibles,0.0,faible
4,0,0,0.0,0.0,0.3120534031268809,4,0.9444444444444444,18,sauvegardes,0.0,faible
3,1,9,3.4444444444444446,0.22998092278598603,0.3120534031268809,4,0.9444444444444444,18,vpn,3.2,faible
3,1,8,3.5,0.5,0.3120534031268809,4,0.9444444444444444,18,routeur,6.2,faible
2,3,7,3.7142857142857144,0.2567851068250264,0.3120534031268809,4,0.9444444444444444,18,switch,6.9,faible
2,2,7,3.7142857142857144,0.15253158426189278,0.3120534031268809,4,0.9444444444444444,18,postes,3.3,faible
4,0,0,0.0,0.0,0.3120534031268809,4,0.9444444444444444,18,serveur_rh,0.0,faible
4,4,5,4.0,0.25712162875077077,0.3120534031268809,4,0.9444444444444444,18,compte_admin,11.8,moyen
1,1,12,3.3333333333333335,0.9525763341460475,0.43841846563800935,3,0.6666666666666666,18,internet,18.4,moyen
4,2,11,3.272727272727273,0.4064582035658144,0.43841846563800935,3,0.6666666666666666,18,pare_feu,10.1,moyen
2,1,4,4.0,0.20395268290850277,0.43841846563800935,3,0.6666666666666666,18,serveur_web,2.6,faible
3,1,3,4.333333333333333,0.22450346137183896,0.43841846563800935,3,0.6666666666666666,18,serveur_app,5.0,faible
5,2,2,4.0,0.432146729612528,0.43841846563800935,3,0.6666666666666666,18,base_donnees,9.6,faible
4,0,0,0.0,0.0,0.43841846563800935,3,0.6666666666666666,18,donnees_sensibles,0.0,faible
4,0,0,0.0,0.0,0.43841846563800935,3,0.6666666666666666,18,sauvegardes,0.0,faible
3,1,9,3.4444444444444446,0.574952306964965,0.43841846563800935,3,0.6666666666666666,18,vpn,8.3,faible
3,1,8,3.5,0.5,0.43841846563800935,3,0.6666666666666666,18,routeur,6.5,faible
2,3,7,3.7142857142857144,0.2567851068250264,0.43841846563800935,3,0.6666666666666666,18,switch,7.6,faible
2,2,7,3.7142857142857144,0.2083830608766712,0.43841846563800935,3,0.6666666666666666,18,postes,8.3,faible
4,0,0,0.0,0.0,0.43841846563800935,3,0.6666666666666666,18,serveur_rh,0.0,faible
4,4,5,4.0,0.6428040718769269,0.43841846563800935,3,0.6666666666666666,18,compte_admin,29.6,élevé
1,1,12,3.3333333333333335,0.9525763341460475,0.33272960304891336,3,0.8888888888888888,18,internet,16.5,moyen
4,2,11,3.272727272727273,0.38697626758436343,0.33272960304891336,3,0.8888888888888888,18,pare_feu,7.9,faible
2,1,4,4.0,0.33992113818083797,0.33272960304891336,3,0.8888888888888888,18,serveur_web,4.3,faible
3,1,3,4.333333333333333,0.22450346137183896,0.33272960304891336,3,0.8888888888888888,18,serveur_app,5.0,faible
5,2,2,4.0,0.432146729612528,0.33272960304891336,3,0.8888888888888888,18,base_donnees,9.6,faible
4,0,0,0.0,0.0,0.33272960304891336,3,0.8888888888888888,18,donnees_sensibles,0.0,faible
4,0,0,0.0,0.0,0.33272960304891336,3,0.8888888888888888,18,sauvegardes,0.0,faible
3,1,9,3.4444444444444446,0.22998092278598603,0.33272960304891336,3,0.8888888888888888,18,vpn,3.2,faible
3,1,8,3.5,0.5,0.33272960304891336,3,0.8888888888888888,18,routeur,6.2,faible
2,3,7,3.7142857142857144,0.2567851068250264,0.33272960304891336,3,0.8888888888888888,18,switch,6.9,faible
2,2,7,3.7142857142857144,0.15253158426189278,0.33272960304891336,3,0.8888888888888888,18,postes,3.3,faible
4,0,0,0.0,0.0,0.33272960304891336,3,0.8888888888888888,18,serveur_rh,0.0,faible
4,4,5,4.0,0.25712162875077077,0.33272960304891336,3,0.8888888888888888,18,compte_admin,11.8,moyen
1,1,12,3.3333333333333335,0.9525763341460475,0.45909466556004186,2,0.6111111111111112,18,internet,21.0,élevé
4,2,11,3.272727272727273,0.5245597752279395,0.45909466556004186,2,0.6111111111111112,18,pare_feu,13.1,moyen
2,1,4,4.0,0.33992113818083797,0.45909466556004186,2,0.6111111111111112,18,serveur_web,4.3,faible
3,1,3,4.333333333333333,0.22450346137183896,0.45909466556004186,2,0.6111111111111112,18,serveur_app,5.0,faible
5,2,2,4.0,0.432146729612528,0.45909466556004186,2,0.6111111111111112,18,base_donnees,9.6,faible
4,0,0,0.0,0.0,0.45909466556004186,2,0.6111111111111112,18,donnees_sensibles,0.0,faible
4,0,0,0.0,0.0,0.45909466556004186,2,0.6111111111111112,18,sauvegardes,0.0,faible
3,1,9,3.4444444444444446,0.574952306964965,0.45909466556004186,2,0.6111111111111112,18,vpn,8.3,faible
3,1,8,3.5,0.5,0.45909466556004186,2,0.6111111111111112,18,routeur,6.5,faible
2,3,7,3.7142857142857144,0.2567851068250264,0.45909466556004186,2,0.6111111111111112,18,switch,7.6,faible
2,2,7,3.7142857142857144,0.2083830608766712,0.45909466556004186,2,0.6111111111111112,18,postes,8.3,faible
4,0,0,0.0,0.0,0.45909466556004186,2,0.6111111111111112,18,serveur_rh,0.0,faible
4,4,5,4.0,0.6428040718769269,0.45909466556004186,2,0.6111111111111112,18,compte_admin,29.6,élevé
1,1,12,3.3333333333333335,1.0,0.6682181502087794,0,0.0,19,internet,35.6,critique
5,2,11,3.1818181818181817,0.5642217573791884,0.6682181502087794,0,0.0,19,pare_feu,25.6,élevé
2,1,4,4.0,0.6212285376168146,0.6682181502087794,0,0.0,19,serveur_web,16.3,moyen
3,1,3,4.333333333333333,0.7031132697265617,0.6682181502087794,0,0.0,19,serveur_app,19.0,moyen
4,2,2,4.5,0.7182116559349994,0.6682181502087794,0,0.0,19,base_donnees,17.0,moyen
4,0,0,0.0,0.0,0.6682181502087794,0,0.0,19,donnees_sensibles,0.0,faible
5,0,0,0.0,0.0,0.6682181502087794,0,0.0,19,sauvegardes,0.0,faible
2,1,9,3.4444444444444446,0.6151449504945479,0.6682181502087794,0,0.0,19,vpn,21.7,élevé
3,1,8,3.5,0.7521259109370376,0.6682181502087794,0,0.0,19,routeur,28.3,élevé
3,3,7,3.5714285714285716,0.7336891345973613,0.6682181502087794,0,0.0,19,switch,29.7,élevé
1,2,7,3.857142857142857,0.44146512318456715,0.6682181502087794,0,0.0,19,postes,24.1,élevé
4,0,0,0.0,0.0,0.6682181502087794,0,0.0,19,serveur_rh,0.0,faible
4,4,5,4.0,0.6718623895483681,0.6682181502087794,0,0.0,19,compte_admin,38.1,critique
1,1,12,3.3333333333333335,1.0,0.6682181502087794,0,0.0,19,internet,35.6,critique
5,2,11,3.1818181818181817,0.5642217573791884,0.6682181502087794,0,0.0,19,pare_feu,25.6,élevé
2,1,4,4.0,0.6212285376168146,0.6682181502087794,0,0.0,19,serveur_web,16.3,moyen
3,1,3,4.333333333333333,0.7031132697265617,0.6682181502087794,0,0.0,19,serveur_app,19.0,moyen
4,2,2,4.5,0.7182116559349994,0.6682181502087794,0,0.0,19,base_donnees,17.0,moyen
4,0,0,0.0,0.0,0.6682181502087794,0,0.0,19,donnees_sensibles,0.0,faible
5,0,0,0.0,0.0,0.6682181502087794,0,0.0,19,sauvegardes,0.0,faible
2,1,9,3.4444444444444446,0.6151449504945479,0.6682181502087794,0,0.0,19,vpn,21.7,élevé
3,1,8,3.5,0.7521259109370376,0.6682181502087794,0,0.0,19,routeur,28.3,élevé
3,3,7,3.5714285714285716,0.7336891345973613,0.6682181502087794,0,0.0,19,switch,29.7,élevé
1,2,7,3.857142857142857,0.44146512318456715,0.6682181502087794,0,0.0,19,postes,24.1,élevé
4,0,0,0.0,0.0,0.6682181502087794,0,0.0,19,serveur_rh,0.0,faible
4,4,5,4.0,0.6718623895483681,0.6682181502087794,0,0.0,19,compte_admin,38.1,critique
1,1,12,3.3333333333333335,1.0,0.3130780463525886,4,0.9444444444444444,19,internet,16.9,moyen
5,2,11,3.1818181818181817,0.3019896720283418,0.3130780463525886,4,0.9444444444444444,19,pare_feu,4.9,faible
2,1,4,4.0,0.1863685612850444,0.3130780463525886,4,0.9444444444444444,19,serveur_web,2.2,faible
3,1,3,4.333333333333333,0.21093398091796853,0.3130780463525886,4,0.9444444444444444,19,serveur_app,4.2,faible
4,2,2,4.5,0.4036249416650181,0.3130780463525886,4,0.9444444444444444,19,base_donnees,9.5,faible
4,0,0,0.0,0.0,0.3130780463525886,4,0.9444444444444444,19,donnees_sensibles,0.0,faible
5,0,0,0.0,0.0,0.3130780463525886,4,0.9444444444444444,19,sauvegardes,0.0,faible
2,1,9,3.4444444444444446,0.24605798019781916,0.3130780463525886,4,0.9444444444444444,19,vpn,3.3,faible
3,1,8,3.5,0.3760629554685188,0.3130780463525886,4,0.9444444444444444,19,routeur,5.7,faible
3,3,7,3.5714285714285716,0.31676963407887987,0.3130780463525886,4,0.9444444444444444,19,switch,7.2,faible
1,2,7,3.857142857142857,0.16380822727871824,0.3130780463525886,4,0.9444444444444444,19,postes,4.3,faible
4,0,0,0.0,0.0,0.3130780463525886,4,0.9444444444444444,19,serveur_rh,0.0,faible
4,4,5,4.0,0.23170669307411207,0.3130780463525886,4,0.9444444444444444,19,compte_admin,11.4,moyen
1,1,12,3.3333333333333335,1.0,0.498009092450402,2,0.5,19,internet,20.9,élevé
5,2,11,3.1818181818181817,0.41161981922585567,0.498009092450402,2,0.5,19,pare_feu,9.3,faible
2,1,4,4.0,0.1863685612850444,0.498009092450402,2,0.5,19,serveur_web,2.9,faible
3,1,3,4.333333333333333,0.35155663486328087,0.498009092450402,2,0.5,19,serveur_app,8.3,faible
4,2,2,4.5,0.5817013964550921,0.498009092450402,2,0.5,19,base_donnees,13.3,moyen
4,0,0,0.0,0.0,0.498009092450402,2,0.5,19,donnees_sensibles,0.0,faible
5,0,0,0.0,0.0,0.498009092450402,2,0.5,19,sauvegardes,0.0,faible
2,1,9,3.4444444444444446,0.6151449504945479,0.498009092450402,2,0.5,19,vpn,9.9,faible
3,1,8,3.5,0.3760629554685188,0.498009092450402,2,0.5,19,routeur,8.5,faible
3,3,7,3.5714285714285716,0.36684456729868065,0.498009092450402,2,0.5,19,switch,14.8,moyen
1,2,7,3.857142857142857,0.3302024352722169,0.498009092450402,2,0.5,19,postes,21.5,élevé
4,0,0,0.0,0.0,0.498009092450402,2,0.5,19,serveur_rh,0.0,faible
4,4,5,4.0,0.6718623895483681,0.498009092450402,2,0.5,19,compte_admin,38.1,critique
1,1,12,3.6666666666666665,0.829341379202648,0.3909557958941241,2,0.8235294117647058,20,internet,14.8,moyen
4,2,11,3.6363636363636362,0.47353455889141893,0.3909557958941241,2,0.8235294117647058,20,pare_feu,9.4,faible
2,1,4,4.0,0.3556561625011104,0.3909557958941241,2,0.8235294117647058,20,serveur_web,4.8,faible
3,1,3,4.333333333333333,0.29130887145553014,0.3909557958941241,2,0.8235294117647058,20,serveur_app,6.5,faible
5,2,2,4.0,0.5198702966502798,0.3909557958941241,2,0.8235294117647058,20,base_donnees,11.1,moyen
5,0,0,0.0,0.0,0.3909557958941241,2,0.8235294117647058,20,donnees_sensibles,0.0,faible
3,0,0,0.0,0.0,0.3909557958941241,2,0.8235294117647058,20,sauvegardes,0.0,faible
2,1,9,4.0,0.3707188919861596,0.3909557958941241,2,0.8235294117647058,20,vpn,5.3,faible
3,1,8,4.125,0.34739577280049827,0.3909557958941241,2,0.8235294117647058,20,routeur,7.3,faible
4,3,7,4.142857142857143,0.3489758937562795,0.3909557958941241,2,0.8235294117647058,20,switch,11.9,moyen
3,2,7,4.285714285714286,0.2356127744395441,0.3909557958941241,2,0.8235294117647058,20,postes,7.8,faible
5,0,0,0.0,0.0,0.3909557958941241,2,0.8235294117647058,20,serveur_rh,0.0,faible
5,3,5,4.2,0.3156215036742796,0.3909557958941241,2,0.8235294117647058,20,compte_admin,13.5,moyen
1,1,12,3.6666666666666665,0.829341379202648,0.7011985442513392,0,0.0,20,internet,32.1,élevé
4,2,11,3.6363636363636362,0.6395741692554371,0.7011985442513392,0,0.0,20,pare_feu,31.7,élevé
2,1,4,4.0,0.7113123250022207,0.7011985442513392,0,0.0,20,serveur_web,15.1,moyen
3,1,3,4.333333333333333,0.5826177429110603,0.7011985442513392,0,0.0,20,serveur_app,14.7,moyen
5,2,2,4.0,0.7099494645006778,0.7011985442513392,0,0.0,20,base_donnees,13.9,moyen
5,0,0,0.0,0.0,0.7011985442513392,0,0.0,20,donnees_sensibles,0.0,faible
3,0,0,0.0,0.0,0.7011985442513392,0,0.0,20,sauvegardes,0.0,faible
2,1,9,4.0,0.9267972299653989,0.7011985442513392,0,0.0,20,vpn,31.1,élevé
3,1,8,4.125,0.6947915456009965,0.7011985442513392,0,0.0,20,routeur,27.3,élevé
4,3,7,4.142857142857143,0.697951787512559,0.7011985442513392,0,0.0,20,switch,30.4,élevé
3,2,7,4.285714285714286,0.5077255609917192,0.7011985442513392,0,0.0,20,postes,25.6,élevé
5,0,0,0.0,0.0,0.7011985442513392,0,0.0,20,serveur_rh,0.0,faible
5,3,5,4.2,0.7890537591856989,0.7011985442513392,0,0.0,20,compte_admin,35.9,critique
1,1,12,3.6666666666666665,0.829341379202648,0.4819021585150305,2,0.6470588235294118,20,internet,19.7,moyen
4,2,11,3.6363636363636362,0.6395741692554371,0.4819021585150305,2,0.6470588235294118,20,pare_feu,15.7,moyen
2,1,4,4.0,0.3556561625011104,0.4819021585150305,2,0.6470588235294118,20,serveur_web,3.7,faible
3,1,3,4.333333333333333,0.17478532287331808,0.4819021585150305,2,0.6470588235294118,20,serveur_app,3.4,faible
5,2,2,4.0,0.38795384513032705,0.4819021585150305,2,0.6470588235294118,20,base_donnees,7.8,faible
5,0,0,0.0,0.0,0.4819021585150305,2,0.6470588235294118,20,donnees_sensibles,0.0,faible
3,0,0,0.0,0.0,0.4819021585150305,2,0.6470588235294118,20,sauvegardes,0.0,faible
2,1,9,4.0,0.9267972299653989,0.4819021585150305,2,0.6470588235294118,20,vpn,12.4,moyen
3,1,8,4.125,0.34739577280049827,0.4819021585150305,2,0.6470588235294118,20,routeur,6.6,faible
4,3,7,4.142857142857143,0.30139692134932505,0.4819021585150305,2,0.6470588235294118,20,switch,9.7,faible
3,2,7,4.285714285714286,0.2721127865521751,0.4819021585150305,2,0.6470588235294118,20,postes,10.9,moyen
5,0,0,0.0,0.0,0.4819021585150305,2,0.6470588235294118,20,serveur_rh,0.0,faible
5,3,5,4.2,0.6849628204962306,0.4819021585150305,2,0.6470588235294118,20,compte_admin,24.7,élevé
1,1,12,3.6666666666666665,0.829341379202648,0.3494027067970327,3,0.8823529411764706,20,internet,14.1,moyen
4,2,11,3.6363636363636362,0.47353455889141893,0.3494027067970327,3,0.8823529411764706,20,pare_feu,8.5,faible
2,1,4,4.0,0.3556561625011104,0.3494027067970327,3,0.8823529411764706,20,serveur_web,3.7,faible
3,1,3,4.333333333333333,0.17478532287331808,0.3494027067970327,3,0.8823529411764706,20,serveur_app,3.4,faible
5,2,2,4.0,0.38795384513032705,0.3494027067970327,3,0.8823529411764706,20,base_donnees,7.8,faible
5,0,0,0.0,0.0,0.3494027067970327,3,0.8823529411764706,20,donnees_sensibles,0.0,faible
3,0,0,0.0,0.0,0.3494027067970327,3,0.8823529411764706,20,sauvegardes,0.0,faible
2,1,9,4.0,0.3707188919861596,0.3494027067970327,3,0.8823529411764706,20,vpn,4.9,faible
3,1,8,4.125,0.34739577280049827,0.3494027067970327,3,0.8823529411764706,20,routeur,6.4,faible
4,3,7,4.142857142857143,0.30139692134932505,0.3494027067970327,3,0.8823529411764706,20,switch,9.0,faible
3,2,7,4.285714285714286,0.2064127647494393,0.3494027067970327,3,0.8823529411764706,20,postes,5.9,faible
5,0,0,0.0,0.0,0.3494027067970327,3,0.8823529411764706,20,serveur_rh,0.0,faible
5,3,5,4.2,0.27398512819849224,0.3494027067970327,3,0.8823529411764706,20,compte_admin,9.9,faible
1,1,12,3.6666666666666665,0.8163422237601402,0.48295370347126493,2,0.5625,21,internet,20.6,élevé
4,2,11,3.6363636363636362,0.4729905149599403,0.48295370347126493,2,0.5625,21,pare_feu,17.4,moyen
4,1,3,4.666666666666667,0.5331779016666603,0.48295370347126493,2,0.5625,21,serveur_web,9.6,faible
5,1,2,4.5,0.33772175365540785,0.48295370347126493,2,0.5625,21,serveur_app,5.9,faible
4,1,1,5.0,0.6,0.48295370347126493,2,0.5625,21,base_donnees,7.3,faible
5,0,0,0.0,0.0,0.48295370347126493,2,0.5625,21,donnees_sensibles,0.0,faible
4,0,0,0.0,0.0,0.48295370347126493,2,0.5625,21,sauvegardes,0.0,faible
3,1,9,3.6666666666666665,0.3445661642467266,0.48295370347126493,2,0.5625,21,vpn,10.2,moyen
3,1,8,3.75,0.9344171609754388,0.48295370347126493,2,0.5625,21,routeur,22.4,élevé
3,3,7,3.857142857142857,0.6336028307040843,0.48295370347126493,2,0.5625,21,switch,16.9,moyen
2,2,7,4.0,0.25947410436412527,0.48295370347126493,2,0.5625,21,postes,8.7,faible
3,0,0,0.0,0.0,0.48295370347126493,2,0.5625,21,serveur_rh,0.0,faible
4,3,4,4.5,0.26509877349182703,0.48295370347126493,2,0.5625,21,compte_admin,10.2,moyen
1,1,12,3.6666666666666665,0.8163422237601402,0.7087351384005827,0,0.0,21,internet,33.5,élevé
4,2,11,3.6363636363636362,0.6360803828152011,0.7087351384005827,0,0.0,21,pare_feu,34.3,élevé
4,1,3,4.666666666666667,0.5331779016666603,0.7087351384005827,0,0.0,21,serveur_web,13.1,moyen
5,1,2,4.5,0.5628695894256798,0.7087351384005827,0,0.0,21,serveur_app,12.7,moyen
4,1,1,5.0,1.0,0.7087351384005827,0,0.0,21,base_donnees,12.2,moyen
5,0,0,0.0,0.0,0.7087351384005827,0,0.0,21,donnees_sensibles,0.0,faible
4,0,0,0.0,0.0,0.7087351384005827,0,0.0,21,sauvegardes,0.0,faible
3,1,9,3.6666666666666665,0.8614154106168164,0.7087351384005827,0,0.0,21,vpn,34.6,élevé
3,1,8,3.75,0.9344171609754388,0.7087351384005827,0,0.0,21,routeur,33.0,élevé
3,3,7,3.857142857142857,0.7349437065550254,0.7087351384005827,0,0.0,21,switch,28.2,élevé
2,2,7,4.0,0.3947059715416662,0.7087351384005827,0,0.0,21,postes,21.0,élevé
3,0,0,0.0,0.0,0.7087351384005827,0,0.0,21,serveur_rh,0.0,faible
4,3,4,4.5,0.7883786998619255,0.7087351384005827,0,0.0,21,compte_admin,36.5,critique
1,1,12,3.6666666666666665,0.8163422237601402,0.3287112854804636,4,0.9375,21,internet,13.4,moyen
4,2,11,3.6363636363636362,0.3272849404040337,0.3287112854804636,4,0.9375,21,pare_feu,7.9,faible
4,1,3,4.666666666666667,0.1599533704999981,0.3287112854804636,4,0.9375,21,serveur_web,2.4,faible
5,1,2,4.5,0.16886087682770393,0.3287112854804636,4,0.9375,21,serveur_app,3.0,faible
4,1,1,5.0,0.6,0.3287112854804636,4,0.9375,21,base_donnees,7.3,faible
5,0,0,0.0,0.0,0.3287112854804636,4,0.9375,21,donnees_sensibles,0.0,faible
4,0,0,0.0,0.0,0.3287112854804636,4,0.9375,21,sauvegardes,0.0,faible
3,1,9,3.6666666666666665,0.3445661642467266,0.3287112854804636,4,0.9375,21,vpn,4.9,faible
3,1,8,3.75,0.4672085804877194,0.3287112854804636,4,0.9375,21,routeur,7.0,faible
3,3,7,3.857142857142857,0.31680141535204215,0.3287112854804636,4,0.9375,21,switch,7.8,faible
2,2,7,4.0,0.151089452262727,0.3287112854804636,4,0.9375,21,postes,3.7,faible
3,0,0,0.0,0.0,0.3287112854804636,4,0.9375,21,serveur_rh,0.0,faible
4,3,4,4.5,0.26509877349182703,0.3287112854804636,4,0.9375,21,compte_admin,10.2,moyen
1,1,12,3.6666666666666665,0.8163422237601402,0.3287112854804636,4,0.9375,21,internet,13.4,moyen
4,2,11,3.6363636363636362,0.3272849404040337,0.3287112854804636,4,0.9375,21,pare_feu,7.9,faible
4,1,3,4.666666666666667,0.1599533704999981,0.3287112854804636,4,0.9375,21,serveur_web,2.4,faible
5,1,2,4.5,0.16886087682770393,0.3287112854804636,4,0.9375,21,serveur_app,3.0,faible
4,1,1,5.0,0.6,0.3287112854804636,4,0.9375,21,base_donnees,7.3,faible
5,0,0,0.0,0.0,0.3287112854804636,4,0.9375,21,donnees_sensibles,0.0,faible
4,0,0,0.0,0.0,0.3287112854804636,4,0.9375,21,sauvegardes,0.0,faible
3,1,9,3.6666666666666665,0.3445661642467266,0.3287112854804636,4,0.9375,21,vpn,4.9,faible
3,1,8,3.75,0.4672085804877194,0.3287112854804636,4,0.9375,21,routeur,7.0,faible
3,3,7,3.857142857142857,0.31680141535204215,0.3287112854804636,4,0.9375,21,switch,7.8,faible
2,2,7,4.0,0.151089452262727,0.3287112854804636,4,0.9375,21,postes,3.7,faible
3,0,0,0.0,0.0,0.3287112854804636,4,0.9375,21,serveur_rh,0.0,faible
4,3,4,4.5,0.26509877349182703,0.3287112854804636,4,0.9375,21,compte_admin,10.2,moyen
1,1,6,3.8333333333333335,0.9324499357138696,0.7367981872378937,0,0.0,22,internet,27.1,élevé
5,1,5,3.6,0.885870905868599,0.7367981872378937,0,0.0,22,pare_feu,19.8,moyen
2,1,4,4.0,0.6305527258491738,0.7367981872378937,0,0.0,22,serveur_web,16.3,moyen
4,1,3,4.0,0.7243445492157289,0.7367981872378937,0,0.0,22,serveur_app,17.5,moyen
4,2,2,4.0,0.766632667098565,0.7367981872378937,0,0.0,22,base_donnees,14.6,moyen
5,0,0,0.0,0.0,0.7367981872378937,0,0.0,22,donnees_sensibles,0.0,faible
3,0,0,0.0,0.0,0.7367981872378937,0,0.0,22,sauvegardes,0.0,faible
3,1,9,3.888888888888889,0.6321791970730855,0.7367981872378937,0,0.0,22,vpn,30.1,élevé
4,1,8,3.875,0.9883505372432717,0.7367981872378937,0,0.0,22,routeur,39.3,critique
4,3,7,3.857142857142857,0.7094240361665167,0.7367981872378937,0,0.0,22,switch,30.2,élevé
2,2,7,4.142857142857143,0.5085985759670331,0.7367981872378937,0,0.0,22,postes,26.7,élevé
4,0,0,0.0,0.0,0.7367981872378937,0,0.0,22,serveur_rh,0.0,faible
5,4,5,4.0,0.7632716843624292,0.7367981872378937,0,0.0,22,compte_admin,35.9,critique
1,1,6,3.8333333333333335,0.9324499357138696,0.5266280711859578,2,0.5294117647058824,22,internet,23.0,élevé
5,1,5,3.6,0.885870905868599,0.5266280711859578,2,0.5294117647058824,22,pare_feu,14.9,moyen
2,1,4,4.0,0.6305527258491738,0.5266280711859578,2,0.5294117647058824,22,serveur_web,11.1,moyen
4,1,3,4.0,0.4346067295294373,0.5266280711859578,2,0.5294117647058824,22,serveur_app,8.9,faible
4,2,2,4.0,0.6134171223222206,0.5266280711859578,2,0.5294117647058824,22,base_donnees,11.0,moyen
5,0,0,0.0,0.0,0.5266280711859578,2,0.5294117647058824,22,donnees_sensibles,0.0,faible
3,0,0,0.0,0.0,0.5266280711859578,2,0.5294117647058824,22,sauvegardes,0.0,faible
3,1,9,3.888888888888889,0.25287167882923417,0.5266280711859578,2,0.5294117647058824,22,vpn,9.4,faible
4,1,8,3.875,0.9883505372432717,0.5266280711859578,2,0.5294117647058824,22,routeur,28.7,élevé
4,3,7,3.857142857142857,0.6070111340451493,0.5266280711859578,2,0.5294117647058824,22,switch,19.5,moyen
2,2,7,4.142857142857143,0.35122488317472805,0.5266280711859578,2,0.5294117647058824,22,postes,15.1,moyen
4,0,0,0.0,0.0,0.5266280711859578,2,0.5294117647058824,22,serveur_rh,0.0,faible
5,4,5,4.0,0.2694143209995876,0.5266280711859578,2,0.5294117647058824,22,compte_admin,10.8,moyen
1,1,6,3.8333333333333335,0.9324499357138696,0.6527977365446191,1,0.29411764705882354,22,internet,23.0,élevé
5,1,5,3.6,0.885870905868599,0.6527977365446191,1,0.29411764705882354,22,pare_feu,14.9,moyen
2,1,4,4.0,0.6305527258491738,0.6527977365446191,1,0.29411764705882354,22,serveur_web,11.1,moyen
4,1,3,4.0,0.4346067295294373,0.6527977365446191,1,0.29411764705882354,22,serveur_app,8.9,faible
4,2,2,4.0,0.6134171223222206,0.6527977365446191,1,0.29411764705882354,22,base_donnees,11.0,moyen
5,0,0,0.0,0.0,0.6527977365446191,1,0.29411764705882354,22,donnees_sensibles,0.0,faible
3,0,0,0.0,0.0,0.6527977365446191,1,0.29411764705882354,22,sauvegardes,0.0,faible
3,1,9,3.888888888888889,0.6321791970730855,0.6527977365446191,1,0.29411764705882354,22,vpn,24.5,élevé
4,1,8,3.875,0.9883505372432717,0.6527977365446191,1,0.29411764705882354,22,routeur,30.1,élevé
4,3,7,3.857142857142857,0.6070111340451493,0.6527977365446191,1,0.29411764705882354,22,switch,20.9,élevé
2,2,7,4.142857142857143,0.42577031660266196,0.6527977365446191,1,0.29411764705882354,22,postes,17.6,moyen
4,0,0,0.0,0.0,0.6527977365446191,1,0.29411764705882354,22,serveur_rh,0.0,faible
5,4,5,4.0,0.6735358024989689,0.6527977365446191,1,0.29411764705882354,22,compte_admin,27.1,élevé
1,1,6,3.8333333333333335,0.9324499357138696,0.3723696341216945,3,0.8823529411764706,22,internet,17.3,moyen
5,1,5,3.6,0.885870905868599,0.3723696341216945,3,0.8823529411764706,22,pare_feu,8.1,faible
2,1,4,4.0,0.3152763629245869,0.3723696341216945,3,0.8823529411764706,22,serveur_web,4.0,faible
4,1,3,4.0,0.21730336476471865,0.3723696341216945,3,0.8823529411764706,22,serveur_app,3.8,faible
4,2,2,4.0,0.42162021974336866,0.3723696341216945,3,0.8823529411764706,22,base_donnees,8.2,faible
5,0,0,0.0,0.0,0.3723696341216945,3,0.8823529411764706,22,donnees_sensibles,0.0,faible
3,0,0,0.0,0.0,0.3723696341216945,3,0.8823529411764706,22,sauvegardes,0.0,faible
3,1,9,3.888888888888889,0.25287167882923417,0.3723696341216945,3,0.8823529411764706,22,vpn,4.5,faible
4,1,8,3.875,0.49417526862163585,0.3723696341216945,3,0.8823529411764706,22,routeur,8.8,faible
4,3,7,3.857142857142857,0.30350556702257464,0.3723696341216945,3,0.8823529411764706,22,switch,8.3,faible
2,2,7,4.142857142857143,0.20046091939667532,0.3723696341216945,3,0.8823529411764706,22,postes,5.8,faible
4,0,0,0.0,0.0,0.3723696341216945,3,0.8823529411764706,22,serveur_rh,0.0,faible
5,4,5,4.0,0.2694143209995876,0.3723696341216945,3,0.8823529411764706,22,compte_admin,10.8,moyen
1,0,0,0.0,0.0,0.3462711255141815,3,0.9411764705882353,23,internet,0.0,faible
3,2,11,3.6363636363636362,0.37825606235340253,0.3462711255141815,3,0.9411764705882353,23,pare_feu,9.0,faible
3,1,4,4.0,0.24575884528879016,0.3462711255141815,3,0.9411764705882353,23,serveur_web,3.6,faible
3,1,3,4.333333333333333,0.29522538442155905,0.3462711255141815,3,0.9411764705882353,23,serveur_app,7.2,faible
4,2,2,4.5,0.6224614558600313,0.3462711255141815,3,0.9411764705882353,23,base_donnees,14.9,moyen
5,0,0,0.0,0.0,0.3462711255141815,3,0.9411764705882353,23,donnees_sensibles,0.0,faible
4,0,0,0.0,0.0,0.3462711255141815,3,0.9411764705882353,23,sauvegardes,0.0,faible
4,1,9,3.6666666666666665,0.3335205235258672,0.3462711255141815,3,0.9411764705882353,23,vpn,5.4,faible
3,1,8,3.75,0.5,0.3462711255141815,3,0.9411764705882353,23,routeur,8.4,faible
3,3,7,3.857142857142857,0.33183884673993064,0.3462711255141815,3,0.9411764705882353,23,switch,9.4,faible
2,2,7,4.0,0.2097063769700972,0.3462711255141815,3,0.9411764705882353,23,postes,6.1,faible
4,0,0,0.0,0.0,0.3462711255141815,3,0.9411764705882353,23,serveur_rh,0.0,faible
5,4,5,4.0,0.2739350124795039,0.3462711255141815,3,0.9411764705882353,23,compte_admin,15.1,moyen
1,0,0,0.0,0.0,0.3772122831353775,2,0.8823529411764706,23,internet,0.0,faible
3,2,11,3.6363636363636362,0.5593362870373049,0.3772122831353775,2,0.8823529411764706,23,pare_feu,15.1,moyen
3,1,4,4.0,0.40959807548131694,0.3772122831353775,2,0.8823529411764706,23,serveur_web,5.9,faible
3,1,3,4.333333333333333,0.29522538442155905,0.3772122831353775,2,0.8823529411764706,23,serveur_app,7.2,faible
4,2,2,4.5,0.6224614558600313,0.3772122831353775,2,0.8823529411764706,23,base_donnees,14.9,moyen
5,0,0,0.0,0.0,0.3772122831353775,2,0.8823529411764706,23,donnees_sensibles,0.0,faible
4,0,0,0.0,0.0,0.3772122831353775,2,0.8823529411764706,23,sauvegardes,0.0,faible
4,1,9,3.6666666666666665,0.3335205235258672,0.3772122831353775,2,0.8823529411764706,23,vpn,5.4,faible
3,1,8,3.75,0.5,0.3772122831353775,2,0.8823529411764706,23,routeur,8.4,faible
3,3,7,3.857142857142857,0.33183884673993064,0.3772122831353775,2,0.8823529411764706,23,switch,9.4,faible
2,2,7,4.0,0.2097063769700972,0.3772122831353775,2,0.8823529411764706,23,postes,6.1,faible
4,0,0,0.0,0.0,0.3772122831353775,2,0.8823529411764706,23,serveur_rh,0.0,faible
5,4,5,4.0,0.2739350124795039,0.3772122831353775,2,0.8823529411764706,23,compte_admin,15.1,moyen
1,0,0,0.0,0.0,0.6940933615170202,0,0.0,23,internet,0.0,faible
3,2,11,3.6363636363636362,0.7192898750286283,0.6940933615170202,0,0.0,23,pare_feu,41.3,critique
3,1,4,4.0,0.8191961509626339,0.6940933615170202,0,0.0,23,serveur_web,18.9,moyen
3,1,3,4.333333333333333,0.5904507688431181,0.6940933615170202,0,0.0,23,serveur_app,15.8,moyen
4,2,2,4.5,0.7449229117200625,0.6940933615170202,0,0.0,23,base_donnees,17.4,moyen
5,0,0,0.0,0.0,0.6940933615170202,0,0.0,23,donnees_sensibles,0.0,faible
4,0,0,0.0,0.0,0.6940933615170202,0,0.0,23,sauvegardes,0.0,faible
4,1,9,3.6666666666666665,0.833801308814668,0.6940933615170202,0,0.0,23,vpn,34.2,élevé
3,1,8,3.75,1.0,0.6940933615170202,0,0.0,23,routeur,32.7,élevé
3,3,7,3.857142857142857,0.6636776934798613,0.6940933615170202,0,0.0,23,switch,25.3,élevé
2,2,7,4.0,0.4486650692184585,0.6940933615170202,0,0.0,23,postes,20.5,élevé
4,0,0,0.0,0.0,0.6940933615170202,0,0.0,23,serveur_rh,0.0,faible
5,4,5,4.0,0.6848375311987598,0.6940933615170202,0,0.0,23,compte_admin,37.7,critique
1,0,0,0.0,0.0,0.3289333219701282,3,0.9411764705882353,23,internet,0.0,faible
3,2,11,3.6363636363636362,0.5593362870373049,0.3289333219701282,3,0.9411764705882353,23,pare_feu,13.6,moyen
3,1,4,4.0,0.40959807548131694,0.3289333219701282,3,0.9411764705882353,23,serveur_web,4.4,faible
3,1,3,4.333333333333333,0.17713523065293543,0.3289333219701282,3,0.9411764705882353,23,serveur_app,3.4,faible
4,2,2,4.5,0.42246145586003125,0.3289333219701282,3,0.9411764705882353,23,base_donnees,9.9,faible
5,0,0,0.0,0.0,0.3289333219701282,3,0.9411764705882353,23,donnees_sensibles,0.0,faible
4,0,0,0.0,0.0,0.3289333219701282,3,0.9411764705882353,23,sauvegardes,0.0,faible
4,1,9,3.6666666666666665,0.3335205235258672,0.3289333219701282,3,0.9411764705882353,23,vpn,5.0,faible
3,1,8,3.75,0.5,0.3289333219701282,3,0.9411764705882353,23,routeur,7.2,faible
3,3,7,3.857142857142857,0.2946345512223795,0.3289333219701282,3,0.9411764705882353,23,switch,7.1,faible
2,2,7,4.0,0.1863045247474859,0.3289333219701282,3,0.9411764705882353,23,postes,4.4,faible
4,0,0,0.0,0.0,0.3289333219701282,3,0.9411764705882353,23,serveur_rh,0.0,faible
5,4,5,4.0,0.23787611371881912,0.3289333219701282,3,0.9411764705882353,23,compte_admin,10.7,moyen
1,1,6,3.8333333333333335,0.9814660762932963,0.7322308891173867,0,0.0,24,internet,29.9,élevé
4,1,5,3.8,0.9948115947695702,0.7322308891173867,0,0.0,24,pare_feu,22.7,élevé
3,1,4,4.0,0.5527982399649752,0.7322308891173867,0,0.0,24,serveur_web,15.0,moyen
3,1,3,4.333333333333333,0.7457296416287424,0.7322308891173867,0,0.0,24,serveur_app,19.8,moyen
5,2,2,4.0,0.7319327021285511,0.7322308891173867,0,0.0,24,base_donnees,15.0,moyen
4,0,0,0.0,0.0,0.7322308891173867,0,0.0,24,donnees_sensibles,0.0,faible
4,0,0,0.0,0.0,0.7322308891173867,0,0.0,24,sauvegardes,0.0,faible
3,1,9,3.6666666666666665,0.866696831442949,0.7322308891173867,0,0.0,24,vpn,27.6,élevé
3,1,8,3.75,0.6639158615459744,0.7322308891173867,0,0.0,24,routeur,24.5,élevé
2,3,7,4.0,0.7402973846638449,0.7322308891173867,0,0.0,24,switch,31.2,élevé
2,2,7,4.0,0.4415597863012888,0.7322308891173867,0,0.0,24,postes,21.2,élevé
5,0,0,0.0,0.0,0.7322308891173867,0,0.0,24,serveur_rh,0.0,faible
5,4,5,4.2,0.768657434624713,0.7322308891173867,0,0.0,24,compte_admin,42.5,critique
1,1,6,3.8333333333333335,0.9814660762932963,0.3989086415336362,3,0.8823529411764706,24,internet,14.7,moyen
4,1,5,3.8,0.5968869568617421,0.3989086415336362,3,0.8823529411764706,24,pare_feu,6.1,faible
3,1,4,4.0,0.16583947198949256,0.3989086415336362,3,0.8823529411764706,24,serveur_web,2.7,faible
3,1,3,4.333333333333333,0.3728648208143712,0.3989086415336362,3,0.8823529411764706,24,serveur_app,9.0,faible
5,2,2,4.0,0.6159663510642756,0.3989086415336362,3,0.8823529411764706,24,base_donnees,12.6,moyen
4,0,0,0.0,0.0,0.3989086415336362,3,0.8823529411764706,24,donnees_sensibles,0.0,faible
4,0,0,0.0,0.0,0.3989086415336362,3,0.8823529411764706,24,sauvegardes,0.0,faible
3,1,9,3.6666666666666665,0.3466787325771796,0.3989086415336362,3,0.8823529411764706,24,vpn,4.5,faible
3,1,8,3.75,0.3319579307729872,0.3989086415336362,3,0.8823529411764706,24,routeur,5.6,faible
2,3,7,4.0,0.37014869233192244,0.3989086415336362,3,0.8823529411764706,24,switch,11.7,moyen
2,2,7,4.0,0.2067611211194436,0.3989086415336362,3,0.8823529411764706,24,postes,5.9,faible
5,0,0,0.0,0.0,0.3989086415336362,3,0.8823529411764706,24,serveur_rh,0.0,faible
5,4,5,4.2,0.30746297384988525,0.3989086415336362,3,0.8823529411764706,24,compte_admin,17.0,moyen
1,1,6,3.8333333333333335,0.9814660762932963,0.6096454974459926,2,0.4117647058823529,24,internet,16.4,moyen
4,1,5,3.8,0.5968869568617421,0.6096454974459926,2,0.4117647058823529,24,pare_feu,8.0,faible
3,1,4,4.0,0.3316789439789851,0.6096454974459926,2,0.4117647058823529,24,serveur_web,5.8,faible
3,1,3,4.333333333333333,0.44743778497724546,0.6096454974459926,2,0.4117647058823529,24,serveur_app,10.1,moyen
5,2,2,4.0,0.5319327021285511,0.6096454974459926,2,0.4117647058823529,24,base_donnees,10.9,moyen
4,0,0,0.0,0.0,0.6096454974459926,2,0.4117647058823529,24,donnees_sensibles,0.0,faible
4,0,0,0.0,0.0,0.6096454974459926,2,0.4117647058823529,24,sauvegardes,0.0,faible
3,1,9,3.6666666666666665,0.866696831442949,0.6096454974459926,2,0.4117647058823529,24,vpn,21.6,élevé
3,1,8,3.75,0.6639158615459744,0.6096454974459926,2,0.4117647058823529,24,routeur,17.6,moyen
2,3,7,4.0,0.6395745745777756,0.6096454974459926,2,0.4117647058823529,24,switch,21.1,élevé
2,2,7,4.0,0.3854846981764856,0.6096454974459926,2,0.4117647058823529,24,postes,14.3,moyen
5,0,0,0.0,0.0,0.6096454974459926,2,0.4117647058823529,24,serveur_rh,0.0,faible
5,4,5,4.2,0.6805831192845706,0.6096454974459926,2,0.4117647058823529,24,compte_admin,32.2,élevé
1,1,6,3.8333333333333335,0.9814660762932963,0.7322308891173867,0,0.0,24,internet,29.9,élevé
4,1,5,3.8,0.9948115947695702,0.7322308891173867,0,0.0,24,pare_feu,22.7,élevé
3,1,4,4.0,0.5527982399649752,0.7322308891173867,0,0.0,24,serveur_web,15.0,moyen
3,1,3,4.333333333333333,0.7457296416287424,0.7322308891173867,0,0.0,24,serveur_app,19.8,moyen
5,2,2,4.0,0.7319327021285511,0.7322308891173867,0,0.0,24,base_donnees,15.0,moyen
4,0,0,0.0,0.0,0.7322308891173867,0,0.0,24,donnees_sensibles,0.0,faible
4,0,0,0.0,0.0,0.7322308891173867,0,0.0,24,sauvegardes,0.0,faible
3,1,9,3.6666666666666665,0.866696831442949,0.7322308891173867,0,0.0,24,vpn,27.6,élevé
3,1,8,3.75,0.6639158615459744,0.7322308891173867,0,0.0,24,routeur,24.5,élevé
2,3,7,4.0,0.7402973846638449,0.7322308891173867,0,0.0,24,switch,31.2,élevé
2,2,7,4.0,0.4415597863012888,0.7322308891173867,0,0.0,24,postes,21.2,élevé
5,0,0,0.0,0.0,0.7322308891173867,0,0.0,24,serveur_rh,0.0,faible
5,4,5,4.2,0.768657434624713,0.7322308891173867,0,0.0,24,compte_admin,42.5,critique
1,1,11,3.6363636363636362,1.0,0.3384629143842304,4,0.9375,25,internet,8.9,faible
3,1,10,3.7,0.1949215492936824,0.3384629143842304,4,0.9375,25,pare_feu,2.0,faible
3,1,4,4.25,0.1525195907330495,0.3384629143842304,4,0.9375,25,serveur_web,1.9,faible
4,1,3,4.333333333333333,0.15228014868322812,0.3384629143842304,4,0.9375,25,serveur_app,3.0,faible
4,2,2,4.5,0.42636490424810547,0.3384629143842304,4,0.9375,25,base_donnees,9.9,faible
5,0,0,0.0,0.0,0.3384629143842304,4,0.9375,25,donnees_sensibles,0.0,faible
4,0,0,0.0,0.0,0.3384629143842304,4,0.9375,25,sauvegardes,0.0,faible
2,1,9,3.888888888888889,0.36863185641322205,0.3384629143842304,4,0.9375,25,vpn,5.1,faible
3,1,8,4.0,0.4113830275295481,0.3384629143842304,4,0.9375,25,routeur,6.7,faible
3,3,7,4.142857142857143,0.3237022761968782,0.3384629143842304,4,0.9375,25,switch,9.1,faible
2,1,6,4.5,0.11873111970941107,0.3384629143842304,4,0.9375,25,postes,3.0,faible
5,0,0,0.0,0.0,0.3384629143842304,4,0.9375,25,serveur_rh,0.0,faible
5,4,5,4.4,0.29827567517467474,0.3384629143842304,4,0.9375,25,compte_admin,14.4,moyen
1,1,11,3.6363636363636362,1.0,0.7329729119079967,0,0.0,25,internet,27.3,élevé
3,1,10,3.7,0.487303873234206,0.7329729119079967,0,0.0,25,pare_feu,21.4,élevé
3,1,4,4.25,0.5083986357768316,0.7329729119079967,0,0.0,25,serveur_web,11.9,moyen
4,1,3,4.333333333333333,0.5076004956107604,0.7329729119079967,0,0.0,25,serveur_app,14.0,moyen
4,2,2,4.5,0.7618990946764681,0.7329729119079967,0,0.0,25,base_donnees,17.5,moyen
5,0,0,0.0,0.0,0.7329729119079967,0,0.0,25,donnees_sensibles,0.0,faible
4,0,0,0.0,0.0,0.7329729119079967,0,0.0,25,sauvegardes,0.0,faible
2,1,9,3.888888888888889,0.9215796410330551,0.7329729119079967,0,0.0,25,vpn,38.1,critique
3,1,8,4.0,0.8227660550590962,0.7329729119079967,0,0.0,25,routeur,35.0,critique
3,3,7,4.142857142857143,0.7197084861887751,0.7329729119079967,0,0.0,25,switch,35.2,critique
2,1,6,4.5,0.49471299878921277,0.7329729119079967,0,0.0,25,postes,26.7,élevé
5,0,0,0.0,0.0,0.7329729119079967,0,0.0,25,serveur_rh,0.0,faible
5,4,5,4.4,0.8255703107763809,0.7329729119079967,0,0.0,25,compte_admin,45.2,critique
1,1,11,3.6363636363636362,1.0,0.7329729119079967,0,0.0,25,internet,27.3,élevé
3,1,10,3.7,0.487303873234206,0.7329729119079967,0,0.0,25,pare_feu,21.4,élevé
3,1,4,4.25,0.5083986357768316,0.7329729119079967,0,0.0,25,serveur_web,11.9,moyen
4,1,3,4.333333333333333,0.5076004956107604,0.7329729119079967,0,0.0,25,serveur_app,14.0,moyen
4,2,2,4.5,0.7618990946764681,0.7329729119079967,0,0.0,25,base_donnees,17.5,moyen
5,0,0,0.0,0.0,0.7329729119079967,0,0.0,25,donnees_sensibles,0.0,faible
4,0,0,0.0,0.0,0.7329729119079967,0,0.0,25,sauvegardes,0.0,faible
2,1,9,3.888888888888889,0.9215796410330551,0.7329729119079967,0,0.0,25,vpn,38.1,critique
3,1,8,4.0,0.8227660550590962,0.7329729119079967,0,0.0,25,routeur,35.0,critique
3,3,7,4.142857142857143,0.7197084861887751,0.7329729119079967,0,0.0,25,switch,35.2,critique
2,1,6,4.5,0.49471299878921277,0.7329729119079967,0,0.0,25,postes,26.7,élevé
5,0,0,0.0,0.0,0.7329729119079967,0,0.0,25,serveur_rh,0.0,faible
5,4,5,4.4,0.8255703107763809,0.7329729119079967,0,0.0,25,compte_admin,45.2,critique
1,1,11,3.6363636363636362,1.0,0.5206354497797233,2,0.625,25,internet,15.7,moyen
3,1,10,3.7,0.487303873234206,0.5206354497797233,2,0.625,25,pare_feu,9.1,faible
3,1,4,4.25,0.2541993178884158,0.5206354497797233,2,0.625,25,serveur_web,3.2,faible
4,1,3,4.333333333333333,0.15228014868322812,0.5206354497797233,2,0.625,25,serveur_app,3.0,faible
4,2,2,4.5,0.42636490424810547,0.5206354497797233,2,0.625,25,base_donnees,9.9,faible
5,0,0,0.0,0.0,0.5206354497797233,2,0.625,25,donnees_sensibles,0.0,faible
4,0,0,0.0,0.0,0.5206354497797233,2,0.625,25,sauvegardes,0.0,faible
2,1,9,3.888888888888889,0.9215796410330551,0.5206354497797233,2,0.625,25,vpn,13.5,moyen
3,1,8,4.0,0.4113830275295481,0.5206354497797233,2,0.625,25,routeur,7.7,faible
3,3,7,4.142857142857143,0.3237022761968782,0.5206354497797233,2,0.625,25,switch,11.4,moyen
2,1,6,4.5,0.29682779927352765,0.5206354497797233,2,0.625,25,postes,13.5,moyen
5,0,0,0.0,0.0,0.5206354497797233,2,0.625,25,serveur_rh,0.0,faible
5,4,5,4.4,0.7456891879366868,0.5206354497797233,2,0.625,25,compte_admin,36.0,critique
2,1,12,3.75,1.0,0.7058766605848323,0,0.0,26,internet,41.2,critique
5,2,11,3.6363636363636362,0.7661359354981283,0.7058766605848323,0,0.0,26,pare_feu,32.3,élevé
3,1,1,5.0,0.5046155656353876,0.7058766605848323,0,0.0,26,serveur_web,5.7,faible
5,0,0,0.0,0.0,0.7058766605848323,0,0.0,26,serveur_app,0.0,faible
5,2,2,4.0,0.7260127232492717,0.7058766605848323,0,0.0,26,base_donnees,14.3,moyen
5,0,0,0.0,0.0,0.7058766605848323,0,0.0,26,donnees_sensibles,0.0,faible
3,0,0,0.0,0.0,0.7058766605848323,0,0.0,26,sauvegardes,0.0,faible
3,1,9,3.7777777777777777,0.8859497873184297,0.7058766605848323,0,0.0,26,vpn,31.1,élevé
4,1,8,3.75,0.8308872243741692,0.7058766605848323,0,0.0,26,routeur,26.6,élevé
3,3,7,3.857142857142857,0.673991851842784,0.7058766605848323,0,0.0,26,switch,24.4,élevé
1,2,7,4.142857142857143,0.5266970182832916,0.7058766605848323,0,0.0,26,postes,23.3,élevé
3,0,0,0.0,0.0,0.7058766605848323,0,0.0,26,serveur_rh,0.0,faible
5,4,5,4.2,0.6796959357561074,0.7058766605848323,0,0.0,26,compte_admin,33.0,élevé
2,1,12,3.75,1.0,0.5437507534925673,1,0.4117647058823529,26,internet,26.5,élevé
5,2,11,3.6363636363636362,0.6064543741992513,0.5437507534925673,1,0.4117647058823529,26,pare_feu,16.5,moyen
3,1,1,5.0,0.5046155656353876,0.5437507534925673,1,0.4117647058823529,26,serveur_web,5.7,faible
5,0,0,0.0,0.0,0.5437507534925673,1,0.4117647058823529,26,serveur_app,0.0,faible
5,2,2,4.0,0.7260127232492717,0.5437507534925673,1,0.4117647058823529,26,base_donnees,14.3,moyen
5,0,0,0.0,0.0,0.5437507534925673,1,0.4117647058823529,26,donnees_sensibles,0.0,faible
3,0,0,0.0,0.0,0.5437507534925673,1,0.4117647058823529,26,sauvegardes,0.0,faible
3,1,9,3.7777777777777777,0.35437991492737186,0.5437507534925673,1,0.4117647058823529,26,vpn,9.6,faible
4,1,8,3.75,0.8308872243741692,0.5437507534925673,1,0.4117647058823529,26,routeur,18.3,moyen
3,3,7,3.857142857142857,0.673991851842784,0.5437507534925673,1,0.4117647058823529,26,switch,14.7,moyen
1,2,7,4.142857142857143,0.3897284284007729,0.5437507534925673,1,0.4117647058823529,26,postes,12.5,moyen
3,0,0,0.0,0.0,0.5437507534925673,1,0.4117647058823529,26,serveur_rh,0.0,faible
5,4,5,4.2,0.271878374302443,0.5437507534925673,1,0.4117647058823529,26,compte_admin,13.2,moyen
2,1,12,3.75,1.0,0.4876631267602378,3,0.6470588235294118,26,internet,26.2,élevé
5,2,11,3.6363636363636362,0.5661359354981284,0.4876631267602378,3,0.6470588235294118,26,pare_feu,16.2,moyen
3,1,1,5.0,0.15138466969061626,0.4876631267602378,3,0.6470588235294118,26,serveur_web,1.7,faible
5,0,0,0.0,0.0,0.4876631267602378,3,0.6470588235294118,26,serveur_app,0.0,faible
5,2,2,4.0,0.4043972303985288,0.4876631267602378,3,0.6470588235294118,26,base_donnees,8.1,faible
5,0,0,0.0,0.0,0.4876631267602378,3,0.6470588235294118,26,donnees_sensibles,0.0,faible
3,0,0,0.0,0.0,0.4876631267602378,3,0.6470588235294118,26,sauvegardes,0.0,faible
3,1,9,3.7777777777777777,0.8859497873184297,0.4876631267602378,3,0.6470588235294118,26,vpn,13.4,moyen
4,1,8,3.75,0.4154436121870846,0.4876631267602378,3,0.6470588235294118,26,routeur,6.2,faible
3,3,7,3.857142857142857,0.2931843059680567,0.4876631267602378,3,0.6470588235294118,26,switch,7.8,faible
1,2,7,4.142857142857143,0.28617660745539897,0.4876631267602378,3,0.6470588235294118,26,postes,11.3,moyen
3,0,0,0.0,0.0,0.4876631267602378,3,0.6470588235294118,26,serveur_rh,0.0,faible
5,4,5,4.2,0.6111306552799076,0.4876631267602378,3,0.6470588235294118,26,compte_admin,25.4,élevé
2,1,12,3.75,1.0,0.7058766605848323,0,0.0,26,internet,41.2,critique
5,2,11,3.6363636363636362,0.7661359354981283,0.7058766605848323,0,0.0,26,pare_feu,32.3,élevé
3,1,1,5.0,0.5046155656353876,0.7058766605848323,0,0.0,26,serveur_web,5.7,faible
5,0,0,0.0,0.0,0.7058766605848323,0,0.0,26,serveur_app,0.0,faible
5,2,2,4.0,0.7260127232492717,0.7058766605848323,0,0.0,26,base_donnees,14.3,moyen
5,0,0,0.0,0.0,0.7058766605848323,0,0.0,26,donnees_sensibles,0.0,faible
3,0,0,0.0,0.0,0.7058766605848323,0,0.0,26,sauvegardes,0.0,faible
3,1,9,3.7777777777777777,0.8859497873184297,0.7058766605848323,0,0.0,26,vpn,31.1,élevé
4,1,8,3.75,0.8308872243741692,0.7058766605848323,0,0.0,26,routeur,26.6,élevé
3,3,7,3.857142857142857,0.673991851842784,0.7058766605848323,0,0.0,26,switch,24.4,élevé
1,2,7,4.142857142857143,0.5266970182832916,0.7058766605848323,0,0.0,26,postes,23.3,élevé
3,0,0,0.0,0.0,0.7058766605848323,0,0.0,26,serveur_rh,0.0,faible
5,4,5,4.2,0.6796959357561074,0.7058766605848323,0,0.0,26,compte_admin,33.0,élevé
1,1,7,3.857142857142857,0.7157704160849594,0.34269483415422314,4,0.9375,27,internet,9.9,faible
4,2,6,3.8333333333333335,0.32422202386776144,0.34269483415422314,4,0.9375,27,pare_feu,4.9,faible
2,1,4,4.5,0.15786315068814347,0.34269483415422314,4,0.9375,27,serveur_web,2.4,faible
4,1,3,4.666666666666667,0.2729489755357327,0.34269483415422314,4,0.9375,27,serveur_app,6.3,faible
5,2,2,4.5,0.45326324203826374,0.34269483415422314,4,0.9375,27,base_donnees,10.7,moyen
5,0,0,0.0,0.0,0.34269483415422314,4,0.9375,27,donnees_sensibles,0.0,faible
4,0,0,0.0,0.0,0.34269483415422314,4,0.9375,27,sauvegardes,0.0,faible
3,0,0,0.0,0.0,0.34269483415422314,4,0.9375,27,vpn,0.0,faible
3,1,8,3.875,0.48843141913432303,0.34269483415422314,4,0.9375,27,routeur,7.3,faible
2,3,7,4.142857142857143,0.3424071653294461,0.34269483415422314,4,0.9375,27,switch,9.8,faible
2,2,7,4.142857142857143,0.19757049829207085,0.34269483415422314,4,0.9375,27,postes,4.8,faible
4,0,0,0.0,0.0,0.34269483415422314,4,0.9375,27,serveur_rh,0.0,faible
5,3,5,4.4,0.29025678687996054,0.34269483415422314,4,0.9375,27,compte_admin,11.1,moyen
1,1,7,3.857142857142857,0.7157704160849594,0.34269483415422314,4,0.9375,27,internet,9.9,faible
4,2,6,3.8333333333333335,0.32422202386776144,0.34269483415422314,4,0.9375,27,pare_feu,4.9,faible
2,1,4,4.5,0.15786315068814347,0.34269483415422314,4,0.9375,27,serveur_web,2.4,faible
4,1,3,4.666666666666667,0.2729489755357327,0.34269483415422314,4,0.9375,27,serveur_app,6.3,faible
5,2,2,4.5,0.45326324203826374,0.34269483415422314,4,0.9375,27,base_donnees,10.7,moyen
5,0,0,0.0,0.0,0.34269483415422314,4,0.9375,27,donnees_sensibles,0.0,faible
4,0,0,0.0,0.0,0.34269483415422314,4,0.9375,27,sauvegardes,0.0,faible
3,0,0,0.0,0.0,0.34269483415422314,4,0.9375,27,vpn,0.0,faible
3,1,8,3.875,0.48843141913432303,0.34269483415422314,4,0.9375,27,routeur,7.3,faible
2,3,7,4.142857142857143,0.3424071653294461,0.34269483415422314,4,0.9375,27,switch,9.8,faible
2,2,7,4.142857142857143,0.19757049829207085,0.34269483415422314,4,0.9375,27,postes,4.8,faible
4,0,0,0.0,0.0,0.34269483415422314,4,0.9375,27,serveur_rh,0.0,faible
5,3,5,4.4,0.29025678687996054,0.34269483415422314,4,0.9375,27,compte_admin,11.1,moyen
1,1,7,3.857142857142857,0.7157704160849594,0.34269483415422314,4,0.9375,27,internet,9.9,faible
4,2,6,3.8333333333333335,0.32422202386776144,0.34269483415422314,4,0.9375,27,pare_feu,4.9,faible
2,1,4,4.5,0.15786315068814347,0.34269483415422314,4,0.9375,27,serveur_web,2.4,faible
4,1,3,4.666666666666667,0.2729489755357327,0.34269483415422314,4,0.9375,27,serveur_app,6.3,faible
5,2,2,4.5,0.45326324203826374,0.34269483415422314,4,0.9375,27,base_donnees,10.7,moyen
5,0,0,0.0,0.0,0.34269483415422314,4,0.9375,27,donnees_sensibles,0.0,faible
4,0,0,0.0,0.0,0.34269483415422314,4,0.9375,27,sauvegardes,0.0,faible
3,0,0,0.0,0.0,0.34269483415422314,4,0.9375,27,vpn,0.0,faible
3,1,8,3.875,0.48843141913432303,0.34269483415422314,4,0.9375,27,routeur,7.3,faible
2,3,7,4.142857142857143,0.3424071653294461,0.34269483415422314,4,0.9375,27,switch,9.8,faible
2,2,7,4.142857142857143,0.19757049829207085,0.34269483415422314,4,0.9375,27,postes,4.8,faible
4,0,0,0.0,0.0,0.34269483415422314,4,0.9375,27,serveur_rh,0.0,faible
5,3,5,4.4,0.29025678687996054,0.34269483415422314,4,0.9375,27,compte_admin,11.1,moyen
1,1,7,3.857142857142857,0.7157704160849594,0.34269483415422314,4,0.9375,27,internet,9.9,faible
4,2,6,3.8333333333333335,0.32422202386776144,0.34269483415422314,4,0.9375,27,pare_feu,4.9,faible
2,1,4,4.5,0.15786315068814347,0.34269483415422314,4,0.9375,27,serveur_web,2.4,faible
4,1,3,4.666666666666667,0.2729489755357327,0.34269483415422314,4,0.9375,27,serveur_app,6.3,faible
5,2,2,4.5,0.45326324203826374,0.34269483415422314,4,0.9375,27,base_donnees,10.7,moyen
5,0,0,0.0,0.0,0.34269483415422314,4,0.9375,27,donnees_sensibles,0.0,faible
4,0,0,0.0,0.0,0.34269483415422314,4,0.9375,27,sauvegardes,0.0,faible
3,0,0,0.0,0.0,0.34269483415422314,4,0.9375,27,vpn,0.0,faible
3,1,8,3.875,0.48843141913432303,0.34269483415422314,4,0.9375,27,routeur,7.3,faible
2,3,7,4.142857142857143,0.3424071653294461,0.34269483415422314,4,0.9375,27,switch,9.8,faible
2,2,7,4.142857142857143,0.19757049829207085,0.34269483415422314,4,0.9375,27,postes,4.8,faible
4,0,0,0.0,0.0,0.34269483415422314,4,0.9375,27,serveur_rh,0.0,faible
5,3,5,4.4,0.29025678687996054,0.34269483415422314,4,0.9375,27,compte_admin,11.1,moyen
1,1,12,3.8333333333333335,1.0,0.38421188397744555,3,0.8888888888888888,28,internet,13.5,moyen
3,2,11,3.909090909090909,0.3182610855559392,0.38421188397744555,3,0.8888888888888888,28,pare_feu,7.3,faible
3,1,4,4.5,0.2555471196808943,0.38421188397744555,3,0.8888888888888888,28,serveur_web,4.9,faible
4,1,3,4.666666666666667,0.45248490758808885,0.38421188397744555,3,0.8888888888888888,28,serveur_app,10.4,moyen
5,2,2,4.5,0.5740016960043868,0.38421188397744555,3,0.8888888888888888,28,base_donnees,11.7,moyen
4,0,0,0.0,0.0,0.38421188397744555,3,0.8888888888888888,28,donnees_sensibles,0.0,faible
5,0,0,0.0,0.0,0.38421188397744555,3,0.8888888888888888,28,sauvegardes,0.0,faible
3,1,9,4.111111111111111,0.2704136692998017,0.38421188397744555,3,0.8888888888888888,28,vpn,4.5,faible
3,1,8,4.25,0.4363909232388295,0.38421188397744555,3,0.8888888888888888,28,routeur,9.7,faible
4,3,7,4.285714285714286,0.3581802383993631,0.38421188397744555,3,0.8888888888888888,28,switch,13.5,moyen
2,2,7,4.571428571428571,0.23543873319929032,0.38421188397744555,3,0.8888888888888888,28,postes,8.2,faible
5,0,0,0.0,0.0,0.38421188397744555,3,0.8888888888888888,28,serveur_rh,0.0,faible
5,4,5,4.6,0.29275838676727095,0.38421188397744555,3,0.8888888888888888,28,compte_admin,15.1,moyen
1,1,12,3.8333333333333335,1.0,0.7267407088611119,0,0.0,28,internet,43.0,critique
3,2,11,3.909090909090909,0.6057781043441541,0.7267407088611119,0,0.0,28,pare_feu,38.2,critique
3,1,4,4.5,0.8518237322696477,0.7267407088611119,0,0.0,28,serveur_web,27.7,élevé
4,1,3,4.666666666666667,0.9049698151761777,0.7267407088611119,0,0.0,28,serveur_app,24.0,élevé
5,2,2,4.5,0.7253499080717867,0.7267407088611119,0,0.0,28,base_donnees,15.2,moyen
4,0,0,0.0,0.0,0.7267407088611119,0,0.0,28,donnees_sensibles,0.0,faible
5,0,0,0.0,0.0,0.7267407088611119,0,0.0,28,sauvegardes,0.0,faible
3,1,9,4.111111111111111,0.6760341732495042,0.7267407088611119,0,0.0,28,vpn,31.8,élevé
3,1,8,4.25,0.872781846477659,0.7267407088611119,0,0.0,28,routeur,40.3,critique
4,3,7,4.285714285714286,0.7163604767987262,0.7267407088611119,0,0.0,28,switch,37.9,critique
2,2,7,4.571428571428571,0.5184009347131274,0.7267407088611119,0,0.0,28,postes,30.3,élevé
5,0,0,0.0,0.0,0.7267407088611119,0,0.0,28,serveur_rh,0.0,faible
5,4,5,4.6,0.7318959669181774,0.7267407088611119,0,0.0,28,compte_admin,41.5,critique
1,1,12,3.8333333333333335,1.0,0.7267407088611119,0,0.0,28,internet,43.0,critique
3,2,11,3.909090909090909,0.6057781043441541,0.7267407088611119,0,0.0,28,pare_feu,38.2,critique
3,1,4,4.5,0.8518237322696477,0.7267407088611119,0,0.0,28,serveur_web,27.7,élevé
4,1,3,4.666666666666667,0.9049698151761777,0.7267407088611119,0,0.0,28,serveur_app,24.0,élevé
5,2,2,4.5,0.7253499080717867,0.7267407088611119,0,0.0,28,base_donnees,15.2,moyen
4,0,0,0.0,0.0,0.7267407088611119,0,0.0,28,donnees_sensibles,0.0,faible
5,0,0,0.0,0.0,0.7267407088611119,0,0.0,28,sauvegardes,0.0,faible
3,1,9,4.111111111111111,0.6760341732495042,0.7267407088611119,0,0.0,28,vpn,31.8,élevé
3,1,8,4.25,0.872781846477659,0.7267407088611119,0,0.0,28,routeur,40.3,critique
4,3,7,4.285714285714286,0.7163604767987262,0.7267407088611119,0,0.0,28,switch,37.9,critique
2,2,7,4.571428571428571,0.5184009347131274,0.7267407088611119,0,0.0,28,postes,30.3,élevé
5,0,0,0.0,0.0,0.7267407088611119,0,0.0,28,serveur_rh,0.0,faible
5,4,5,4.6,0.7318959669181774,0.7267407088611119,0,0.0,28,compte_admin,41.5,critique
1,1,12,3.8333333333333335,1.0,0.6083792241609182,2,0.3888888888888889,28,internet,24.3,élevé
3,2,11,3.909090909090909,0.45387841670759915,0.6083792241609182,2,0.3888888888888889,28,pare_feu,18.6,moyen
3,1,4,4.5,0.5110942393617885,0.6083792241609182,2,0.3888888888888889,28,serveur_web,11.0,moyen
4,1,3,4.666666666666667,0.5429818891057065,0.6083792241609182,2,0.3888888888888889,28,serveur_app,12.7,moyen
5,2,2,4.5,0.556288514496992,0.6083792241609182,2,0.3888888888888889,28,base_donnees,12.0,moyen
4,0,0,0.0,0.0,0.6083792241609182,2,0.3888888888888889,28,donnees_sensibles,0.0,faible
5,0,0,0.0,0.0,0.6083792241609182,2,0.3888888888888889,28,sauvegardes,0.0,faible
3,1,9,4.111111111111111,0.6760341732495042,0.6083792241609182,2,0.3888888888888889,28,vpn,24.5,élevé
3,1,8,4.25,0.872781846477659,0.6083792241609182,2,0.3888888888888889,28,routeur,29.5,élevé
4,3,7,4.285714285714286,0.6026339678450968,0.6083792241609182,2,0.3888888888888889,28,switch,25.2,élevé
2,2,7,4.571428571428571,0.42335399808403384,0.6083792241609182,2,0.3888888888888889,28,postes,19.8,moyen
5,0,0,0.0,0.0,0.6083792241609182,2,0.3888888888888889,28,serveur_rh,0.0,faible
5,4,5,4.6,0.6682475311473324,0.6083792241609182,2,0.3888888888888889,28,compte_admin,33.4,élevé
2,1,12,3.5833333333333335,0.8167931811326314,0.5043729949422282,2,0.5,29,internet,15.4,moyen
4,2,11,3.5454545454545454,0.2944528188454036,0.5043729949422282,2,0.5,29,pare_feu,10.0,moyen
2,1,4,4.25,0.5432508565564221,0.5043729949422282,2,0.5,29,serveur_web,11.5,moyen
3,1,3,4.666666666666667,0.5399006282839075,0.5043729949422282,2,0.5,29,serveur_app,14.6,moyen
5,2,2,4.5,0.6923893564281858,0.5043729949422282,2,0.5,29,base_donnees,16.0,moyen
5,0,0,0.0,0.0,0.5043729949422282,2,0.5,29,donnees_sensibles,0.0,faible
4,0,0,0.0,0.0,0.5043729949422282,2,0.5,29,sauvegardes,0.0,faible
3,1,9,3.7777777777777777,0.3689533130802165,0.5043729949422282,2,0.5,29,vpn,12.8,moyen
4,1,8,3.75,0.9049261587615984,0.5043729949422282,2,0.5,29,routeur,25.8,élevé
3,3,7,3.857142857142857,0.5904791581217482,0.5043729949422282,2,0.5,29,switch,20.7,élevé
1,2,7,4.142857142857143,0.41831744030144696,0.5043729949422282,2,0.5,29,postes,17.7,moyen
5,0,0,0.0,0.0,0.5043729949422282,2,0.5,29,serveur_rh,0.0,faible
4,4,5,4.4,0.3307832664075037,0.5043729949422282,2,0.5,29,compte_admin,18.0,moyen
2,1,12,3.5833333333333335,0.8167931811326314,0.6022325667252011,2,0.3888888888888889,29,internet,24.8,élevé
4,2,11,3.5454545454545454,0.4682491891690551,0.6022325667252011,2,0.3888888888888889,29,pare_feu,22.1,élevé
2,1,4,4.25,0.5432508565564221,0.6022325667252011,2,0.3888888888888889,29,serveur_web,7.8,faible
3,1,3,4.666666666666667,0.3239403769703445,0.6022325667252011,2,0.3888888888888889,29,serveur_app,7.5,faible
5,2,2,4.5,0.5238477554534962,0.6022325667252011,2,0.3888888888888889,29,base_donnees,11.7,moyen
5,0,0,0.0,0.0,0.6022325667252011,2,0.3888888888888889,29,donnees_sensibles,0.0,faible
4,0,0,0.0,0.0,0.6022325667252011,2,0.3888888888888889,29,sauvegardes,0.0,faible
3,1,9,3.7777777777777777,0.9223832827005412,0.6022325667252011,2,0.3888888888888889,29,vpn,27.1,élevé
4,1,8,3.75,0.9049261587615984,0.6022325667252011,2,0.3888888888888889,29,routeur,20.3,élevé
3,3,7,3.857142857142857,0.50649554528866,0.6022325667252011,2,0.3888888888888889,29,switch,14.8,moyen
1,2,7,4.142857142857143,0.45868957787298104,0.6022325667252011,2,0.3888888888888889,29,postes,15.8,moyen
5,0,0,0.0,0.0,0.6022325667252011,2,0.3888888888888889,29,serveur_rh,0.0,faible
4,4,5,4.4,0.7269581660187592,0.6022325667252011,2,0.3888888888888889,29,compte_admin,33.5,élevé
2,1,12,3.5833333333333335,0.8167931811326314,0.7114974653753817,0,0.0,29,internet,33.8,élevé
4,2,11,3.5454545454545454,0.587308237144368,0.7114974653753817,0,0.0,29,pare_feu,33.7,élevé
2,1,4,4.25,0.9054180942607035,0.7114974653753817,0,0.0,29,serveur_web,19.3,moyen
3,1,3,4.666666666666667,0.5399006282839075,0.7114974653753817,0,0.0,29,serveur_app,14.6,moyen
5,2,2,4.5,0.6923893564281858,0.7114974653753817,0,0.0,29,base_donnees,16.0,moyen
5,0,0,0.0,0.0,0.7114974653753817,0,0.0,29,donnees_sensibles,0.0,faible
4,0,0,0.0,0.0,0.7114974653753817,0,0.0,29,sauvegardes,0.0,faible
3,1,9,3.7777777777777777,0.9223832827005412,0.7114974653753817,0,0.0,29,vpn,33.5,élevé
4,1,8,3.75,0.9049261587615984,0.7114974653753817,0,0.0,29,routeur,27.4,élevé
3,3,7,3.857142857142857,0.5904791581217482,0.7114974653753817,0,0.0,29,switch,22.4,élevé
1,2,7,4.142857142857143,0.5394338530160493,0.7114974653753817,0,0.0,29,postes,26.2,élevé
5,0,0,0.0,0.0,0.7114974653753817,0,0.0,29,serveur_rh,0.0,faible
4,4,5,4.4,0.8269581660187593,0.7114974653753817,0,0.0,29,compte_admin,45.0,critique
2,1,12,3.5833333333333335,0.8167931811326314,0.44717356650463597,3,0.6666666666666666,29,internet,14.0,moyen
4,2,11,3.5454545454545454,0.2944528188454036,0.44717356650463597,3,0.6666666666666666,29,pare_feu,8.3,faible
2,1,4,4.25,0.5432508565564221,0.44717356650463597,3,0.6666666666666666,29,serveur_web,7.8,faible
3,1,3,4.666666666666667,0.3239403769703445,0.44717356650463597,3,0.6666666666666666,29,serveur_app,7.5,faible
5,2,2,4.5,0.5238477554534962,0.44717356650463597,3,0.6666666666666666,29,base_donnees,11.7,moyen
5,0,0,0.0,0.0,0.44717356650463597,3,0.6666666666666666,29,donnees_sensibles,0.0,faible
4,0,0,0.0,0.0,0.44717356650463597,3,0.6666666666666666,29,sauvegardes,0.0,faible
3,1,9,3.7777777777777777,0.3689533130802165,0.44717356650463597,3,0.6666666666666666,29,vpn,10.5,moyen
4,1,8,3.75,0.9049261587615984,0.44717356650463597,3,0.6666666666666666,29,routeur,19.4,moyen
3,3,7,3.857142857142857,0.50649554528866,0.44717356650463597,3,0.6666666666666666,29,switch,13.8,moyen
1,2,7,4.142857142857143,0.3860197302442197,0.44717356650463597,3,0.6666666666666666,29,postes,13.0,moyen
5,0,0,0.0,0.0,0.44717356650463597,3,0.6666666666666666,29,serveur_rh,0.0,faible
4,4,5,4.4,0.29078326640750374,0.44717356650463597,3,0.6666666666666666,29,compte_admin,13.4,moyen
2,1,12,3.5,0.951268178901514,0.5199082368954594,2,0.5555555555555556,30,internet,26.7,élevé
4,2,11,3.4545454545454546,0.4356226874420184,0.5199082368954594,2,0.5555555555555556,30,pare_feu,19.5,moyen
3,1,4,4.5,0.8463183378357562,0.5199082368954594,2,0.5555555555555556,30,serveur_web,16.7,moyen
3,1,3,5.0,0.47185535850224475,0.5199082368954594,2,0.5555555555555556,30,serveur_app,12.4,moyen
5,2,2,5.0,0.5759704342130118,0.5199082368954594,2,0.5555555555555556,30,base_donnees,14.8,moyen
5,0,0,0.0,0.0,0.5199082368954594,2,0.5555555555555556,30,donnees_sensibles,0.0,faible
5,0,0,0.0,0.0,0.5199082368954594,2,0.5555555555555556,30,sauvegardes,0.0,faible
3,1,9,3.5555555555555554,0.4,0.5199082368954594,2,0.5555555555555556,30,vpn,10.8,moyen
3,1,8,3.625,0.9178886148695394,0.5199082368954594,2,0.5555555555555556,30,routeur,19.7,moyen
2,3,7,3.857142857142857,0.6299418834994518,0.5199082368954594,2,0.5555555555555556,30,switch,16.2,moyen
1,2,7,4.0,0.3720590832528905,0.5199082368954594,2,0.5555555555555556,30,postes,11.7,moyen
4,0,0,0.0,0.0,0.5199082368954594,2,0.5555555555555556,30,serveur_rh,0.0,faible
4,4,5,4.4,0.27847192842375484,0.5199082368954594,2,0.5555555555555556,30,compte_admin,13.5,moyen
2,1,12,3.5,0.951268178901514,0.3475554927430572,4,0.9444444444444444,30,internet,15.3,moyen
4,2,11,3.4545454545454546,0.3040490859026134,0.3475554927430572,4,0.9444444444444444,30,pare_feu,6.8,faible
3,1,4,4.5,0.25389550135072686,0.3475554927430572,4,0.9444444444444444,30,serveur_web,3.2,faible
3,1,3,5.0,0.23592767925112237,0.3475554927430572,4,0.9444444444444444,30,serveur_app,5.3,faible
5,2,2,5.0,0.42791704571210565,0.3475554927430572,4,0.9444444444444444,30,base_donnees,11.0,moyen
5,0,0,0.0,0.0,0.3475554927430572,4,0.9444444444444444,30,donnees_sensibles,0.0,faible
5,0,0,0.0,0.0,0.3475554927430572,4,0.9444444444444444,30,sauvegardes,0.0,faible
3,1,9,3.5555555555555554,0.4,0.3475554927430572,4,0.9444444444444444,30,vpn,5.1,faible
3,1,8,3.625,0.4589443074347697,0.3475554927430572,4,0.9444444444444444,30,routeur,5.4,faible
2,3,7,3.857142857142857,0.3149709417497259,0.3475554927430572,4,0.9444444444444444,30,switch,6.7,faible
1,2,7,4.0,0.21661520013163077,0.3475554927430572,4,0.9444444444444444,30,postes,4.7,faible
4,0,0,0.0,0.0,0.3475554927430572,4,0.9444444444444444,30,serveur_rh,0.0,faible
4,4,5,4.4,0.27847192842375484,0.3475554927430572,4,0.9444444444444444,30,compte_admin,13.5,moyen
2,1,12,3.5,0.951268178901514,0.4230883785115356,2,0.8333333333333334,30,internet,20.6,élevé
4,2,11,3.4545454545454546,0.4356226874420184,0.4230883785115356,2,0.8333333333333334,30,pare_feu,12.7,moyen
3,1,4,4.5,0.4231591689178781,0.4230883785115356,2,0.8333333333333334,30,serveur_web,7.6,faible
3,1,3,5.0,0.39321279875187065,0.4230883785115356,2,0.8333333333333334,30,serveur_app,10.7,moyen
5,2,2,5.0,0.6144928171862387,0.4230883785115356,2,0.8333333333333334,30,base_donnees,15.8,moyen
5,0,0,0.0,0.0,0.4230883785115356,2,0.8333333333333334,30,donnees_sensibles,0.0,faible
5,0,0,0.0,0.0,0.4230883785115356,2,0.8333333333333334,30,sauvegardes,0.0,faible
3,1,9,3.5555555555555554,0.4,0.4230883785115356,2,0.8333333333333334,30,vpn,5.6,faible
3,1,8,3.625,0.4589443074347697,0.4230883785115356,2,0.8333333333333334,30,routeur,6.8,faible
2,3,7,3.857142857142857,0.3666984933243285,0.4230883785115356,2,0.8333333333333334,30,switch,9.7,faible
1,2,7,4.0,0.2573960781385448,0.4230883785115356,2,0.8333333333333334,30,postes,7.5,faible
4,0,0,0.0,0.0,0.4230883785115356,2,0.8333333333333334,30,serveur_rh,0.0,faible
4,4,5,4.4,0.3184719284237548,0.4230883785115356,2,0.8333333333333334,30,compte_admin,18.5,moyen
2,1,12,3.5,0.951268178901514,0.7630417398835766,0,0.0,30,internet,46.1,critique
4,2,11,3.4545454545454546,0.5956557128322775,0.7630417398835766,0,0.0,30,pare_feu,40.9,critique
3,1,4,4.5,0.8463183378357562,0.7630417398835766,0,0.0,30,serveur_web,26.7,élevé
3,1,3,5.0,0.7864255975037413,0.7630417398835766,0,0.0,30,serveur_app,24.2,élevé
5,2,2,5.0,0.7625462056871448,0.7630417398835766,0,0.0,30,base_donnees,19.6,moyen
5,0,0,0.0,0.0,0.7630417398835766,0,0.0,30,donnees_sensibles,0.0,faible
5,0,0,0.0,0.0,0.7630417398835766,0,0.0,30,sauvegardes,0.0,faible
3,1,9,3.5555555555555554,1.0,0.7630417398835766,0,0.0,30,vpn,43.8,critique
3,1,8,3.625,0.9178886148695394,0.7630417398835766,0,0.0,30,routeur,36.5,critique
2,3,7,3.857142857142857,0.733396986648657,0.7630417398835766,0,0.0,30,switch,34.1,élevé
1,2,7,4.0,0.565768253785732,0.7630417398835766,0,0.0,30,postes,30.8,élevé
4,0,0,0.0,0.0,0.7630417398835766,0,0.0,30,serveur_rh,0.0,faible
4,4,5,4.4,0.7961798210593871,0.7630417398835766,0,0.0,30,compte_admin,46.2,critique
1,1,12,3.75,1.0,0.5459423510951933,2,0.5294117647058824,31,internet,18.6,moyen
5,2,11,3.6363636363636362,0.2886002027598973,0.5459423510951933,2,0.5294117647058824,31,pare_feu,8.2,faible
3,1,1,5.0,0.4882330466407663,0.5459423510951933,2,0.5294117647058824,31,serveur_web,5.7,faible
5,0,0,0.0,0.0,0.5459423510951933,2,0.5294117647058824,31,serveur_app,0.0,faible
5,2,2,4.5,0.8783057777473073,0.5459423510951933,2,0.5294117647058824,31,base_donnees,19.6,moyen
5,0,0,0.0,0.0,0.5459423510951933,2,0.5294117647058824,31,donnees_sensibles,0.0,faible
4,0,0,0.0,0.0,0.5459423510951933,2,0.5294117647058824,31,sauvegardes,0.0,faible
3,1,9,3.7777777777777777,0.3156701159246522,0.5459423510951933,2,0.5294117647058824,31,vpn,9.7,faible
3,1,8,3.875,1.0,0.5459423510951933,2,0.5294117647058824,31,routeur,23.8,élevé
2,3,7,4.142857142857143,0.6723013537812212,0.5459423510951933,2,0.5294117647058824,31,switch,18.7,moyen
2,2,7,4.142857142857143,0.48414377864303165,0.5459423510951933,2,0.5294117647058824,31,postes,15.3,moyen
4,0,0,0.0,0.0,0.5459423510951933,2,0.5294117647058824,31,serveur_rh,0.0,faible
4,4,5,4.6,0.28952830660218287,0.5459423510951933,2,0.5294117647058824,31,compte_admin,15.3,moyen
1,1,12,3.75,1.0,0.42139909587395263,2,0.8235294117647058,31,internet,20.0,élevé
5,2,11,3.6363636363636362,0.4056393490164857,0.42139909587395263,2,0.8235294117647058,31,pare_feu,9.8,faible
3,1,1,5.0,0.4068608722006386,0.42139909587395263,2,0.8235294117647058,31,serveur_web,4.7,faible
5,0,0,0.0,0.0,0.42139909587395263,2,0.8235294117647058,31,serveur_app,0.0,faible
5,2,2,4.5,0.6891528888736537,0.42139909587395263,2,0.8235294117647058,31,base_donnees,15.9,moyen
5,0,0,0.0,0.0,0.42139909587395263,2,0.8235294117647058,31,donnees_sensibles,0.0,faible
4,0,0,0.0,0.0,0.42139909587395263,2,0.8235294117647058,31,sauvegardes,0.0,faible
3,1,9,3.7777777777777777,0.3156701159246522,0.42139909587395263,2,0.8235294117647058,31,vpn,4.5,faible
3,1,8,3.875,0.5,0.42139909587395263,2,0.8235294117647058,31,routeur,7.1,faible
2,3,7,4.142857142857143,0.3361506768906106,0.42139909587395263,2,0.8235294117647058,31,switch,9.3,faible
2,2,7,4.142857142857143,0.29255195443553084,0.42139909587395263,2,0.8235294117647058,31,postes,7.5,faible
4,0,0,0.0,0.0,0.42139909587395263,2,0.8235294117647058,31,serveur_rh,0.0,faible
4,4,5,4.6,0.28952830660218287,0.42139909587395263,2,0.8235294117647058,31,compte_admin,15.3,moyen
1,1,12,3.75,1.0,0.6507646311516494,2,0.35294117647058826,31,internet,31.1,élevé
5,2,11,3.6363636363636362,0.4581624278224192,0.6507646311516494,2,0.35294117647058826,31,pare_feu,21.9,élevé
3,1,1,5.0,0.4882330466407663,0.6507646311516494,2,0.35294117647058826,31,serveur_web,5.7,faible
5,0,0,0.0,0.0,0.6507646311516494,2,0.35294117647058826,31,serveur_app,0.0,faible
5,2,2,4.5,0.6783057777473073,0.6507646311516494,2,0.35294117647058826,31,base_donnees,14.7,moyen
5,0,0,0.0,0.0,0.6507646311516494,2,0.35294117647058826,31,donnees_sensibles,0.0,faible
4,0,0,0.0,0.0,0.6507646311516494,2,0.35294117647058826,31,sauvegardes,0.0,faible
3,1,9,3.7777777777777777,0.7891752898116304,0.6507646311516494,2,0.35294117647058826,31,vpn,25.6,élevé
3,1,8,3.875,1.0,0.6507646311516494,2,0.35294117647058826,31,routeur,25.5,élevé
2,3,7,4.142857142857143,0.601958220099243,0.6507646311516494,2,0.35294117647058826,31,switch,20.4,élevé
2,2,7,4.142857142857143,0.5346238437570466,0.6507646311516494,2,0.35294117647058826,31,postes,17.5,moyen
4,0,0,0.0,0.0,0.6507646311516494,2,0.35294117647058826,31,serveur_rh,0.0,faible
4,4,5,4.6,0.6593829085435918,0.6507646311516494,2,0.35294117647058826,31,compte_admin,30.3,élevé
1,1,12,3.75,1.0,0.357504624177611,4,0.9411764705882353,31,internet,16.7,moyen
5,2,11,3.6363636363636362,0.2886002027598973,0.357504624177611,4,0.9411764705882353,31,pare_feu,6.1,faible
3,1,1,5.0,0.24411652332038314,0.357504624177611,4,0.9411764705882353,31,serveur_web,2.8,faible
5,0,0,0.0,0.0,0.357504624177611,4,0.9411764705882353,31,serveur_app,0.0,faible
5,2,2,4.5,0.4891528888736536,0.357504624177611,4,0.9411764705882353,31,base_donnees,11.0,moyen
5,0,0,0.0,0.0,0.357504624177611,4,0.9411764705882353,31,donnees_sensibles,0.0,faible
4,0,0,0.0,0.0,0.357504624177611,4,0.9411764705882353,31,sauvegardes,0.0,faible
3,1,9,3.7777777777777777,0.3156701159246522,0.357504624177611,4,0.9411764705882353,31,vpn,4.1,faible
3,1,8,3.875,0.5,0.357504624177611,4,0.9411764705882353,31,routeur,6.2,faible
2,3,7,4.142857142857143,0.3009791100496215,0.357504624177611,4,0.9411764705882353,31,switch,7.5,faible
2,2,7,4.142857142857143,0.25216790234431885,0.357504624177611,4,0.9411764705882353,31,postes,5.2,faible
4,0,0,0.0,0.0,0.357504624177611,4,0.9411764705882353,31,serveur_rh,0.0,faible
4,4,5,4.6,0.2637531634174367,0.357504624177611,4,0.9411764705882353,31,compte_admin,12.1,moyen
1,1,7,3.7142857142857144,1.0,0.44769120140800933,3,0.6875,32,internet,14.8,moyen
3,2,6,3.8333333333333335,0.3428095554290913,0.44769120140800933,3,0.6875,32,pare_feu,8.2,faible
3,1,4,4.5,0.35650786508412047,0.44769120140800933,3,0.6875,32,serveur_web,6.8,faible
4,1,3,4.666666666666667,0.3533513557059865,0.44769120140800933,3,0.6875,32,serveur_app,9.5,faible
5,2,2,4.5,0.6401188551121795,0.44769120140800933,3,0.6875,32,base_donnees,14.7,moyen
5,0,0,0.0,0.0,0.44769120140800933,3,0.6875,32,donnees_sensibles,0.0,faible
4,0,0,0.0,0.0,0.44769120140800933,3,0.6875,32,sauvegardes,0.0,faible
2,0,0,0.0,0.0,0.44769120140800933,3,0.6875,32,vpn,0.0,faible
3,1,6,4.166666666666667,1.0,0.44769120140800933,3,0.6875,32,routeur,20.4,élevé
3,2,5,4.4,0.4360356697782145,0.44769120140800933,3,0.6875,32,switch,13.1,moyen
2,2,7,4.285714285714286,0.3728954532669775,0.44769120140800933,3,0.6875,32,postes,14.0,moyen
4,0,0,0.0,0.0,0.44769120140800933,3,0.6875,32,serveur_rh,0.0,faible
5,4,5,4.4,0.21737023364127914,0.44769120140800933,3,0.6875,32,compte_admin,10.6,moyen
1,1,7,3.7142857142857144,1.0,0.5512759231378833,1,0.375,32,internet,27.8,élevé
3,2,6,3.8333333333333335,0.5190581173564469,0.5512759231378833,1,0.375,32,pare_feu,21.9,élevé
3,1,4,4.5,0.5941797751402008,0.5512759231378833,1,0.375,32,serveur_web,16.7,moyen
4,1,3,4.666666666666667,0.5889189261766442,0.5512759231378833,1,0.375,32,serveur_app,18.7,moyen
5,2,2,4.5,0.8401188551121795,0.5512759231378833,1,0.375,32,base_donnees,19.8,moyen
5,0,0,0.0,0.0,0.5512759231378833,1,0.375,32,donnees_sensibles,0.0,faible
4,0,0,0.0,0.0,0.5512759231378833,1,0.375,32,sauvegardes,0.0,faible
2,0,0,0.0,0.0,0.5512759231378833,1,0.375,32,vpn,0.0,faible
3,1,6,4.166666666666667,1.0,0.5512759231378833,1,0.375,32,routeur,27.4,élevé
3,2,5,4.4,0.5598074025065186,0.5512759231378833,1,0.375,32,switch,20.1,élevé
2,2,7,4.285714285714286,0.4088037483409408,0.5512759231378833,1,0.375,32,postes,19.2,moyen
4,0,0,0.0,0.0,0.5512759231378833,1,0.375,32,serveur_rh,0.0,faible
5,4,5,4.4,0.24543495556427908,0.5512759231378833,1,0.375,32,compte_admin,14.4,moyen
1,1,7,3.7142857142857144,1.0,0.32580887978666684,4,0.9375,32,internet,12.6,moyen
3,2,6,3.8333333333333335,0.3428095554290913,0.32580887978666684,4,0.9375,32,pare_feu,5.9,faible
3,1,4,4.5,0.17825393254206023,0.32580887978666684,4,0.9375,32,serveur_web,2.5,faible
4,1,3,4.666666666666667,0.17667567785299326,0.32580887978666684,4,0.9375,32,serveur_app,4.1,faible
5,2,2,4.5,0.47005942755608976,0.32580887978666684,4,0.9375,32,base_donnees,11.2,moyen
5,0,0,0.0,0.0,0.32580887978666684,4,0.9375,32,donnees_sensibles,0.0,faible
4,0,0,0.0,0.0,0.32580887978666684,4,0.9375,32,sauvegardes,0.0,faible
2,0,0,0.0,0.0,0.32580887978666684,4,0.9375,32,vpn,0.0,faible
3,1,6,4.166666666666667,0.5,0.32580887978666684,4,0.9375,32,routeur,6.3,faible
3,2,5,4.4,0.21801783488910725,0.32580887978666684,4,0.9375,32,switch,5.3,faible
2,2,7,4.285714285714286,0.21337894793896123,0.32580887978666684,4,0.9375,32,postes,5.5,faible
4,0,0,0.0,0.0,0.32580887978666684,4,0.9375,32,serveur_rh,0.0,faible
5,4,5,4.4,0.21737023364127914,0.32580887978666684,4,0.9375,32,compte_admin,10.6,moyen
1,1,7,3.7142857142857144,1.0,0.32580887978666684,4,0.9375,32,internet,12.6,moyen
3,2,6,3.8333333333333335,0.3428095554290913,0.32580887978666684,4,0.9375,32,pare_feu,5.9,faible
3,1,4,4.5,0.17825393254206023,0.32580887978666684,4,0.9375,32,serveur_web,2.5,faible
4,1,3,4.666666666666667,0.17667567785299326,0.32580887978666684,4,0.9375,32,serveur_app,4.1,faible
5,2,2,4.5,0.47005942755608976,0.32580887978666684,4,0.9375,32,base_donnees,11.2,moyen
5,0,0,0.0,0.0,0.32580887978666684,4,0.9375,32,donnees_sensibles,0.0,faible
4,0,0,0.0,0.0,0.32580887978666684,4,0.9375,32,sauvegardes,0.0,faible
2,0,0,0.0,0.0,0.32580887978666684,4,0.9375,32,vpn,0.0,faible
3,1,6,4.166666666666667,0.5,0.32580887978666684,4,0.9375,32,routeur,6.3,faible
3,2,5,4.4,0.21801783488910725,0.32580887978666684,4,0.9375,32,switch,5.3,faible
2,2,7,4.285714285714286,0.21337894793896123,0.32580887978666684,4,0.9375,32,postes,5.5,faible
4,0,0,0.0,0.0,0.32580887978666684,4,0.9375,32,serveur_rh,0.0,faible
5,4,5,4.4,0.21737023364127914,0.32580887978666684,4,0.9375,32,compte_admin,10.6,moyen
1,1,6,4.0,1.0,0.5472597902298473,1,0.47058823529411764,33,internet,17.0,moyen
4,1,5,4.0,0.7079213907359126,0.5472597902298473,1,0.47058823529411764,33,pare_feu,8.9,faible
4,1,4,4.0,0.2456332490341286,0.5472597902298473,1,0.47058823529411764,33,serveur_web,3.3,faible
3,1,3,4.333333333333333,0.260336200442246,0.5472597902298473,1,0.47058823529411764,33,serveur_app,6.3,faible
5,2,2,4.0,0.6104230068185363,0.5472597902298473,1,0.47058823529411764,33,base_donnees,13.5,moyen
5,0,0,0.0,0.0,0.5472597902298473,1,0.47058823529411764,33,donnees_sensibles,0.0,faible
3,0,0,0.0,0.0,0.5472597902298473,1,0.47058823529411764,33,sauvegardes,0.0,faible
4,1,9,3.7777777777777777,1.0,0.5472597902298473,1,0.47058823529411764,33,vpn,13.4,moyen
2,1,8,4.0,0.39251449086065643,0.5472597902298473,1,0.47058823529411764,33,routeur,8.4,faible
4,3,7,4.0,0.3269619089646561,0.5472597902298473,1,0.47058823529411764,33,switch,13.1,moyen
2,2,7,4.285714285714286,0.33419973278008597,0.5472597902298473,1,0.47058823529411764,33,postes,21.1,élevé
5,0,0,0.0,0.0,0.5472597902298473,1,0.47058823529411764,33,serveur_rh,0.0,faible
5,4,5,4.2,0.7067199741858116,0.5472597902298473,1,0.47058823529411764,33,compte_admin,39.4,critique
1,1,6,4.0,1.0,0.6873166275586237,0,0.0,33,internet,21.6,élevé
4,1,5,4.0,0.7079213907359126,0.6873166275586237,0,0.0,33,pare_feu,13.8,moyen
4,1,4,4.0,0.4912664980682572,0.6873166275586237,0,0.0,33,serveur_web,10.2,moyen
3,1,3,4.333333333333333,0.520672400884492,0.6873166275586237,0,0.0,33,serveur_app,13.4,moyen
5,2,2,4.0,0.7208460136370726,0.6873166275586237,0,0.0,33,base_donnees,15.1,moyen
5,0,0,0.0,0.0,0.6873166275586237,0,0.0,33,donnees_sensibles,0.0,faible
3,0,0,0.0,0.0,0.6873166275586237,0,0.0,33,sauvegardes,0.0,faible
4,1,9,3.7777777777777777,1.0,0.6873166275586237,0,0.0,33,vpn,32.6,élevé
2,1,8,4.0,0.7850289817213129,0.6873166275586237,0,0.0,33,routeur,26.7,élevé
4,3,7,4.0,0.6539238179293122,0.6873166275586237,0,0.0,33,switch,26.3,élevé
2,2,7,4.285714285714286,0.4745750096406497,0.6873166275586237,0,0.0,33,postes,26.2,élevé
5,0,0,0.0,0.0,0.6873166275586237,0,0.0,33,serveur_rh,0.0,faible
5,4,5,4.2,0.7067199741858116,0.6873166275586237,0,0.0,33,compte_admin,39.4,critique
1,1,6,4.0,1.0,0.6873166275586237,0,0.0,33,internet,21.6,élevé
4,1,5,4.0,0.7079213907359126,0.6873166275586237,0,0.0,33,pare_feu,13.8,moyen
4,1,4,4.0,0.4912664980682572,0.6873166275586237,0,0.0,33,serveur_web,10.2,moyen
3,1,3,4.333333333333333,0.520672400884492,0.6873166275586237,0,0.0,33,serveur_app,13.4,moyen
5,2,2,4.0,0.7208460136370726,0.6873166275586237,0,0.0,33,base_donnees,15.1,moyen
5,0,0,0.0,0.0,0.6873166275586237,0,0.0,33,donnees_sensibles,0.0,faible
3,0,0,0.0,0.0,0.6873166275586237,0,0.0,33,sauvegardes,0.0,faible
4,1,9,3.7777777777777777,1.0,0.6873166275586237,0,0.0,33,vpn,32.6,élevé
2,1,8,4.0,0.7850289817213129,0.6873166275586237,0,0.0,33,routeur,26.7,élevé
4,3,7,4.0,0.6539238179293122,0.6873166275586237,0,0.0,33,switch,26.3,élevé
2,2,7,4.285714285714286,0.4745750096406497,0.6873166275586237,0,0.0,33,postes,26.2,élevé
5,0,0,0.0,0.0,0.6873166275586237,0,0.0,33,serveur_rh,0.0,faible
5,4,5,4.2,0.7067199741858116,0.6873166275586237,0,0.0,33,compte_admin,39.4,critique
1,1,6,4.0,1.0,0.5719328442358033,2,0.4117647058823529,33,internet,14.0,moyen
4,1,5,4.0,0.4247528344415476,0.5719328442358033,2,0.4117647058823529,33,pare_feu,5.7,faible
4,1,4,4.0,0.29475989884095427,0.5719328442358033,2,0.4117647058823529,33,serveur_web,4.1,faible
3,1,3,4.333333333333333,0.3124034405306952,0.5719328442358033,2,0.4117647058823529,33,serveur_app,6.6,faible
5,2,2,4.0,0.5208460136370726,0.5719328442358033,2,0.4117647058823529,33,base_donnees,10.3,moyen
5,0,0,0.0,0.0,0.5719328442358033,2,0.4117647058823529,33,donnees_sensibles,0.0,faible
3,0,0,0.0,0.0,0.5719328442358033,2,0.4117647058823529,33,sauvegardes,0.0,faible
4,1,9,3.7777777777777777,1.0,0.5719328442358033,2,0.4117647058823529,33,vpn,25.5,élevé
2,1,8,4.0,0.7850289817213129,0.5719328442358033,2,0.4117647058823529,33,routeur,19.9,moyen
4,3,7,4.0,0.5477502726370242,0.5719328442358033,2,0.4117647058823529,33,switch,17.3,moyen
2,2,7,4.285714285714286,0.39704522727284075,0.5719328442358033,2,0.4117647058823529,33,postes,15.6,moyen
5,0,0,0.0,0.0,0.5719328442358033,2,0.4117647058823529,33,serveur_rh,0.0,faible
5,4,5,4.2,0.6067199741858116,0.5719328442358033,2,0.4117647058823529,33,compte_admin,27.1,élevé
2,1,12,3.6666666666666665,0.7403745417336972,0.47892492782260304,3,0.7058823529411765,34,internet,19.8,moyen
5,2,11,3.5454545454545454,0.5381193762077576,0.47892492782260304,3,0.7058823529411765,34,pare_feu,16.5,moyen
3,1,4,4.5,0.15257382798705568,0.47892492782260304,3,0.7058823529411765,34,serveur_web,2.2,faible
4,1,3,4.666666666666667,0.21500973592233596,0.47892492782260304,3,0.7058823529411765,34,serveur_app,4.9,faible
5,2,2,4.5,0.49441350971187437,0.47892492782260304,3,0.7058823529411765,34,base_donnees,11.1,moyen
5,0,0,0.0,0.0,0.47892492782260304,3,0.7058823529411765,34,donnees_sensibles,0.0,faible
4,0,0,0.0,0.0,0.47892492782260304,3,0.7058823529411765,34,sauvegardes,0.0,faible
3,1,9,3.6666666666666665,0.9998705758983523,0.47892492782260304,3,0.7058823529411765,34,vpn,13.5,moyen
3,1,8,3.75,0.4709181999522281,0.47892492782260304,3,0.7058823529411765,34,routeur,6.5,faible
2,3,7,4.0,0.3368654022445461,0.47892492782260304,3,0.7058823529411765,34,switch,9.0,faible
1,2,7,4.142857142857143,0.2667095281542076,0.47892492782260304,3,0.7058823529411765,34,postes,8.5,faible
5,0,0,0.0,0.0,0.47892492782260304,3,0.7058823529411765,34,serveur_rh,0.0,faible
4,3,4,4.5,0.6512986188697552,0.47892492782260304,3,0.7058823529411765,34,compte_admin,22.3,élevé
2,1,12,3.6666666666666665,0.7403745417336972,0.47892492782260304,3,0.7058823529411765,34,internet,19.8,moyen
5,2,11,3.5454545454545454,0.5381193762077576,0.47892492782260304,3,0.7058823529411765,34,pare_feu,16.5,moyen
3,1,4,4.5,0.15257382798705568,0.47892492782260304,3,0.7058823529411765,34,serveur_web,2.2,faible
4,1,3,4.666666666666667,0.21500973592233596,0.47892492782260304,3,0.7058823529411765,34,serveur_app,4.9,faible
5,2,2,4.5,0.49441350971187437,0.47892492782260304,3,0.7058823529411765,34,base_donnees,11.1,moyen
5,0,0,0.0,0.0,0.47892492782260304,3,0.7058823529411765,34,donnees_sensibles,0.0,faible
4,0,0,0.0,0.0,0.47892492782260304,3,0.7058823529411765,34,sauvegardes,0.0,faible
3,1,9,3.6666666666666665,0.9998705758983523,0.47892492782260304,3,0.7058823529411765,34,vpn,13.5,moyen
3,1,8,3.75,0.4709181999522281,0.47892492782260304,3,0.7058823529411765,34,routeur,6.5,faible
2,3,7,4.0,0.3368654022445461,0.47892492782260304,3,0.7058823529411765,34,switch,9.0,faible
1,2,7,4.142857142857143,0.2667095281542076,0.47892492782260304,3,0.7058823529411765,34,postes,8.5,faible
5,0,0,0.0,0.0,0.47892492782260304,3,0.7058823529411765,34,serveur_rh,0.0,faible
4,3,4,4.5,0.6512986188697552,0.47892492782260304,3,0.7058823529411765,34,compte_admin,22.3,élevé
2,1,12,3.6666666666666665,0.7403745417336972,0.7136104146644303,1,0.11764705882352941,34,internet,31.9,élevé
5,2,11,3.5454545454545454,0.5381193762077576,0.7136104146644303,1,0.11764705882352941,34,pare_feu,34.1,élevé
3,1,4,4.5,0.30514765597411136,0.7136104146644303,1,0.11764705882352941,34,serveur_web,9.5,faible
4,1,3,4.666666666666667,0.7166991197411199,0.7136104146644303,1,0.11764705882352941,34,serveur_app,22.4,élevé
5,2,2,4.5,0.8888270194237486,0.7136104146644303,1,0.11764705882352941,34,base_donnees,19.8,moyen
5,0,0,0.0,0.0,0.7136104146644303,1,0.11764705882352941,34,donnees_sensibles,0.0,faible
4,0,0,0.0,0.0,0.7136104146644303,1,0.11764705882352941,34,sauvegardes,0.0,faible
3,1,9,3.6666666666666665,0.9998705758983523,0.7136104146644303,1,0.11764705882352941,34,vpn,40.8,critique
3,1,8,3.75,0.9418363999044562,0.7136104146644303,1,0.11764705882352941,34,routeur,33.9,élevé
2,3,7,4.0,0.7881346038641587,0.7136104146644303,1,0.11764705882352941,34,switch,30.6,élevé
1,2,7,4.142857142857143,0.4988153622162087,0.7136104146644303,1,0.11764705882352941,34,postes,22.6,élevé
5,0,0,0.0,0.0,0.7136104146644303,1,0.11764705882352941,34,serveur_rh,0.0,faible
4,3,4,4.5,0.7371738095852237,0.7136104146644303,1,0.11764705882352941,34,compte_admin,30.3,élevé
2,1,12,3.6666666666666665,0.7403745417336972,0.5684789537973378,1,0.47058823529411764,34,internet,23.8,élevé
5,2,11,3.5454545454545454,0.6929777185676234,0.5684789537973378,1,0.47058823529411764,34,pare_feu,22.4,élevé
3,1,4,4.5,0.2542897133117595,0.5684789537973378,1,0.47058823529411764,34,serveur_web,4.8,faible
4,1,3,4.666666666666667,0.35834955987055994,0.5684789537973378,1,0.47058823529411764,34,serveur_app,9.8,faible
5,2,2,4.5,0.6944135097118743,0.5684789537973378,1,0.47058823529411764,34,base_donnees,16.0,moyen
5,0,0,0.0,0.0,0.5684789537973378,1,0.47058823529411764,34,donnees_sensibles,0.0,faible
4,0,0,0.0,0.0,0.5684789537973378,1,0.47058823529411764,34,sauvegardes,0.0,faible
3,1,9,3.6666666666666665,0.9998705758983523,0.5684789537973378,1,0.47058823529411764,34,vpn,15.7,moyen
3,1,8,3.75,0.4709181999522281,0.5684789537973378,1,0.47058823529411764,34,routeur,8.7,faible
2,3,7,4.0,0.39406730193207934,0.5684789537973378,1,0.47058823529411764,34,switch,13.5,moyen
1,2,7,4.142857142857143,0.33591691633862064,0.5684789537973378,1,0.47058823529411764,34,postes,15.9,moyen
5,0,0,0.0,0.0,0.5684789537973378,1,0.47058823529411764,34,serveur_rh,0.0,faible
4,3,4,4.5,0.7371738095852237,0.5684789537973378,1,0.47058823529411764,34,compte_admin,30.3,élevé
1,1,12,3.75,1.0,0.35908462180627654,3,0.8888888888888888,35,internet,22.4,élevé
4,2,11,3.727272727272727,0.5400080262250274,0.35908462180627654,3,0.8888888888888888,35,pare_feu,14.5,moyen
4,1,4,4.25,0.37161362944770593,0.35908462180627654,3,0.8888888888888888,35,serveur_web,4.0,faible
3,1,3,4.666666666666667,0.17070857503552714,0.35908462180627654,3,0.8888888888888888,35,serveur_app,3.6,faible
5,2,2,4.5,0.4481454785823823,0.35908462180627654,3,0.8888888888888888,35,base_donnees,10.2,moyen
5,0,0,0.0,0.0,0.35908462180627654,3,0.8888888888888888,35,donnees_sensibles,0.0,faible
4,0,0,0.0,0.0,0.35908462180627654,3,0.8888888888888888,35,sauvegardes,0.0,faible
4,1,9,3.6666666666666665,0.28792914767721367,0.35908462180627654,3,0.8888888888888888,35,vpn,3.4,faible
3,1,8,3.75,0.3191401006816931,0.35908462180627654,3,0.8888888888888888,35,routeur,4.6,faible
3,3,7,3.857142857142857,0.32811168338703517,0.35908462180627654,3,0.8888888888888888,35,switch,7.5,faible
2,2,7,4.0,0.15336471935865653,0.35908462180627654,3,0.8888888888888888,35,postes,3.6,faible
4,0,0,0.0,0.0,0.35908462180627654,3,0.8888888888888888,35,serveur_rh,0.0,faible
4,4,5,4.2,0.26169006029439995,0.35908462180627654,3,0.8888888888888888,35,compte_admin,10.9,moyen
1,1,12,3.75,1.0,0.5186654153101277,2,0.5,35,internet,21.7,élevé
4,2,11,3.727272727272727,0.3584478938435359,0.5186654153101277,2,0.5,35,pare_feu,13.7,moyen
4,1,4,4.25,0.4459363553372471,0.5186654153101277,2,0.5,35,serveur_web,10.7,moyen
3,1,3,4.666666666666667,0.5690285834517571,0.5186654153101277,2,0.5,35,serveur_app,16.4,moyen
5,2,2,4.5,0.7962909571647647,0.5186654153101277,2,0.5,35,base_donnees,18.0,moyen
5,0,0,0.0,0.0,0.5186654153101277,2,0.5,35,donnees_sensibles,0.0,faible
4,0,0,0.0,0.0,0.5186654153101277,2,0.5,35,sauvegardes,0.0,faible
4,1,9,3.6666666666666665,0.28792914767721367,0.5186654153101277,2,0.5,35,vpn,7.9,faible
3,1,8,3.75,0.6382802013633861,0.5186654153101277,2,0.5,35,routeur,19.9,moyen
3,3,7,3.857142857142857,0.7775327325004011,0.5186654153101277,2,0.5,35,switch,24.2,élevé
2,2,7,4.0,0.2935661125447253,0.5186654153101277,2,0.5,35,postes,12.5,moyen
4,0,0,0.0,0.0,0.5186654153101277,2,0.5,35,serveur_rh,0.0,faible
4,4,5,4.2,0.29139876578636004,0.5186654153101277,2,0.5,35,compte_admin,14.6,moyen
1,1,12,3.75,1.0,0.33065319310949515,4,0.9444444444444444,35,internet,17.0,moyen
4,2,11,3.727272727272727,0.3584478938435359,0.33065319310949515,4,0.9444444444444444,35,pare_feu,8.7,faible
4,1,4,4.25,0.22296817766862356,0.33065319310949515,4,0.9444444444444444,35,serveur_web,2.4,faible
3,1,3,4.666666666666667,0.17070857503552714,0.33065319310949515,4,0.9444444444444444,35,serveur_app,3.6,faible
5,2,2,4.5,0.4481454785823823,0.33065319310949515,4,0.9444444444444444,35,base_donnees,10.2,moyen
5,0,0,0.0,0.0,0.33065319310949515,4,0.9444444444444444,35,donnees_sensibles,0.0,faible
4,0,0,0.0,0.0,0.33065319310949515,4,0.9444444444444444,35,sauvegardes,0.0,faible
4,1,9,3.6666666666666665,0.28792914767721367,0.33065319310949515,4,0.9444444444444444,35,vpn,3.4,faible
3,1,8,3.75,0.3191401006816931,0.33065319310949515,4,0.9444444444444444,35,routeur,4.6,faible
3,3,7,3.857142857142857,0.32811168338703517,0.33065319310949515,4,0.9444444444444444,35,switch,7.5,faible
2,2,7,4.0,0.15336471935865653,0.33065319310949515,4,0.9444444444444444,35,postes,3.6,faible
4,0,0,0.0,0.0,0.33065319310949515,4,0.9444444444444444,35,serveur_rh,0.0,faible
4,4,5,4.2,0.26169006029439995,0.33065319310949515,4,0.9444444444444444,35,compte_admin,10.9,moyen
1,1,12,3.75,1.0,0.5252819256969803,2,0.5,35,internet,22.7,élevé
4,2,11,3.727272727272727,0.48760943675048424,0.5252819256969803,2,0.5,35,pare_feu,14.8,moyen
4,1,4,4.25,0.22296817766862356,0.5252819256969803,2,0.5,35,serveur_web,3.3,faible
3,1,3,4.666666666666667,0.28451429172587855,0.5252819256969803,2,0.5,35,serveur_app,7.4,faible
5,2,2,4.5,0.6481454785823824,0.5252819256969803,2,0.5,35,base_donnees,15.1,moyen
5,0,0,0.0,0.0,0.5252819256969803,2,0.5,35,donnees_sensibles,0.0,faible
4,0,0,0.0,0.0,0.5252819256969803,2,0.5,35,sauvegardes,0.0,faible
4,1,9,3.6666666666666665,0.7198228691930342,0.5252819256969803,2,0.5,35,vpn,9.9,faible
3,1,8,3.75,0.3191401006816931,0.5252819256969803,2,0.5,35,routeur,6.5,faible
3,3,7,3.857142857142857,0.38876636625020056,0.5252819256969803,2,0.5,35,switch,13.4,moyen
2,2,7,4.0,0.27841631799824046,0.5252819256969803,2,0.5,35,postes,16.0,moyen
4,0,0,0.0,0.0,0.5252819256969803,2,0.5,35,serveur_rh,0.0,faible
4,4,5,4.2,0.7284969144659001,0.5252819256969803,2,0.5,35,compte_admin,36.4,critique
1,1,6,4.0,0.9113057009991961,0.5271306875030795,2,0.46153846153846156,36,internet,23.8,élevé
4,2,5,4.0,0.5345329906770895,0.5271306875030795,2,0.46153846153846156,36,pare_feu,19.1,moyen
3,1,3,4.666666666666667,0.8920394954433103,0.5271306875030795,2,0.46153846153846156,36,serveur_web,14.5,moyen
4,1,2,5.0,0.5054452603859285,0.5271306875030795,2,0.46153846153846156,36,serveur_app,7.9,faible
5,1,1,5.0,0.4374651819107084,0.5271306875030795,2,0.46153846153846156,36,base_donnees,4.9,faible
5,0,0,0.0,0.0,0.5271306875030795,2,0.46153846153846156,36,donnees_sensibles,0.0,faible
5,0,0,0.0,0.0,0.5271306875030795,2,0.46153846153846156,36,sauvegardes,0.0,faible
3,0,0,0.0,0.0,0.5271306875030795,2,0.46153846153846156,36,vpn,0.0,faible
3,1,5,4.6,0.9705788898838612,0.5271306875030795,2,0.46153846153846156,36,routeur,17.7,moyen
4,2,4,4.75,0.3586261965662064,0.5271306875030795,2,0.46153846153846156,36,switch,9.9,faible
3,2,6,4.666666666666667,0.3669292856939289,0.5271306875030795,2,0.46153846153846156,36,postes,12.4,moyen
5,0,0,0.0,0.0,0.5271306875030795,2,0.46153846153846156,36,serveur_rh,0.0,faible
5,2,3,4.666666666666667,0.30784373152128985,0.5271306875030795,2,0.46153846153846156,36,compte_admin,8.0,faible
1,1,6,4.0,0.9113057009991961,0.3680673437412013,3,0.8461538461538461,36,internet,17.2,moyen
4,2,5,4.0,0.5345329906770895,0.3680673437412013,3,0.8461538461538461,36,pare_feu,11.4,moyen
3,1,3,4.666666666666667,0.44601974772165515,0.3680673437412013,3,0.8461538461538461,36,serveur_web,5.3,faible
4,1,2,5.0,0.25272263019296426,0.3680673437412013,3,0.8461538461538461,36,serveur_app,3.3,faible
5,1,1,5.0,0.2187325909553542,0.3680673437412013,3,0.8461538461538461,36,base_donnees,2.4,faible
5,0,0,0.0,0.0,0.3680673437412013,3,0.8461538461538461,36,donnees_sensibles,0.0,faible
5,0,0,0.0,0.0,0.3680673437412013,3,0.8461538461538461,36,sauvegardes,0.0,faible
3,0,0,0.0,0.0,0.3680673437412013,3,0.8461538461538461,36,vpn,0.0,faible
3,1,5,4.6,0.4852894449419306,0.3680673437412013,3,0.8461538461538461,36,routeur,6.1,faible
4,2,4,4.75,0.1793130982831032,0.3680673437412013,3,0.8461538461538461,36,switch,4.1,faible
3,2,6,4.666666666666667,0.21371285643077567,0.3680673437412013,3,0.8461538461538461,36,postes,5.4,faible
5,0,0,0.0,0.0,0.3680673437412013,3,0.8461538461538461,36,serveur_rh,0.0,faible
5,2,3,4.666666666666667,0.30784373152128985,0.3680673437412013,3,0.8461538461538461,36,compte_admin,7.1,faible
1,1,6,4.0,0.9113057009991961,0.32904082111012334,4,0.9230769230769231,36,internet,12.9,moyen
4,2,5,4.0,0.37006454311941384,0.32904082111012334,4,0.9230769230769231,36,pare_feu,6.4,faible
3,1,3,4.666666666666667,0.2676118486329931,0.32904082111012334,4,0.9230769230769231,36,serveur_web,3.2,faible
4,1,2,5.0,0.25272263019296426,0.32904082111012334,4,0.9230769230769231,36,serveur_app,3.3,faible
5,1,1,5.0,0.2187325909553542,0.32904082111012334,4,0.9230769230769231,36,base_donnees,2.4,faible
5,0,0,0.0,0.0,0.32904082111012334,4,0.9230769230769231,36,donnees_sensibles,0.0,faible
5,0,0,0.0,0.0,0.32904082111012334,4,0.9230769230769231,36,sauvegardes,0.0,faible
3,0,0,0.0,0.0,0.32904082111012334,4,0.9230769230769231,36,vpn,0.0,faible
3,1,5,4.6,0.4852894449419306,0.32904082111012334,4,0.9230769230769231,36,routeur,6.1,faible
4,2,4,4.75,0.1793130982831032,0.32904082111012334,4,0.9230769230769231,36,switch,4.1,faible
3,2,6,4.666666666666667,0.21371285643077567,0.32904082111012334,4,0.9230769230769231,36,postes,5.4,faible
5,0,0,0.0,0.0,0.32904082111012334,4,0.9230769230769231,36,serveur_rh,0.0,faible
5,2,3,4.666666666666667,0.30784373152128985,0.32904082111012334,4,0.9230769230769231,36,compte_admin,7.1,faible
1,1,6,4.0,0.9113057009991961,0.4815370430808503,2,0.6153846153846154,36,internet,19.2,moyen
4,2,5,4.0,0.7195757983514401,0.4815370430808503,2,0.6153846153846154,36,pare_feu,13.8,moyen
3,1,3,4.666666666666667,0.44601974772165515,0.4815370430808503,2,0.6153846153846154,36,serveur_web,5.3,faible
4,1,2,5.0,0.25272263019296426,0.4815370430808503,2,0.6153846153846154,36,serveur_app,3.3,faible
5,1,1,5.0,0.2187325909553542,0.4815370430808503,2,0.6153846153846154,36,base_donnees,2.4,faible
5,0,0,0.0,0.0,0.4815370430808503,2,0.6153846153846154,36,donnees_sensibles,0.0,faible
5,0,0,0.0,0.0,0.4815370430808503,2,0.6153846153846154,36,sauvegardes,0.0,faible
3,0,0,0.0,0.0,0.4815370430808503,2,0.6153846153846154,36,vpn,0.0,faible
3,1,5,4.6,0.4852894449419306,0.4815370430808503,2,0.6153846153846154,36,routeur,6.1,faible
4,2,4,4.75,0.1793130982831032,0.4815370430808503,2,0.6153846153846154,36,switch,4.1,faible
3,2,6,4.666666666666667,0.3044574971822093,0.4815370430808503,2,0.6153846153846154,36,postes,11.5,moyen
5,0,0,0.0,0.0,0.4815370430808503,2,0.6153846153846154,36,serveur_rh,0.0,faible
5,2,3,4.666666666666667,0.7696093288032244,0.4815370430808503,2,0.6153846153846154,36,compte_admin,17.6,moyen
1,1,7,3.5714285714285716,0.7336689634773794,0.3303576150992499,3,0.9285714285714286,37,internet,7.5,faible
4,1,6,3.5,0.19998300717353504,0.3303576150992499,3,0.9285714285714286,37,pare_feu,1.6,faible
4,1,3,5.0,0.40971902526592335,0.3303576150992499,3,0.9285714285714286,37,serveur_web,6.7,faible
5,1,2,5.0,0.2551029994838223,0.3303576150992499,3,0.9285714285714286,37,serveur_app,4.7,faible
5,1,1,5.0,0.549123576147894,0.3303576150992499,3,0.9285714285714286,37,base_donnees,6.5,faible
5,0,0,0.0,0.0,0.3303576150992499,3,0.9285714285714286,37,donnees_sensibles,0.0,faible
4,0,0,0.0,0.0,0.3303576150992499,3,0.9285714285714286,37,sauvegardes,0.0,faible
2,1,5,3.8,0.3906784429916683,0.3303576150992499,3,0.9285714285714286,37,vpn,3.4,faible
2,1,4,4.25,0.4433850776642238,0.3303576150992499,3,0.9285714285714286,37,routeur,4.1,faible
2,1,3,5.0,0.3098967476297513,0.3303576150992499,3,0.9285714285714286,37,switch,4.8,faible
3,2,7,4.428571428571429,0.16119006875580577,0.3303576150992499,3,0.9285714285714286,37,postes,3.5,faible
5,0,0,0.0,0.0,0.3303576150992499,3,0.9285714285714286,37,serveur_rh,0.0,faible
5,4,5,4.8,0.25276715851092213,0.3303576150992499,3,0.9285714285714286,37,compte_admin,12.6,moyen
1,1,7,3.5714285714285716,0.7336689634773794,0.7114801797249454,0,0.0,37,internet,16.5,moyen
4,1,6,3.5,0.4999575179338376,0.7114801797249454,0,0.0,37,pare_feu,14.8,moyen
4,1,3,5.0,0.8194380505318467,0.7114801797249454,0,0.0,37,serveur_web,25.0,élevé
5,1,2,5.0,0.850343331612741,0.7114801797249454,0,0.0,37,serveur_app,19.4,moyen
5,1,1,5.0,0.91520596024649,0.7114801797249454,0,0.0,37,base_donnees,10.9,moyen
5,0,0,0.0,0.0,0.7114801797249454,0,0.0,37,donnees_sensibles,0.0,faible
4,0,0,0.0,0.0,0.7114801797249454,0,0.0,37,sauvegardes,0.0,faible
2,1,5,3.8,0.9766961074791708,0.7114801797249454,0,0.0,37,vpn,23.9,élevé
2,1,4,4.25,0.8867701553284476,0.7114801797249454,0,0.0,37,routeur,20.0,élevé
2,1,3,5.0,0.6197934952595026,0.7114801797249454,0,0.0,37,switch,18.1,moyen
3,2,7,4.428571428571429,0.3972332085931882,0.7114801797249454,0,0.0,37,postes,18.7,moyen
5,0,0,0.0,0.0,0.7114801797249454,0,0.0,37,serveur_rh,0.0,faible
5,4,5,4.8,0.7160956292733608,0.7114801797249454,0,0.0,37,compte_admin,41.4,critique
1,1,7,3.5714285714285716,0.7336689634773794,0.31865135723450916,4,0.9285714285714286,37,internet,7.5,faible
4,1,6,3.5,0.19998300717353504,0.31865135723450916,4,0.9285714285714286,37,pare_feu,1.6,faible
4,1,3,5.0,0.245831415159554,0.31865135723450916,4,0.9285714285714286,37,serveur_web,4.0,faible
5,1,2,5.0,0.2551029994838223,0.31865135723450916,4,0.9285714285714286,37,serveur_app,4.7,faible
5,1,1,5.0,0.549123576147894,0.31865135723450916,4,0.9285714285714286,37,base_donnees,6.5,faible
5,0,0,0.0,0.0,0.31865135723450916,4,0.9285714285714286,37,donnees_sensibles,0.0,faible
4,0,0,0.0,0.0,0.31865135723450916,4,0.9285714285714286,37,sauvegardes,0.0,faible
2,1,5,3.8,0.3906784429916683,0.31865135723450916,4,0.9285714285714286,37,vpn,3.4,faible
2,1,4,4.25,0.4433850776642238,0.31865135723450916,4,0.9285714285714286,37,routeur,4.1,faible
2,1,3,5.0,0.3098967476297513,0.31865135723450916,4,0.9285714285714286,37,switch,4.8,faible
3,2,7,4.428571428571429,0.16119006875580577,0.31865135723450916,4,0.9285714285714286,37,postes,3.5,faible
5,0,0,0.0,0.0,0.31865135723450916,4,0.9285714285714286,37,serveur_rh,0.0,faible
5,4,5,4.8,0.25276715851092213,0.31865135723450916,4,0.9285714285714286,37,compte_admin,12.6,moyen
1,1,7,3.5714285714285716,0.7336689634773794,0.513097355307376,1,0.5,37,internet,8.4,faible
4,1,6,3.5,0.19998300717353504,0.513097355307376,1,0.5,37,pare_feu,2.9,faible
4,1,3,5.0,0.8194380505318467,0.513097355307376,1,0.5,37,serveur_web,25.0,élevé
5,1,2,5.0,0.850343331612741,0.513097355307376,1,0.5,37,serveur_app,19.4,moyen
5,1,1,5.0,0.91520596024649,0.513097355307376,1,0.5,37,base_donnees,10.9,moyen
5,0,0,0.0,0.0,0.513097355307376,1,0.5,37,donnees_sensibles,0.0,faible
4,0,0,0.0,0.0,0.513097355307376,1,0.5,37,sauvegardes,0.0,faible
2,1,5,3.8,0.3906784429916683,0.513097355307376,1,0.5,37,vpn,9.6,faible
2,1,4,4.25,0.8867701553284476,0.513097355307376,1,0.5,37,routeur,20.0,élevé
2,1,3,5.0,0.6197934952595026,0.513097355307376,1,0.5,37,switch,18.1,moyen
3,2,7,4.428571428571429,0.3108642804221382,0.513097355307376,1,0.5,37,postes,13.6,moyen
5,0,0,0.0,0.0,0.513097355307376,1,0.5,37,serveur_rh,0.0,faible
5,4,5,4.8,0.28643825170934434,0.513097355307376,1,0.5,37,compte_admin,16.6,moyen
1,1,12,4.0,1.0,0.618515738123787,1,0.23529411764705882,38,internet,33.1,élevé
5,2,11,3.909090909090909,0.6492791924226404,0.618515738123787,1,0.23529411764705882,38,pare_feu,24.7,élevé
3,1,4,4.5,0.7562383704244813,0.618515738123787,1,0.23529411764705882,38,serveur_web,10.9,moyen
3,1,3,5.0,0.37380291362774704,0.618515738123787,1,0.23529411764705882,38,serveur_app,7.8,faible
5,2,2,5.0,0.4646267755463862,0.618515738123787,1,0.23529411764705882,38,base_donnees,10.6,moyen
5,0,0,0.0,0.0,0.618515738123787,1,0.23529411764705882,38,donnees_sensibles,0.0,faible
5,0,0,0.0,0.0,0.618515738123787,1,0.23529411764705882,38,sauvegardes,0.0,faible
3,1,9,4.111111111111111,0.6236033621572157,0.618515738123787,1,0.23529411764705882,38,vpn,17.0,moyen
3,1,8,4.25,0.8723755855915838,0.618515738123787,1,0.23529411764705882,38,routeur,20.7,élevé
4,2,7,4.285714285714286,0.6141315663414282,0.618515738123787,1,0.23529411764705882,38,switch,15.3,moyen
3,2,7,4.428571428571429,0.38589074802918744,0.618515738123787,1,0.23529411764705882,38,postes,13.1,moyen
4,0,0,0.0,0.0,0.618515738123787,1,0.23529411764705882,38,serveur_rh,0.0,faible
5,4,5,4.4,0.6652226879060165,0.618515738123787,1,0.23529411764705882,38,compte_admin,26.9,élevé
1,1,12,4.0,1.0,0.4909476843053311,2,0.5882352941176471,38,internet,24.7,élevé
5,2,11,3.909090909090909,0.6492791924226404,0.4909476843053311,2,0.5882352941176471,38,pare_feu,15.5,moyen
3,1,4,4.5,0.37811918521224064,0.4909476843053311,2,0.5882352941176471,38,serveur_web,3.7,faible
3,1,3,5.0,0.18690145681387352,0.4909476843053311,2,0.5882352941176471,38,serveur_app,3.4,faible
5,2,2,5.0,0.3272342007851655,0.4909476843053311,2,0.5882352941176471,38,base_donnees,7.4,faible
5,0,0,0.0,0.0,0.4909476843053311,2,0.5882352941176471,38,donnees_sensibles,0.0,faible
5,0,0,0.0,0.0,0.4909476843053311,2,0.5882352941176471,38,sauvegardes,0.0,faible
3,1,9,4.111111111111111,0.6236033621572157,0.4909476843053311,2,0.5882352941176471,38,vpn,8.3,faible
3,1,8,4.25,0.4361877927957919,0.4909476843053311,2,0.5882352941176471,38,routeur,6.8,faible
4,2,7,4.285714285714286,0.3070657831707141,0.4909476843053311,2,0.5882352941176471,38,switch,7.1,faible
3,2,7,4.428571428571429,0.24662486591520055,0.4909476843053311,2,0.5882352941176471,38,postes,10.3,moyen
4,0,0,0.0,0.0,0.4909476843053311,2,0.5882352941176471,38,serveur_rh,0.0,faible
5,4,5,4.4,0.6652226879060165,0.4909476843053311,2,0.5882352941176471,38,compte_admin,26.9,élevé
1,1,12,4.0,1.0,0.5195980990484044,1,0.4117647058823529,38,internet,31.7,élevé
5,2,11,3.909090909090909,0.5303993056747438,0.5195980990484044,1,0.4117647058823529,38,pare_feu,23.3,élevé
3,1,4,4.5,0.7562383704244813,0.5195980990484044,1,0.4117647058823529,38,serveur_web,16.1,moyen
3,1,3,5.0,0.6230048560462451,0.5195980990484044,1,0.4117647058823529,38,serveur_app,14.8,moyen
5,2,2,5.0,0.5911878595623494,0.5195980990484044,1,0.4117647058823529,38,base_donnees,13.4,moyen
5,0,0,0.0,0.0,0.5195980990484044,1,0.4117647058823529,38,donnees_sensibles,0.0,faible
5,0,0,0.0,0.0,0.5195980990484044,1,0.4117647058823529,38,sauvegardes,0.0,faible
3,1,9,4.111111111111111,0.24944134486288627,0.5195980990484044,1,0.4117647058823529,38,vpn,6.8,faible
3,1,8,4.25,0.8723755855915838,0.5195980990484044,1,0.4117647058823529,38,routeur,20.9,élevé
4,2,7,4.285714285714286,0.6141315663414282,0.5195980990484044,1,0.4117647058823529,38,switch,15.6,moyen
3,2,7,4.428571428571429,0.3501044200954495,0.5195980990484044,1,0.4117647058823529,38,postes,11.2,moyen
4,0,0,0.0,0.0,0.5195980990484044,1,0.4117647058823529,38,serveur_rh,0.0,faible
5,4,5,4.4,0.2901153058874342,0.5195980990484044,1,0.4117647058823529,38,compte_admin,13.0,moyen
1,1,12,4.0,1.0,0.631593358299764,1,0.11764705882352941,38,internet,26.9,élevé
5,2,11,3.909090909090909,0.4688207732855153,0.631593358299764,1,0.11764705882352941,38,pare_feu,17.9,moyen
3,1,4,4.5,0.45374302225468877,0.631593358299764,1,0.11764705882352941,38,serveur_web,9.7,faible
3,1,3,5.0,0.6230048560462451,0.631593358299764,1,0.11764705882352941,38,serveur_app,14.8,moyen
5,2,2,5.0,0.5911878595623494,0.631593358299764,1,0.11764705882352941,38,base_donnees,13.4,moyen
5,0,0,0.0,0.0,0.631593358299764,1,0.11764705882352941,38,donnees_sensibles,0.0,faible
5,0,0,0.0,0.0,0.631593358299764,1,0.11764705882352941,38,sauvegardes,0.0,faible
3,1,9,4.111111111111111,0.6236033621572157,0.631593358299764,1,0.11764705882352941,38,vpn,19.9,moyen
3,1,8,4.25,0.8723755855915838,0.631593358299764,1,0.11764705882352941,38,routeur,25.3,élevé
4,2,7,4.285714285714286,0.6141315663414282,0.631593358299764,1,0.11764705882352941,38,switch,20.7,élevé
3,2,7,4.428571428571429,0.45746340389666323,0.631593358299764,1,0.11764705882352941,38,postes,19.8,moyen
4,0,0,0.0,0.0,0.631593358299764,1,0.11764705882352941,38,serveur_rh,0.0,faible
5,4,5,4.4,0.7252882647185855,0.631593358299764,1,0.11764705882352941,38,compte_admin,32.4,élevé
1,1,12,3.9166666666666665,1.0,0.7469148223200445,0,0.0,39,internet,50.7,critique
5,2,11,3.8181818181818183,0.6532773825318144,0.7469148223200445,0,0.0,39,pare_feu,43.8,critique
3,1,4,4.5,0.8324996974012613,0.7469148223200445,0,0.0,39,serveur_web,25.9,élevé
5,1,3,4.333333333333333,0.8991746581319348,0.7469148223200445,0,0.0,39,serveur_app,20.9,élevé
4,2,2,4.5,0.6477328599176466,0.7469148223200445,0,0.0,39,base_donnees,13.6,moyen
5,0,0,0.0,0.0,0.7469148223200445,0,0.0,39,donnees_sensibles,0.0,faible
4,0,0,0.0,0.0,0.7469148223200445,0,0.0,39,sauvegardes,0.0,faible
3,1,9,4.0,1.0,0.7469148223200445,0,0.0,39,vpn,38.9,critique
4,1,8,4.0,0.7873820018532287,0.7469148223200445,0,0.0,39,routeur,30.7,élevé
3,3,7,4.142857142857143,0.6939701694131499,0.7469148223200445,0,0.0,39,switch,31.5,élevé
3,2,7,4.142857142857143,0.4161061562707929,0.7469148223200445,0,0.0,39,postes,19.9,moyen
3,0,0,0.0,0.0,0.7469148223200445,0,0.0,39,serveur_rh,0.0,faible
5,4,5,4.2,0.8523167846736046,0.7469148223200445,0,0.0,39,compte_admin,40.1,critique
1,1,12,3.9166666666666665,1.0,0.39036311140249436,3,0.8888888888888888,39,internet,18.5,moyen
5,2,11,3.8181818181818183,0.34708017803071084,0.39036311140249436,3,0.8888888888888888,39,pare_feu,8.6,faible
3,1,4,4.5,0.24974990922037837,0.39036311140249436,3,0.8888888888888888,39,serveur_web,5.0,faible
5,1,3,4.333333333333333,0.4495873290659674,0.39036311140249436,3,0.8888888888888888,39,serveur_app,9.4,faible
4,2,2,4.5,0.5246562259344602,0.39036311140249436,3,0.8888888888888888,39,base_donnees,11.4,moyen
5,0,0,0.0,0.0,0.39036311140249436,3,0.8888888888888888,39,donnees_sensibles,0.0,faible
4,0,0,0.0,0.0,0.39036311140249436,3,0.8888888888888888,39,sauvegardes,0.0,faible
3,1,9,4.0,0.4,0.39036311140249436,3,0.8888888888888888,39,vpn,6.4,faible
4,1,8,4.0,0.39369100092661435,0.39036311140249436,3,0.8888888888888888,39,routeur,7.3,faible
3,3,7,4.142857142857143,0.34698508470657496,0.39036311140249436,3,0.8888888888888888,39,switch,11.5,moyen
3,2,7,4.142857142857143,0.19268642425205246,0.39036311140249436,3,0.8888888888888888,39,postes,5.7,faible
3,0,0,0.0,0.0,0.39036311140249436,3,0.8888888888888888,39,serveur_rh,0.0,faible
5,4,5,4.2,0.34092671386944184,0.39036311140249436,3,0.8888888888888888,39,compte_admin,16.1,moyen
1,1,12,3.9166666666666665,1.0,0.6693879959144523,1,0.2777777777777778,39,internet,43.0,critique
5,2,11,3.8181818181818183,0.6532773825318144,0.6693879959144523,1,0.2777777777777778,39,pare_feu,35.3,critique
3,1,4,4.5,0.8324996974012613,0.6693879959144523,1,0.2777777777777778,39,serveur_web,17.6,moyen
5,1,3,4.333333333333333,0.5395047948791608,0.6693879959144523,1,0.2777777777777778,39,serveur_app,10.5,moyen
4,2,2,4.5,0.4871010231371371,0.6693879959144523,1,0.2777777777777778,39,base_donnees,10.0,moyen
5,0,0,0.0,0.0,0.6693879959144523,1,0.2777777777777778,39,donnees_sensibles,0.0,faible
4,0,0,0.0,0.0,0.6693879959144523,1,0.2777777777777778,39,sauvegardes,0.0,faible
3,1,9,4.0,1.0,0.6693879959144523,1,0.2777777777777778,39,vpn,32.1,élevé
4,1,8,4.0,0.7873820018532287,0.6693879959144523,1,0.2777777777777778,39,routeur,23.7,élevé
3,3,7,4.142857142857143,0.6150610754601046,0.6693879959144523,1,0.2777777777777778,39,switch,22.8,élevé
3,2,7,4.142857142857143,0.354639540737417,0.6693879959144523,1,0.2777777777777778,39,postes,14.1,moyen
3,0,0,0.0,0.0,0.6693879959144523,1,0.2777777777777778,39,serveur_rh,0.0,faible
5,4,5,4.2,0.7635945782833603,0.6693879959144523,1,0.2777777777777778,39,compte_admin,31.5,élevé
1,1,12,3.9166666666666665,1.0,0.7093550012626865,1,0.1111111111111111,39,internet,34.9,élevé
5,2,11,3.8181818181818183,0.48173893249584426,0.7093550012626865,1,0.1111111111111111,39,pare_feu,26.5,élevé
3,1,4,4.5,0.49949981844075675,0.7093550012626865,1,0.1111111111111111,39,serveur_web,15.5,moyen
5,1,3,4.333333333333333,0.8991746581319348,0.7093550012626865,1,0.1111111111111111,39,serveur_app,20.9,élevé
4,2,2,4.5,0.6477328599176466,0.7093550012626865,1,0.1111111111111111,39,base_donnees,13.6,moyen
5,0,0,0.0,0.0,0.7093550012626865,1,0.1111111111111111,39,donnees_sensibles,0.0,faible
4,0,0,0.0,0.0,0.7093550012626865,1,0.1111111111111111,39,sauvegardes,0.0,faible
3,1,9,4.0,1.0,0.7093550012626865,1,0.1111111111111111,39,vpn,38.9,critique
4,1,8,4.0,0.7873820018532287,0.7093550012626865,1,0.1111111111111111,39,routeur,30.7,élevé
3,3,7,4.142857142857143,0.6939701694131499,0.7093550012626865,1,0.1111111111111111,39,switch,31.5,élevé
3,2,7,4.142857142857143,0.4161061562707929,0.7093550012626865,1,0.1111111111111111,39,postes,19.9,moyen
3,0,0,0.0,0.0,0.7093550012626865,1,0.1111111111111111,39,serveur_rh,0.0,faible
5,4,5,4.2,0.8523167846736046,0.7093550012626865,1,0.1111111111111111,39,compte_admin,40.1,critique
2,1,12,3.5833333333333335,0.7265780161167097,0.4860964294608708,2,0.5294117647058824,40,internet,18.1,moyen
3,2,11,3.6363636363636362,0.5577542216711809,0.4860964294608708,2,0.5294117647058824,40,pare_feu,18.4,moyen
4,1,1,5.0,0.6707913284338765,0.4860964294608708,2,0.5294117647058824,40,serveur_web,8.2,faible
5,0,0,0.0,0.0,0.4860964294608708,2,0.5294117647058824,40,serveur_app,0.0,faible
5,2,2,4.0,0.5862228441593781,0.4860964294608708,2,0.5294117647058824,40,base_donnees,11.5,moyen
5,0,0,0.0,0.0,0.4860964294608708,2,0.5294117647058824,40,donnees_sensibles,0.0,faible
3,0,0,0.0,0.0,0.4860964294608708,2,0.5294117647058824,40,sauvegardes,0.0,faible
3,1,9,3.6666666666666665,0.3095894818889422,0.4860964294608708,2,0.5294117647058824,40,vpn,7.3,faible
2,1,8,3.875,1.0,0.4860964294608708,2,0.5294117647058824,40,routeur,18.3,moyen
2,3,7,4.142857142857143,0.5584113130649547,0.4860964294608708,2,0.5294117647058824,40,switch,13.6,moyen
2,2,7,4.142857142857143,0.30434650229240456,0.4860964294608708,2,0.5294117647058824,40,postes,8.2,faible
4,0,0,0.0,0.0,0.4860964294608708,2,0.5294117647058824,40,serveur_rh,0.0,faible
5,4,5,4.4,0.24619984973862102,0.4860964294608708,2,0.5294117647058824,40,compte_admin,11.5,moyen
2,1,12,3.5833333333333335,0.7265780161167097,0.6857960605270645,0,0.0,40,internet,27.9,élevé
3,2,11,3.6363636363636362,0.7304956716668454,0.6857960605270645,0,0.0,40,pare_feu,32.2,élevé
4,1,1,5.0,0.6707913284338765,0.6857960605270645,0,0.0,40,serveur_web,8.2,faible
5,0,0,0.0,0.0,0.6857960605270645,0,0.0,40,serveur_app,0.0,faible
5,2,2,4.0,0.7673758781360829,0.6857960605270645,0,0.0,40,base_donnees,16.0,moyen
5,0,0,0.0,0.0,0.6857960605270645,0,0.0,40,donnees_sensibles,0.0,faible
3,0,0,0.0,0.0,0.6857960605270645,0,0.0,40,sauvegardes,0.0,faible
3,1,9,3.6666666666666665,0.7739737047223554,0.6857960605270645,0,0.0,40,vpn,26.2,élevé
2,1,8,3.875,1.0,0.6857960605270645,0,0.0,40,routeur,28.4,élevé
2,3,7,4.142857142857143,0.6251201549677312,0.6857960605270645,0,0.0,40,switch,23.7,élevé
2,2,7,4.142857142857143,0.421332025914263,0.6857960605270645,0,0.0,40,postes,18.3,moyen
4,0,0,0.0,0.0,0.6857960605270645,0,0.0,40,serveur_rh,0.0,faible
5,4,5,4.4,0.6933555908373946,0.6857960605270645,0,0.0,40,compte_admin,38.3,critique
2,1,12,3.5833333333333335,0.7265780161167097,0.6857960605270645,0,0.0,40,internet,27.9,élevé
3,2,11,3.6363636363636362,0.7304956716668454,0.6857960605270645,0,0.0,40,pare_feu,32.2,élevé
4,1,1,5.0,0.6707913284338765,0.6857960605270645,0,0.0,40,serveur_web,8.2,faible
5,0,0,0.0,0.0,0.6857960605270645,0,0.0,40,serveur_app,0.0,faible
5,2,2,4.0,0.7673758781360829,0.6857960605270645,0,0.0,40,base_donnees,16.0,moyen
5,0,0,0.0,0.0,0.6857960605270645,0,0.0,40,donnees_sensibles,0.0,faible
3,0,0,0.0,0.0,0.6857960605270645,0,0.0,40,sauvegardes,0.0,faible
3,1,9,3.6666666666666665,0.7739737047223554,0.6857960605270645,0,0.0,40,vpn,26.2,élevé
2,1,8,3.875,1.0,0.6857960605270645,0,0.0,40,routeur,28.4,élevé
2,3,7,4.142857142857143,0.6251201549677312,0.6857960605270645,0,0.0,40,switch,23.7,élevé
2,2,7,4.142857142857143,0.421332025914263,0.6857960605270645,0,0.0,40,postes,18.3,moyen
4,0,0,0.0,0.0,0.6857960605270645,0,0.0,40,serveur_rh,0.0,faible
5,4,5,4.4,0.6933555908373946,0.6857960605270645,0,0.0,40,compte_admin,38.3,critique
2,1,12,3.5833333333333335,0.7265780161167097,0.4860964294608708,2,0.5294117647058824,40,internet,18.1,moyen
3,2,11,3.6363636363636362,0.5577542216711809,0.4860964294608708,2,0.5294117647058824,40,pare_feu,18.4,moyen
4,1,1,5.0,0.6707913284338765,0.4860964294608708,2,0.5294117647058824,40,serveur_web,8.2,faible
5,0,0,0.0,0.0,0.4860964294608708,2,0.5294117647058824,40,serveur_app,0.0,faible
5,2,2,4.0,0.5862228441593781,0.4860964294608708,2,0.5294117647058824,40,base_donnees,11.5,moyen
5,0,0,0.0,0.0,0.4860964294608708,2,0.5294117647058824,40,donnees_sensibles,0.0,faible
3,0,0,0.0,0.0,0.4860964294608708,2,0.5294117647058824,40,sauvegardes,0.0,faible
3,1,9,3.6666666666666665,0.3095894818889422,0.4860964294608708,2,0.5294117647058824,40,vpn,7.3,faible
2,1,8,3.875,1.0,0.4860964294608708,2,0.5294117647058824,40,routeur,18.3,moyen
2,3,7,4.142857142857143,0.5584113130649547,0.4860964294608708,2,0.5294117647058824,40,switch,13.6,moyen
2,2,7,4.142857142857143,0.30434650229240456,0.4860964294608708,2,0.5294117647058824,40,postes,8.2,faible
4,0,0,0.0,0.0,0.4860964294608708,2,0.5294117647058824,40,serveur_rh,0.0,faible
5,4,5,4.4,0.24619984973862102,0.4860964294608708,2,0.5294117647058824,40,compte_admin,11.5,moyen
1,0,0,0.0,0.0,0.6328838561063074,1,0.125,41,internet,0.0,faible
4,2,10,3.9,0.42974008580599954,0.6328838561063074,1,0.125,41,pare_feu,18.2,moyen
3,1,3,4.666666666666667,0.3458576888005651,0.6328838561063074,1,0.125,41,serveur_web,8.4,faible
4,1,2,5.0,0.8296665112251295,0.6328838561063074,1,0.125,41,serveur_app,16.0,moyen
5,1,1,5.0,0.7339125588035588,0.6328838561063074,1,0.125,41,base_donnees,8.3,faible
5,0,0,0.0,0.0,0.6328838561063074,1,0.125,41,donnees_sensibles,0.0,faible
5,0,0,0.0,0.0,0.6328838561063074,1,0.125,41,sauvegardes,0.0,faible
3,1,8,4.125,0.7164727575674329,0.6328838561063074,1,0.125,41,vpn,26.2,élevé
4,1,7,4.142857142857143,0.7716708335442748,0.6328838561063074,1,0.125,41,routeur,28.5,élevé
3,3,6,4.333333333333333,0.7272650910891417,0.6328838561063074,1,0.125,41,switch,29.6,élevé
2,2,6,4.5,0.48441014962001416,0.6328838561063074,1,0.125,41,postes,23.0,élevé
5,0,0,0.0,0.0,0.6328838561063074,1,0.125,41,serveur_rh,0.0,faible
5,4,4,4.75,0.6796164009101261,0.6328838561063074,1,0.125,41,compte_admin,30.3,élevé
1,0,0,0.0,0.0,0.41646151764733896,3,0.6875,41,internet,0.0,faible
4,2,10,3.9,0.42974008580599954,0.41646151764733896,3,0.6875,41,pare_feu,11.2,moyen
3,1,3,4.666666666666667,0.17292884440028256,0.41646151764733896,3,0.6875,41,serveur_web,2.1,faible
4,1,2,5.0,0.24889995336753884,0.41646151764733896,3,0.6875,41,serveur_app,3.8,faible
5,1,1,5.0,0.3669562794017794,0.41646151764733896,3,0.6875,41,base_donnees,4.2,faible
5,0,0,0.0,0.0,0.41646151764733896,3,0.6875,41,donnees_sensibles,0.0,faible
5,0,0,0.0,0.0,0.41646151764733896,3,0.6875,41,sauvegardes,0.0,faible
3,1,8,4.125,0.7164727575674329,0.41646151764733896,3,0.6875,41,vpn,10.7,moyen
4,1,7,4.142857142857143,0.3858354167721374,0.41646151764733896,3,0.6875,41,routeur,6.4,faible
3,3,6,4.333333333333333,0.3142506956579804,0.41646151764733896,3,0.6875,41,switch,9.6,faible
2,2,6,4.5,0.26635128844204176,0.41646151764733896,3,0.6875,41,postes,11.6,moyen
5,0,0,0.0,0.0,0.41646151764733896,3,0.6875,41,serveur_rh,0.0,faible
5,4,4,4.75,0.6093390488445573,0.41646151764733896,3,0.6875,41,compte_admin,25.6,élevé
1,0,0,0.0,0.0,0.301314639425473,3,1.0,41,internet,0.0,faible
4,2,10,3.9,0.2897448655739859,0.301314639425473,3,1.0,41,pare_feu,5.7,faible
3,1,3,4.666666666666667,0.17292884440028256,0.301314639425473,3,1.0,41,serveur_web,2.6,faible
4,1,2,5.0,0.41483325561256473,0.301314639425473,3,1.0,41,serveur_app,6.3,faible
5,1,1,5.0,0.3669562794017794,0.301314639425473,3,1.0,41,base_donnees,4.2,faible
5,0,0,0.0,0.0,0.301314639425473,3,1.0,41,donnees_sensibles,0.0,faible
5,0,0,0.0,0.0,0.301314639425473,3,1.0,41,sauvegardes,0.0,faible
3,1,8,4.125,0.28658910302697316,0.301314639425473,3,1.0,41,vpn,4.4,faible
4,1,7,4.142857142857143,0.3858354167721374,0.301314639425473,3,1.0,41,routeur,6.9,faible
3,3,6,4.333333333333333,0.36363254554457086,0.301314639425473,3,1.0,41,switch,10.9,moyen
2,2,6,4.5,0.21805886117797235,0.301314639425473,3,1.0,41,postes,6.2,faible
5,0,0,0.0,0.0,0.301314639425473,3,1.0,41,serveur_rh,0.0,faible
5,4,4,4.75,0.27184656036405047,0.301314639425473,3,1.0,41,compte_admin,11.5,moyen
1,0,0,0.0,0.0,0.2698277332484593,4,1.0,41,internet,0.0,faible
4,2,10,3.9,0.2897448655739859,0.2698277332484593,4,1.0,41,pare_feu,5.4,faible
3,1,3,4.666666666666667,0.17292884440028256,0.2698277332484593,4,1.0,41,serveur_web,2.1,faible
4,1,2,5.0,0.24889995336753884,0.2698277332484593,4,1.0,41,serveur_app,3.8,faible
5,1,1,5.0,0.3669562794017794,0.2698277332484593,4,1.0,41,base_donnees,4.2,faible
5,0,0,0.0,0.0,0.2698277332484593,4,1.0,41,donnees_sensibles,0.0,faible
5,0,0,0.0,0.0,0.2698277332484593,4,1.0,41,sauvegardes,0.0,faible
3,1,8,4.125,0.28658910302697316,0.2698277332484593,4,1.0,41,vpn,4.1,faible
4,1,7,4.142857142857143,0.3858354167721374,0.2698277332484593,4,1.0,41,routeur,5.8,faible
3,3,6,4.333333333333333,0.3142506956579804,0.2698277332484593,4,1.0,41,switch,8.2,faible
2,2,6,4.5,0.1794249193667168,0.2698277332484593,4,1.0,41,postes,4.4,faible
5,0,0,0.0,0.0,0.2698277332484593,4,1.0,41,serveur_rh,0.0,faible
5,4,4,4.75,0.2437356195378229,0.2698277332484593,4,1.0,41,compte_admin,10.2,moyen
1,1,6,4.166666666666667,1.0,0.5537337639289132,1,0.47058823529411764,42,internet,15.9,moyen
4,1,5,4.2,0.5996819003775041,0.5537337639289132,1,0.47058823529411764,42,pare_feu,8.1,faible
4,1,4,4.25,0.30633888100732837,0.5537337639289132,1,0.47058823529411764,42,serveur_web,4.5,faible
3,1,3,4.666666666666667,0.357897809823012,0.5537337639289132,1,0.47058823529411764,42,serveur_app,8.0,faible
5,2,2,4.5,0.6124095345087633,0.5537337639289132,1,0.47058823529411764,42,base_donnees,11.9,moyen
4,0,0,0.0,0.0,0.5537337639289132,1,0.47058823529411764,42,donnees_sensibles,0.0,faible
5,0,0,0.0,0.0,0.5537337639289132,1,0.47058823529411764,42,sauvegardes,0.0,faible
3,1,9,4.111111111111111,0.6143412777401711,0.5537337639289132,1,0.47058823529411764,42,vpn,10.3,moyen
3,1,8,4.25,0.5,0.5537337639289132,1,0.47058823529411764,42,routeur,10.2,moyen
4,3,7,4.285714285714286,0.3082479597845024,0.5537337639289132,1,0.47058823529411764,42,switch,12.0,moyen
3,2,7,4.428571428571429,0.3270968211545694,0.5537337639289132,1,0.47058823529411764,42,postes,18.2,moyen
5,0,0,0.0,0.0,0.5537337639289132,1,0.47058823529411764,42,serveur_rh,0.0,faible
5,4,5,4.4,0.8078643817908335,0.5537337639289132,1,0.47058823529411764,42,compte_admin,40.5,critique
1,1,6,4.166666666666667,1.0,0.33862763561136827,4,0.9411764705882353,42,internet,12.0,moyen
4,1,5,4.2,0.35980914022650246,0.33862763561136827,4,0.9411764705882353,42,pare_feu,3.9,faible
4,1,4,4.25,0.18380332860439702,0.33862763561136827,4,0.9411764705882353,42,serveur_web,2.0,faible
3,1,3,4.666666666666667,0.2147386858938072,0.33862763561136827,4,0.9411764705882353,42,serveur_app,4.1,faible
5,2,2,4.5,0.43701882468323083,0.33862763561136827,4,0.9411764705882353,42,base_donnees,8.7,faible
4,0,0,0.0,0.0,0.33862763561136827,4,0.9411764705882353,42,donnees_sensibles,0.0,faible
5,0,0,0.0,0.0,0.33862763561136827,4,0.9411764705882353,42,sauvegardes,0.0,faible
3,1,9,4.111111111111111,0.24573651109606845,0.33862763561136827,4,0.9411764705882353,42,vpn,3.6,faible
3,1,8,4.25,0.5,0.33862763561136827,4,0.9411764705882353,42,routeur,8.1,faible
4,3,7,4.285714285714286,0.2744161984942692,0.33862763561136827,4,0.9411764705882353,42,switch,7.6,faible
3,2,7,4.428571428571429,0.21135644192894157,0.33862763561136827,4,0.9411764705882353,42,postes,5.5,faible
5,0,0,0.0,0.0,0.33862763561136827,4,0.9411764705882353,42,serveur_rh,0.0,faible
5,4,5,4.4,0.2831457527163334,0.33862763561136827,4,0.9411764705882353,42,compte_admin,12.3,moyen
1,1,6,4.166666666666667,1.0,0.33862763561136827,4,0.9411764705882353,42,internet,12.0,moyen
4,1,5,4.2,0.35980914022650246,0.33862763561136827,4,0.9411764705882353,42,pare_feu,3.9,faible
4,1,4,4.25,0.18380332860439702,0.33862763561136827,4,0.9411764705882353,42,serveur_web,2.0,faible
3,1,3,4.666666666666667,0.2147386858938072,0.33862763561136827,4,0.9411764705882353,42,serveur_app,4.1,faible
5,2,2,4.5,0.43701882468323083,0.33862763561136827,4,0.9411764705882353,42,base_donnees,8.7,faible
4,0,0,0.0,0.0,0.33862763561136827,4,0.9411764705882353,42,donnees_sensibles,0.0,faible
5,0,0,0.0,0.0,0.33862763561136827,4,0.9411764705882353,42,sauvegardes,0.0,faible
3,1,9,4.111111111111111,0.24573651109606845,0.33862763561136827,4,0.9411764705882353,42,vpn,3.6,faible
3,1,8,4.25,0.5,0.33862763561136827,4,0.9411764705882353,42,routeur,8.1,faible
4,3,7,4.285714285714286,0.2744161984942692,0.33862763561136827,4,0.9411764705882353,42,switch,7.6,faible
3,2,7,4.428571428571429,0.21135644192894157,0.33862763561136827,4,0.9411764705882353,42,postes,5.5,faible
5,0,0,0.0,0.0,0.33862763561136827,4,0.9411764705882353,42,serveur_rh,0.0,faible
5,4,5,4.4,0.2831457527163334,0.33862763561136827,4,0.9411764705882353,42,compte_admin,12.3,moyen
1,1,6,4.166666666666667,1.0,0.33862763561136827,4,0.9411764705882353,42,internet,12.0,moyen
4,1,5,4.2,0.35980914022650246,0.33862763561136827,4,0.9411764705882353,42,pare_feu,3.9,faible
4,1,4,4.25,0.18380332860439702,0.33862763561136827,4,0.9411764705882353,42,serveur_web,2.0,faible
3,1,3,4.666666666666667,0.2147386858938072,0.33862763561136827,4,0.9411764705882353,42,serveur_app,4.1,faible
5,2,2,4.5,0.43701882468323083,0.33862763561136827,4,0.9411764705882353,42,base_donnees,8.7,faible
4,0,0,0.0,0.0,0.33862763561136827,4,0.9411764705882353,42,donnees_sensibles,0.0,faible
5,0,0,0.0,0.0,0.33862763561136827,4,0.9411764705882353,42,sauvegardes,0.0,faible
3,1,9,4.111111111111111,0.24573651109606845,0.33862763561136827,4,0.9411764705882353,42,vpn,3.6,faible
3,1,8,4.25,0.5,0.33862763561136827,4,0.9411764705882353,42,routeur,8.1,faible
4,3,7,4.285714285714286,0.2744161984942692,0.33862763561136827,4,0.9411764705882353,42,switch,7.6,faible
3,2,7,4.428571428571429,0.21135644192894157,0.33862763561136827,4,0.9411764705882353,42,postes,5.5,faible
5,0,0,0.0,0.0,0.33862763561136827,4,0.9411764705882353,42,serveur_rh,0.0,faible
5,4,5,4.4,0.2831457527163334,0.33862763561136827,4,0.9411764705882353,42,compte_admin,12.3,moyen
1,1,10,3.7,1.0,0.32148426638566713,4,0.9375,43,internet,15.7,moyen
4,2,9,3.6666666666666665,0.37002330749104195,0.32148426638566713,4,0.9375,43,pare_feu,7.1,faible
3,1,4,4.5,0.19919236125999473,0.32148426638566713,4,0.9375,43,serveur_web,2.7,faible
4,1,3,4.666666666666667,0.2268370981821375,0.32148426638566713,4,0.9375,43,serveur_app,4.1,faible
4,2,2,5.0,0.33412166692156453,0.32148426638566713,4,0.9375,43,base_donnees,8.1,faible
5,0,0,0.0,0.0,0.32148426638566713,4,0.9375,43,donnees_sensibles,0.0,faible
5,0,0,0.0,0.0,0.32148426638566713,4,0.9375,43,sauvegardes,0.0,faible
2,1,7,4.0,0.2948616654224811,0.32148426638566713,4,0.9375,43,vpn,3.5,faible
3,1,6,4.166666666666667,0.40336810564345116,0.32148426638566713,4,0.9375,43,routeur,5.1,faible
3,2,5,4.4,0.24154530792296652,0.32148426638566713,4,0.9375,43,switch,5.6,faible
2,2,7,4.285714285714286,0.20093084222850605,0.32148426638566713,4,0.9375,43,postes,5.1,faible
4,0,0,0.0,0.0,0.32148426638566713,4,0.9375,43,serveur_rh,0.0,faible
5,3,4,4.5,0.24208226084481718,0.32148426638566713,4,0.9375,43,compte_admin,8.7,faible
1,1,10,3.7,1.0,0.6833118741316094,0,0.0,43,internet,39.9,critique
4,2,9,3.6666666666666665,0.7039101222836113,0.6833118741316094,0,0.0,43,pare_feu,33.1,élevé
3,1,4,4.5,0.6639745375333158,0.6833118741316094,0,0.0,43,serveur_web,18.3,moyen
4,1,3,4.666666666666667,0.756123660607125,0.6833118741316094,0,0.0,43,serveur_app,18.4,moyen
4,2,2,5.0,0.6002162155048277,0.6833118741316094,0,0.0,43,base_donnees,14.6,moyen
5,0,0,0.0,0.0,0.6833118741316094,0,0.0,43,donnees_sensibles,0.0,faible
5,0,0,0.0,0.0,0.6833118741316094,0,0.0,43,sauvegardes,0.0,faible
2,1,7,4.0,0.7371541635562027,0.6833118741316094,0,0.0,43,vpn,21.5,élevé
3,1,6,4.166666666666667,0.8067362112869023,0.6833118741316094,0,0.0,43,routeur,22.7,élevé
3,2,5,4.4,0.6426394340752499,0.6833118741316094,0,0.0,43,switch,21.0,élevé
2,2,7,4.285714285714286,0.49701478276788974,0.6833118741316094,0,0.0,43,postes,22.8,élevé
4,0,0,0.0,0.0,0.6833118741316094,0,0.0,43,serveur_rh,0.0,faible
5,3,4,4.5,0.6938134346196828,0.6833118741316094,0,0.0,43,compte_admin,27.9,élevé
1,1,10,3.7,1.0,0.43939657013515515,3,0.6875,43,internet,18.4,moyen
4,2,9,3.6666666666666665,0.37002330749104195,0.43939657013515515,3,0.6875,43,pare_feu,10.0,moyen
3,1,4,4.5,0.39838472251998946,0.43939657013515515,3,0.6875,43,serveur_web,7.5,faible
4,1,3,4.666666666666667,0.453674196364275,0.43939657013515515,3,0.6875,43,serveur_app,9.6,faible
4,2,2,5.0,0.4641619788282251,0.43939657013515515,3,0.6875,43,base_donnees,11.3,moyen
5,0,0,0.0,0.0,0.43939657013515515,3,0.6875,43,donnees_sensibles,0.0,faible
5,0,0,0.0,0.0,0.43939657013515515,3,0.6875,43,sauvegardes,0.0,faible
2,1,7,4.0,0.2948616654224811,0.43939657013515515,3,0.6875,43,vpn,6.9,faible
3,1,6,4.166666666666667,0.8067362112869023,0.43939657013515515,3,0.6875,43,routeur,16.9,moyen
3,2,5,4.4,0.48309061584593305,0.43939657013515515,3,0.6875,43,switch,13.8,moyen
2,2,7,4.285714285714286,0.3579448698519917,0.43939657013515515,3,0.6875,43,postes,13.8,moyen
4,0,0,0.0,0.0,0.43939657013515515,3,0.6875,43,serveur_rh,0.0,faible
5,3,4,4.5,0.24208226084481718,0.43939657013515515,3,0.6875,43,compte_admin,8.7,faible
1,1,10,3.7,1.0,0.3682197111056552,3,0.875,43,internet,16.1,moyen
4,2,9,3.6666666666666665,0.37002330749104195,0.3682197111056552,3,0.875,43,pare_feu,7.5,faible
3,1,4,4.5,0.19919236125999473,0.3682197111056552,3,0.875,43,serveur_web,3.5,faible
4,1,3,4.666666666666667,0.3780618303035625,0.3682197111056552,3,0.875,43,serveur_app,8.0,faible
4,2,2,5.0,0.4701759035981672,0.3682197111056552,3,0.875,43,base_donnees,11.5,moyen
5,0,0,0.0,0.0,0.3682197111056552,3,0.875,43,donnees_sensibles,0.0,faible
5,0,0,0.0,0.0,0.3682197111056552,3,0.875,43,sauvegardes,0.0,faible
2,1,7,4.0,0.2948616654224811,0.3682197111056552,3,0.875,43,vpn,3.8,faible
3,1,6,4.166666666666667,0.40336810564345116,0.3682197111056552,3,0.875,43,routeur,6.1,faible
3,2,5,4.4,0.32131971703762496,0.3682197111056552,3,0.875,43,switch,8.0,faible
2,2,7,4.285714285714286,0.23020871863185302,0.3682197111056552,3,0.875,43,postes,6.8,faible
4,0,0,0.0,0.0,0.3682197111056552,3,0.875,43,serveur_rh,0.0,faible
5,3,4,4.5,0.2775253738478731,0.3682197111056552,3,0.875,43,compte_admin,11.2,moyen
1,1,12,3.5,1.0,0.46296620778251296,3,0.6470588235294118,44,internet,17.4,moyen
4,2,11,3.4545454545454546,0.3055202761475373,0.46296620778251296,3,0.6470588235294118,44,pare_feu,8.5,faible
3,1,4,4.25,0.3136405578362967,0.46296620778251296,3,0.6470588235294118,44,serveur_web,5.9,faible
4,1,3,4.333333333333333,0.4248999521684322,0.46296620778251296,3,0.6470588235294118,44,serveur_app,9.1,faible
5,2,2,4.0,0.4220130176883534,0.46296620778251296,3,0.6470588235294118,44,base_donnees,8.9,faible
4,0,0,0.0,0.0,0.46296620778251296,3,0.6470588235294118,44,donnees_sensibles,0.0,faible
4,0,0,0.0,0.0,0.46296620778251296,3,0.6470588235294118,44,sauvegardes,0.0,faible
3,1,9,3.5555555555555554,0.35725395221544526,0.46296620778251296,3,0.6470588235294118,44,vpn,8.7,faible
2,1,8,3.75,0.7536313084278834,0.46296620778251296,3,0.6470588235294118,44,routeur,18.9,moyen
3,3,7,3.857142857142857,0.6171472869168901,0.46296620778251296,3,0.6470588235294118,44,switch,18.2,moyen
2,2,7,4.0,0.40347391265542765,0.46296620778251296,3,0.6470588235294118,44,postes,14.3,moyen
3,0,0,0.0,0.0,0.46296620778251296,3,0.6470588235294118,44,serveur_rh,0.0,faible
5,3,5,4.0,0.3025144959737851,0.46296620778251296,3,0.6470588235294118,44,compte_admin,11.5,moyen
1,1,12,3.5,1.0,0.6869016247424343,0,0.0,44,internet,35.2,critique
4,2,11,3.4545454545454546,0.5722929774782017,0.6869016247424343,0,0.0,44,pare_feu,27.6,élevé
3,1,4,4.25,0.5227342630604945,0.6869016247424343,0,0.0,44,serveur_web,13.9,moyen
4,1,3,4.333333333333333,0.708166586947387,0.6869016247424343,0,0.0,44,serveur_app,17.0,moyen
5,2,2,4.0,0.5488837751424245,0.6869016247424343,0,0.0,44,base_donnees,11.5,moyen
4,0,0,0.0,0.0,0.6869016247424343,0,0.0,44,donnees_sensibles,0.0,faible
4,0,0,0.0,0.0,0.6869016247424343,0,0.0,44,sauvegardes,0.0,faible
3,1,9,3.5555555555555554,0.8931348805386131,0.6869016247424343,0,0.0,44,vpn,30.0,élevé
2,1,8,3.75,0.7536313084278834,0.6869016247424343,0,0.0,44,routeur,27.9,élevé
3,3,7,3.857142857142857,0.7030640748690901,0.6869016247424343,0,0.0,44,switch,30.5,élevé
2,2,7,4.0,0.5896280659975476,0.6869016247424343,0,0.0,44,postes,27.7,élevé
3,0,0,0.0,0.0,0.6869016247424343,0,0.0,44,serveur_rh,0.0,faible
5,3,5,4.0,0.7562862399344628,0.6869016247424343,0,0.0,44,compte_admin,34.6,élevé
1,1,12,3.5,1.0,0.5446512228140995,1,0.35294117647058826,44,internet,27.3,élevé
4,2,11,3.4545454545454546,0.4587264464600506,0.5446512228140995,1,0.35294117647058826,44,pare_feu,19.1,moyen
3,1,4,4.25,0.5227342630604945,0.5446512228140995,1,0.35294117647058826,44,serveur_web,13.9,moyen
4,1,3,4.333333333333333,0.708166586947387,0.5446512228140995,1,0.35294117647058826,44,serveur_app,17.0,moyen
5,2,2,4.0,0.5488837751424245,0.5446512228140995,1,0.35294117647058826,44,base_donnees,11.5,moyen
4,0,0,0.0,0.0,0.5446512228140995,1,0.35294117647058826,44,donnees_sensibles,0.0,faible
4,0,0,0.0,0.0,0.5446512228140995,1,0.35294117647058826,44,sauvegardes,0.0,faible
3,1,9,3.5555555555555554,0.35725395221544526,0.5446512228140995,1,0.35294117647058826,44,vpn,10.4,moyen
2,1,8,3.75,0.7536313084278834,0.5446512228140995,1,0.35294117647058826,44,routeur,23.6,élevé
3,3,7,3.857142857142857,0.7030640748690901,0.5446512228140995,1,0.35294117647058826,44,switch,24.7,élevé
2,2,7,4.0,0.4426642607274529,0.5446512228140995,1,0.35294117647058826,44,postes,19.0,moyen
3,0,0,0.0,0.0,0.5446512228140995,1,0.35294117647058826,44,serveur_rh,0.0,faible
5,3,5,4.0,0.3025144959737851,0.5446512228140995,1,0.35294117647058826,44,compte_admin,13.9,moyen
1,1,12,3.5,1.0,0.3307190247444966,4,0.9411764705882353,44,internet,15.3,moyen
4,2,11,3.4545454545454546,0.3055202761475373,0.3307190247444966,4,0.9411764705882353,44,pare_feu,6.3,faible
3,1,4,4.25,0.15682027891814834,0.3307190247444966,4,0.9411764705882353,44,serveur_web,2.2,faible
4,1,3,4.333333333333333,0.2124499760842161,0.3307190247444966,4,0.9411764705882353,44,serveur_app,4.1,faible
5,2,2,4.0,0.30615957693473,0.3307190247444966,4,0.9411764705882353,44,base_donnees,6.5,faible
4,0,0,0.0,0.0,0.3307190247444966,4,0.9411764705882353,44,donnees_sensibles,0.0,faible
4,0,0,0.0,0.0,0.3307190247444966,4,0.9411764705882353,44,sauvegardes,0.0,faible
3,1,9,3.5555555555555554,0.35725395221544526,0.3307190247444966,4,0.9411764705882353,44,vpn,3.9,faible
2,1,8,3.75,0.3768156542139417,0.3307190247444966,4,0.9411764705882353,44,routeur,5.7,faible
3,3,7,3.857142857142857,0.30857364345844507,0.3307190247444966,4,0.9411764705882353,44,switch,8.0,faible
2,2,7,4.0,0.23112971738173277,0.3307190247444966,4,0.9411764705882353,44,postes,5.8,faible
3,0,0,0.0,0.0,0.3307190247444966,4,0.9411764705882353,44,serveur_rh,0.0,faible
5,3,5,4.0,0.3025144959737851,0.3307190247444966,4,0.9411764705882353,44,compte_admin,10.2,moyen
1,1,12,3.5833333333333335,1.0,0.5549869365859373,1,0.4117647058823529,45,internet,24.9,élevé
4,2,11,3.5454545454545454,0.6433248874258097,0.5549869365859373,1,0.4117647058823529,45,pare_feu,16.7,moyen
3,0,0,0.0,0.0,0.5549869365859373,1,0.4117647058823529,45,serveur_web,0.0,faible
3,1,3,4.333333333333333,0.2475340726021329,0.5549869365859373,1,0.4117647058823529,45,serveur_app,6.1,faible
5,2,2,4.0,0.5809552129118861,0.5549869365859373,1,0.4117647058823529,45,base_donnees,13.0,moyen
5,0,0,0.0,0.0,0.5549869365859373,1,0.4117647058823529,45,donnees_sensibles,0.0,faible
3,0,0,0.0,0.0,0.5549869365859373,1,0.4117647058823529,45,sauvegardes,0.0,faible
3,1,9,3.6666666666666665,0.8222509861574485,0.5549869365859373,1,0.4117647058823529,45,vpn,12.8,moyen
3,1,8,3.75,0.44217394901590273,0.5549869365859373,1,0.4117647058823529,45,routeur,8.2,faible
3,3,7,3.857142857142857,0.2986637699073438,0.5549869365859373,1,0.4117647058823529,45,switch,11.2,moyen
3,2,7,3.857142857142857,0.2998689434439741,0.5549869365859373,1,0.4117647058823529,45,postes,18.2,moyen
4,0,0,0.0,0.0,0.5549869365859373,1,0.4117647058823529,45,serveur_rh,0.0,faible
4,4,5,4.0,0.7446323792250198,0.5549869365859373,1,0.4117647058823529,45,compte_admin,35.2,critique
1,1,12,3.5833333333333335,1.0,0.3297243046266287,4,0.9411764705882353,45,internet,14.9,moyen
4,2,11,3.5454545454545454,0.3318524625589764,0.3297243046266287,4,0.9411764705882353,45,pare_feu,6.0,faible
3,0,0,0.0,0.0,0.3297243046266287,4,0.9411764705882353,45,serveur_web,0.0,faible
3,1,3,4.333333333333333,0.14852044356127972,0.3297243046266287,4,0.9411764705882353,45,serveur_app,3.1,faible
5,2,2,4.0,0.4207761666516622,0.3297243046266287,4,0.9411764705882353,45,base_donnees,8.9,faible
5,0,0,0.0,0.0,0.3297243046266287,4,0.9411764705882353,45,donnees_sensibles,0.0,faible
3,0,0,0.0,0.0,0.3297243046266287,4,0.9411764705882353,45,sauvegardes,0.0,faible
3,1,9,3.6666666666666665,0.3289003944629794,0.3297243046266287,4,0.9411764705882353,45,vpn,4.6,faible
3,1,8,3.75,0.44217394901590273,0.3297243046266287,4,0.9411764705882353,45,routeur,6.5,faible
3,3,7,3.857142857142857,0.265610887320369,0.3297243046266287,4,0.9411764705882353,45,switch,7.5,faible
3,2,7,3.857142857142857,0.15717362126564838,0.3297243046266287,4,0.9411764705882353,45,postes,3.9,faible
4,0,0,0.0,0.0,0.3297243046266287,4,0.9411764705882353,45,serveur_rh,0.0,faible
4,4,5,4.0,0.2673203071747114,0.3297243046266287,4,0.9411764705882353,45,compte_admin,10.6,moyen
1,1,12,3.5833333333333335,1.0,0.347259012294547,3,0.8823529411764706,45,internet,17.0,moyen
4,2,11,3.5454545454545454,0.4808974777362814,0.347259012294547,3,0.8823529411764706,45,pare_feu,8.2,faible
3,0,0,0.0,0.0,0.347259012294547,3,0.8823529411764706,45,serveur_web,0.0,faible
3,1,3,4.333333333333333,0.14852044356127972,0.347259012294547,3,0.8823529411764706,45,serveur_app,3.1,faible
5,2,2,4.0,0.4207761666516622,0.347259012294547,3,0.8823529411764706,45,base_donnees,8.9,faible
5,0,0,0.0,0.0,0.347259012294547,3,0.8823529411764706,45,donnees_sensibles,0.0,faible
3,0,0,0.0,0.0,0.347259012294547,3,0.8823529411764706,45,sauvegardes,0.0,faible
3,1,9,3.6666666666666665,0.3289003944629794,0.347259012294547,3,0.8823529411764706,45,vpn,4.6,faible
3,1,8,3.75,0.44217394901590273,0.347259012294547,3,0.8823529411764706,45,routeur,6.5,faible
3,3,7,3.857142857142857,0.265610887320369,0.347259012294547,3,0.8823529411764706,45,switch,7.5,faible
3,2,7,3.857142857142857,0.15717362126564838,0.347259012294547,3,0.8823529411764706,45,postes,3.9,faible
4,0,0,0.0,0.0,0.347259012294547,3,0.8823529411764706,45,serveur_rh,0.0,faible
4,4,5,4.0,0.2673203071747114,0.347259012294547,3,0.8823529411764706,45,compte_admin,10.6,moyen
1,1,12,3.5833333333333335,1.0,0.6826891958223039,0,0.0,45,internet,33.6,élevé
4,2,11,3.5454545454545454,0.6433248874258097,0.6826891958223039,0,0.0,45,pare_feu,26.1,élevé
3,0,0,0.0,0.0,0.6826891958223039,0,0.0,45,serveur_web,0.0,faible
3,1,3,4.333333333333333,0.4950681452042658,0.6826891958223039,0,0.0,45,serveur_app,13.5,moyen
5,2,2,4.0,0.7614628101732124,0.6826891958223039,0,0.0,45,base_donnees,15.8,moyen
5,0,0,0.0,0.0,0.6826891958223039,0,0.0,45,donnees_sensibles,0.0,faible
3,0,0,0.0,0.0,0.6826891958223039,0,0.0,45,sauvegardes,0.0,faible
3,1,9,3.6666666666666665,0.8222509861574485,0.6826891958223039,0,0.0,45,vpn,29.7,élevé
3,1,8,3.75,0.8843478980318055,0.6826891958223039,0,0.0,45,routeur,28.8,élevé
3,3,7,3.857142857142857,0.5973275398146876,0.6826891958223039,0,0.0,45,switch,25.2,élevé
3,2,7,3.857142857142857,0.4119808840217301,0.6826891958223039,0,0.0,45,postes,20.0,élevé
4,0,0,0.0,0.0,0.6826891958223039,0,0.0,45,serveur_rh,0.0,faible
4,4,5,4.0,0.7446323792250198,0.6826891958223039,0,0.0,45,compte_admin,35.2,critique
2,1,7,3.5714285714285716,1.0,0.6780719594694726,0,0.0,46,internet,29.3,élevé
3,2,6,3.6666666666666665,0.6122397059967195,0.6780719594694726,0,0.0,46,pare_feu,22.7,élevé
4,1,3,4.333333333333333,0.8622941990910755,0.6780719594694726,0,0.0,46,serveur_web,16.1,moyen
3,1,2,5.0,0.5023296254925774,0.6780719594694726,0,0.0,46,serveur_app,10.9,moyen
5,1,1,5.0,0.7768695213115311,0.6780719594694726,0,0.0,46,base_donnees,10.0,moyen
5,0,0,0.0,0.0,0.6780719594694726,0,0.0,46,donnees_sensibles,0.0,faible
3,0,0,0.0,0.0,0.6780719594694726,0,0.0,46,sauvegardes,0.0,faible
2,1,1,3.0,0.8367928038628083,0.6780719594694726,0,0.0,46,vpn,6.0,faible
3,0,0,0.0,0.0,0.6780719594694726,0,0.0,46,routeur,0.0,faible
2,3,7,4.0,0.6596979672512063,0.6780719594694726,0,0.0,46,switch,25.7,élevé
2,2,7,4.0,0.5864782905113402,0.6780719594694726,0,0.0,46,postes,24.3,élevé
5,0,0,0.0,0.0,0.6780719594694726,0,0.0,46,serveur_rh,0.0,faible
5,4,5,4.2,0.623583826745958,0.6780719594694726,0,0.0,46,compte_admin,31.3,élevé
2,1,7,3.5714285714285716,1.0,0.3159120550246792,4,0.9375,46,internet,13.4,moyen
3,2,6,3.6666666666666665,0.3089101041999221,0.3159120550246792,4,0.9375,46,pare_feu,6.5,faible
4,1,3,4.333333333333333,0.2586882597273226,0.3159120550246792,4,0.9375,46,serveur_web,2.7,faible
3,1,2,5.0,0.15069888764777323,0.3159120550246792,4,0.9375,46,serveur_app,2.7,faible
5,1,1,5.0,0.4661217127869186,0.3159120550246792,4,0.9375,46,base_donnees,6.0,faible
5,0,0,0.0,0.0,0.3159120550246792,4,0.9375,46,donnees_sensibles,0.0,faible
3,0,0,0.0,0.0,0.3159120550246792,4,0.9375,46,sauvegardes,0.0,faible
2,1,1,3.0,0.33471712154512334,0.3159120550246792,4,0.9375,46,vpn,2.4,faible
3,0,0,0.0,0.0,0.3159120550246792,4,0.9375,46,routeur,0.0,faible
2,3,7,4.0,0.28130950536825994,0.3159120550246792,4,0.9375,46,switch,7.2,faible
2,2,7,4.0,0.2389330813336779,0.3159120550246792,4,0.9375,46,postes,5.0,faible
5,0,0,0.0,0.0,0.3159120550246792,4,0.9375,46,serveur_rh,0.0,faible
5,4,5,4.2,0.22618800287893726,0.3159120550246792,4,0.9375,46,compte_admin,9.8,faible
2,1,7,3.5714285714285716,1.0,0.34269428796362617,3,0.875,46,internet,17.6,moyen
3,2,6,3.6666666666666665,0.43693854780239066,0.34269428796362617,3,0.875,46,pare_feu,10.7,moyen
4,1,3,4.333333333333333,0.43114709954553776,0.34269428796362617,3,0.875,46,serveur_web,4.4,faible
3,1,2,5.0,0.15069888764777323,0.34269428796362617,3,0.875,46,serveur_app,2.7,faible
5,1,1,5.0,0.4661217127869186,0.34269428796362617,3,0.875,46,base_donnees,6.0,faible
5,0,0,0.0,0.0,0.34269428796362617,3,0.875,46,donnees_sensibles,0.0,faible
3,0,0,0.0,0.0,0.34269428796362617,3,0.875,46,sauvegardes,0.0,faible
2,1,1,3.0,0.33471712154512334,0.34269428796362617,3,0.875,46,vpn,2.4,faible
3,0,0,0.0,0.0,0.34269428796362617,3,0.875,46,routeur,0.0,faible
2,3,7,4.0,0.28130950536825994,0.34269428796362617,3,0.875,46,switch,7.2,faible
2,2,7,4.0,0.2389330813336779,0.34269428796362617,3,0.875,46,postes,5.0,faible
5,0,0,0.0,0.0,0.34269428796362617,3,0.875,46,serveur_rh,0.0,faible
5,4,5,4.2,0.22618800287893726,0.34269428796362617,3,0.875,46,compte_admin,9.8,faible
2,1,7,3.5714285714285716,1.0,0.3159120550246792,4,0.9375,46,internet,13.4,moyen
3,2,6,3.6666666666666665,0.3089101041999221,0.3159120550246792,4,0.9375,46,pare_feu,6.5,faible
4,1,3,4.333333333333333,0.2586882597273226,0.3159120550246792,4,0.9375,46,serveur_web,2.7,faible
3,1,2,5.0,0.15069888764777323,0.3159120550246792,4,0.9375,46,serveur_app,2.7,faible
5,1,1,5.0,0.4661217127869186,0.3159120550246792,4,0.9375,46,base_donnees,6.0,faible
5,0,0,0.0,0.0,0.3159120550246792,4,0.9375,46,donnees_sensibles,0.0,faible
3,0,0,0.0,0.0,0.3159120550246792,4,0.9375,46,sauvegardes,0.0,faible
2,1,1,3.0,0.33471712154512334,0.3159120550246792,4,0.9375,46,vpn,2.4,faible
3,0,0,0.0,0.0,0.3159120550246792,4,0.9375,46,routeur,0.0,faible
2,3,7,4.0,0.28130950536825994,0.3159120550246792,4,0.9375,46,switch,7.2,faible
2,2,7,4.0,0.2389330813336779,0.3159120550246792,4,0.9375,46,postes,5.0,faible
5,0,0,0.0,0.0,0.3159120550246792,4,0.9375,46,serveur_rh,0.0,faible
5,4,5,4.2,0.22618800287893726,0.3159120550246792,4,0.9375,46,compte_admin,9.8,faible
1,1,12,3.5833333333333335,1.0,0.47355539528458324,3,0.6470588235294118,47,internet,17.1,moyen
3,2,11,3.6363636363636362,0.3312435597807697,0.47355539528458324,3,0.6470588235294118,47,pare_feu,10.6,moyen
4,1,4,4.25,0.4895232609007243,0.47355539528458324,3,0.6470588235294118,47,serveur_web,8.3,faible
3,1,3,4.666666666666667,0.4317329291376584,0.47355539528458324,3,0.6470588235294118,47,serveur_app,9.3,faible
5,2,2,4.5,0.4276955991161824,0.47355539528458324,3,0.6470588235294118,47,base_donnees,9.9,faible
5,0,0,0.0,0.0,0.47355539528458324,3,0.6470588235294118,47,donnees_sensibles,0.0,faible
4,0,0,0.0,0.0,0.47355539528458324,3,0.6470588235294118,47,sauvegardes,0.0,faible
3,1,9,3.6666666666666665,0.3461008331864939,0.47355539528458324,3,0.6470588235294118,47,vpn,7.2,faible
2,1,8,3.875,0.6351812028403188,0.47355539528458324,3,0.6470588235294118,47,routeur,15.4,moyen
4,3,7,3.857142857142857,0.6305183807467484,0.47355539528458324,3,0.6470588235294118,47,switch,15.5,moyen
1,2,7,4.285714285714286,0.4168947254748566,0.47355539528458324,3,0.6470588235294118,47,postes,16.1,moyen
4,0,0,0.0,0.0,0.47355539528458324,3,0.6470588235294118,47,serveur_rh,0.0,faible
5,3,5,4.2,0.30156019426295216,0.47355539528458324,3,0.6470588235294118,47,compte_admin,10.5,moyen
1,1,12,3.5833333333333335,1.0,0.3377022104104462,4,0.9411764705882353,47,internet,14.4,moyen
3,2,11,3.6363636363636362,0.3312435597807697,0.3377022104104462,4,0.9411764705882353,47,pare_feu,7.8,faible
4,1,4,4.25,0.24476163045036214,0.3377022104104462,4,0.9411764705882353,47,serveur_web,2.9,faible
3,1,3,4.666666666666667,0.2158664645688292,0.3377022104104462,4,0.9411764705882353,47,serveur_app,4.2,faible
5,2,2,4.5,0.32054367607834194,0.3377022104104462,4,0.9411764705882353,47,base_donnees,7.7,faible
5,0,0,0.0,0.0,0.3377022104104462,4,0.9411764705882353,47,donnees_sensibles,0.0,faible
4,0,0,0.0,0.0,0.3377022104104462,4,0.9411764705882353,47,sauvegardes,0.0,faible
3,1,9,3.6666666666666665,0.3461008331864939,0.3377022104104462,4,0.9411764705882353,47,vpn,3.5,faible
2,1,8,3.875,0.3175906014201594,0.3377022104104462,4,0.9411764705882353,47,routeur,5.0,faible
4,3,7,3.857142857142857,0.3152591903733742,0.3377022104104462,4,0.9411764705882353,47,switch,6.7,faible
1,2,7,4.285714285714286,0.2312927108622693,0.3377022104104462,4,0.9411764705882353,47,postes,6.2,faible
4,0,0,0.0,0.0,0.3377022104104462,4,0.9411764705882353,47,serveur_rh,0.0,faible
5,3,5,4.2,0.30156019426295216,0.3377022104104462,4,0.9411764705882353,47,compte_admin,10.0,moyen
1,1,12,3.5833333333333335,1.0,0.3377022104104462,4,0.9411764705882353,47,internet,14.4,moyen
3,2,11,3.6363636363636362,0.3312435597807697,0.3377022104104462,4,0.9411764705882353,47,pare_feu,7.8,faible
4,1,4,4.25,0.24476163045036214,0.3377022104104462,4,0.9411764705882353,47,serveur_web,2.9,faible
3,1,3,4.666666666666667,0.2158664645688292,0.3377022104104462,4,0.9411764705882353,47,serveur_app,4.2,faible
5,2,2,4.5,0.32054367607834194,0.3377022104104462,4,0.9411764705882353,47,base_donnees,7.7,faible
5,0,0,0.0,0.0,0.3377022104104462,4,0.9411764705882353,47,donnees_sensibles,0.0,faible
4,0,0,0.0,0.0,0.3377022104104462,4,0.9411764705882353,47,sauvegardes,0.0,faible
3,1,9,3.6666666666666665,0.3461008331864939,0.3377022104104462,4,0.9411764705882353,47,vpn,3.5,faible
2,1,8,3.875,0.3175906014201594,0.3377022104104462,4,0.9411764705882353,47,routeur,5.0,faible
4,3,7,3.857142857142857,0.3152591903733742,0.3377022104104462,4,0.9411764705882353,47,switch,6.7,faible
1,2,7,4.285714285714286,0.2312927108622693,0.3377022104104462,4,0.9411764705882353,47,postes,6.2,faible
4,0,0,0.0,0.0,0.3377022104104462,4,0.9411764705882353,47,serveur_rh,0.0,faible
5,3,5,4.2,0.30156019426295216,0.3377022104104462,4,0.9411764705882353,47,compte_admin,10.0,moyen
1,1,12,3.5833333333333335,1.0,0.5042862782870207,2,0.6470588235294118,47,internet,25.8,élevé
3,2,11,3.6363636363636362,0.6589988202254959,0.5042862782870207,2,0.6470588235294118,47,pare_feu,19.8,moyen
4,1,4,4.25,0.4079360507506036,0.5042862782870207,2,0.6470588235294118,47,serveur_web,4.8,faible
3,1,3,4.666666666666667,0.2158664645688292,0.5042862782870207,2,0.6470588235294118,47,serveur_app,4.2,faible
5,2,2,4.5,0.32054367607834194,0.5042862782870207,2,0.6470588235294118,47,base_donnees,7.7,faible
5,0,0,0.0,0.0,0.5042862782870207,2,0.6470588235294118,47,donnees_sensibles,0.0,faible
4,0,0,0.0,0.0,0.5042862782870207,2,0.6470588235294118,47,sauvegardes,0.0,faible
3,1,9,3.6666666666666665,0.8652520829662347,0.5042862782870207,2,0.6470588235294118,47,vpn,8.9,faible
2,1,8,3.875,0.3175906014201594,0.5042862782870207,2,0.6470588235294118,47,routeur,5.3,faible
4,3,7,3.857142857142857,0.3152591903733742,0.5042862782870207,2,0.6470588235294118,47,switch,7.6,faible
1,2,7,4.285714285714286,0.2998287552367922,0.5042862782870207,2,0.6470588235294118,47,postes,11.3,moyen
4,0,0,0.0,0.0,0.5042862782870207,2,0.6470588235294118,47,serveur_rh,0.0,faible
5,3,5,4.2,0.7539004856573803,0.5042862782870207,2,0.6470588235294118,47,compte_admin,24.9,élevé
2,1,12,3.5833333333333335,0.8884199726872707,0.7034281325471942,0,0.0,48,internet,40.9,critique
4,2,11,3.5454545454545454,0.6087765485626346,0.7034281325471942,0,0.0,48,pare_feu,38.5,critique
3,1,4,4.5,0.8480425179776824,0.7034281325471942,0,0.0,48,serveur_web,29.3,élevé
5,1,3,4.333333333333333,0.8291906999658274,0.7034281325471942,0,0.0,48,serveur_app,23.8,élevé
5,2,2,4.0,0.7487037421052638,0.7034281325471942,0,0.0,48,base_donnees,16.2,moyen
5,0,0,0.0,0.0,0.7034281325471942,0,0.0,48,donnees_sensibles,0.0,faible
3,0,0,0.0,0.0,0.7034281325471942,0,0.0,48,sauvegardes,0.0,faible
3,1,9,3.6666666666666665,0.6311954227371678,0.7034281325471942,0,0.0,48,vpn,29.2,élevé
3,1,8,3.75,1.0,0.7034281325471942,0,0.0,48,routeur,39.1,critique
2,3,7,4.0,0.7088333180623275,0.7034281325471942,0,0.0,48,switch,33.5,élevé
2,2,7,4.0,0.4888191771266801,0.7034281325471942,0,0.0,48,postes,25.4,élevé
3,0,0,0.0,0.0,0.7034281325471942,0,0.0,48,serveur_rh,0.0,faible
5,4,5,4.2,0.6614397206763517,0.7034281325471942,0,0.0,48,compte_admin,39.3,critique
2,1,12,3.5833333333333335,0.8884199726872707,0.32286765330771017,4,0.9444444444444444,48,internet,14.3,moyen
4,2,11,3.5454545454545454,0.3167084168300469,0.32286765330771017,4,0.9444444444444444,48,pare_feu,7.2,faible
3,1,4,4.5,0.2544127553933047,0.32286765330771017,4,0.9444444444444444,48,serveur_web,4.3,faible
5,1,3,4.333333333333333,0.2487572099897482,0.32286765330771017,4,0.9444444444444444,48,serveur_app,5.4,faible
5,2,2,4.0,0.4243518710526319,0.32286765330771017,4,0.9444444444444444,48,base_donnees,9.4,faible
5,0,0,0.0,0.0,0.32286765330771017,4,0.9444444444444444,48,donnees_sensibles,0.0,faible
3,0,0,0.0,0.0,0.32286765330771017,4,0.9444444444444444,48,sauvegardes,0.0,faible
3,1,9,3.6666666666666665,0.25247816909486714,0.32286765330771017,4,0.9444444444444444,48,vpn,3.6,faible
3,1,8,3.75,0.5,0.32286765330771017,4,0.9444444444444444,48,routeur,7.0,faible
2,3,7,4.0,0.2987874831217617,0.32286765330771017,4,0.9444444444444444,48,switch,9.0,faible
2,2,7,4.0,0.19066383120303032,0.32286765330771017,4,0.9444444444444444,48,postes,4.6,faible
3,0,0,0.0,0.0,0.32286765330771017,4,0.9444444444444444,48,serveur_rh,0.0,faible
5,4,5,4.2,0.22693474120922233,0.32286765330771017,4,0.9444444444444444,48,compte_admin,10.8,moyen
2,1,12,3.5833333333333335,0.8884199726872707,0.6683165660576916,1,0.1111111111111111,48,internet,27.2,élevé
4,2,11,3.5454545454545454,0.46238095375264854,0.6683165660576916,1,0.1111111111111111,48,pare_feu,22.3,élevé
3,1,4,4.5,0.5088255107866094,0.6683165660576916,1,0.1111111111111111,48,serveur_web,17.6,moyen
5,1,3,4.333333333333333,0.8291906999658274,0.6683165660576916,1,0.1111111111111111,48,serveur_app,23.8,élevé
5,2,2,4.0,0.7487037421052638,0.6683165660576916,1,0.1111111111111111,48,base_donnees,16.2,moyen
5,0,0,0.0,0.0,0.6683165660576916,1,0.1111111111111111,48,donnees_sensibles,0.0,faible
3,0,0,0.0,0.0,0.6683165660576916,1,0.1111111111111111,48,sauvegardes,0.0,faible
3,1,9,3.6666666666666665,0.6311954227371678,0.6683165660576916,1,0.1111111111111111,48,vpn,29.2,élevé
3,1,8,3.75,1.0,0.6683165660576916,1,0.1111111111111111,48,routeur,39.1,critique
2,3,7,4.0,0.7088333180623275,0.6683165660576916,1,0.1111111111111111,48,switch,33.5,élevé
2,2,7,4.0,0.4888191771266801,0.6683165660576916,1,0.1111111111111111,48,postes,25.4,élevé
3,0,0,0.0,0.0,0.6683165660576916,1,0.1111111111111111,48,serveur_rh,0.0,faible
5,4,5,4.2,0.6614397206763517,0.6683165660576916,1,0.1111111111111111,48,compte_admin,39.3,critique
2,1,12,3.5833333333333335,0.8884199726872707,0.56422952150421,1,0.3888888888888889,48,internet,33.6,élevé
4,2,11,3.5454545454545454,0.4631040116400331,0.56422952150421,1,0.3888888888888889,48,pare_feu,29.9,élevé
3,1,4,4.5,0.8480425179776824,0.56422952150421,1,0.3888888888888889,48,serveur_web,29.3,élevé
5,1,3,4.333333333333333,0.8291906999658274,0.56422952150421,1,0.3888888888888889,48,serveur_app,23.8,élevé
5,2,2,4.0,0.7487037421052638,0.56422952150421,1,0.3888888888888889,48,base_donnees,16.2,moyen
5,0,0,0.0,0.0,0.56422952150421,1,0.3888888888888889,48,donnees_sensibles,0.0,faible
3,0,0,0.0,0.0,0.56422952150421,1,0.3888888888888889,48,sauvegardes,0.0,faible
3,1,9,3.6666666666666665,0.25247816909486714,0.56422952150421,1,0.3888888888888889,48,vpn,11.2,moyen
3,1,8,3.75,1.0,0.56422952150421,1,0.3888888888888889,48,routeur,37.1,critique
2,3,7,4.0,0.7088333180623275,0.56422952150421,1,0.3888888888888889,48,switch,31.6,élevé
2,2,7,4.0,0.36479050629519616,0.56422952150421,1,0.3888888888888889,48,postes,19.9,moyen
3,0,0,0.0,0.0,0.56422952150421,1,0.3888888888888889,48,serveur_rh,0.0,faible
5,4,5,4.2,0.2645758882705407,0.56422952150421,1,0.3888888888888889,48,compte_admin,15.7,moyen
1,1,12,3.9166666666666665,1.0,0.40161937469048425,2,0.8235294117647058,49,internet,18.1,moyen
3,2,11,4.0,0.49388913802185874,0.40161937469048425,2,0.8235294117647058,49,pare_feu,12.3,moyen
2,1,4,4.75,0.38092846409955683,0.40161937469048425,2,0.8235294117647058,49,serveur_web,7.3,faible
5,1,3,4.666666666666667,0.43038350057337144,0.40161937469048425,2,0.8235294117647058,49,serveur_app,8.8,faible
4,2,2,5.0,0.4814159526936018,0.40161937469048425,2,0.8235294117647058,49,base_donnees,10.9,moyen
5,0,0,0.0,0.0,0.40161937469048425,2,0.8235294117647058,49,donnees_sensibles,0.0,faible
5,0,0,0.0,0.0,0.40161937469048425,2,0.8235294117647058,49,sauvegardes,0.0,faible
4,1,9,4.222222222222222,0.37706200484153857,0.40161937469048425,2,0.8235294117647058,49,vpn,6.8,faible
4,1,8,4.25,0.5,0.40161937469048425,2,0.8235294117647058,49,routeur,8.8,faible
2,3,7,4.571428571428571,0.3357654005916279,0.40161937469048425,2,0.8235294117647058,49,switch,12.5,moyen
3,2,7,4.428571428571429,0.23060284820023016,0.40161937469048425,2,0.8235294117647058,49,postes,6.4,faible
5,0,0,0.0,0.0,0.40161937469048425,2,0.8235294117647058,49,serveur_rh,0.0,faible
5,3,5,4.8,0.24001444020583343,0.40161937469048425,2,0.8235294117647058,49,compte_admin,10.4,moyen
1,1,12,3.9166666666666665,1.0,0.7024796427125108,0,0.0,49,internet,45.7,critique
3,2,11,4.0,0.6541587300218507,0.7024796427125108,0,0.0,49,pare_feu,41.1,critique
2,1,4,4.75,0.7618569281991137,0.7024796427125108,0,0.0,49,serveur_web,22.9,élevé
5,1,3,4.666666666666667,0.8607670011467429,0.7024796427125108,0,0.0,49,serveur_app,20.5,élevé
4,2,2,5.0,0.6241470866012716,0.7024796427125108,0,0.0,49,base_donnees,14.2,moyen
5,0,0,0.0,0.0,0.7024796427125108,0,0.0,49,donnees_sensibles,0.0,faible
5,0,0,0.0,0.0,0.7024796427125108,0,0.0,49,sauvegardes,0.0,faible
4,1,9,4.222222222222222,0.9426550121038464,0.7024796427125108,0,0.0,49,vpn,45.6,critique
4,1,8,4.25,1.0,0.7024796427125108,0,0.0,49,routeur,39.3,critique
2,3,7,4.571428571428571,0.6715308011832558,0.7024796427125108,0,0.0,49,switch,33.2,élevé
3,2,7,4.428571428571429,0.5027813231616095,0.7024796427125108,0,0.0,49,postes,23.5,élevé
5,0,0,0.0,0.0,0.7024796427125108,0,0.0,49,serveur_rh,0.0,faible
5,3,5,4.8,0.6000361005145836,0.7024796427125108,0,0.0,49,compte_admin,31.1,élevé
1,1,12,3.9166666666666665,1.0,0.5319517824996276,1,0.47058823529411764,49,internet,27.0,élevé
3,2,11,4.0,0.6541587300218507,0.5319517824996276,1,0.47058823529411764,49,pare_feu,21.6,élevé
2,1,4,4.75,0.38092846409955683,0.5319517824996276,1,0.47058823529411764,49,serveur_web,7.3,faible
5,1,3,4.666666666666667,0.43038350057337144,0.5319517824996276,1,0.47058823529411764,49,serveur_app,8.8,faible
4,2,2,5.0,0.4814159526936018,0.5319517824996276,1,0.47058823529411764,49,base_donnees,10.9,moyen
5,0,0,0.0,0.0,0.5319517824996276,1,0.47058823529411764,49,donnees_sensibles,0.0,faible
5,0,0,0.0,0.0,0.5319517824996276,1,0.47058823529411764,49,sauvegardes,0.0,faible
4,1,9,4.222222222222222,0.9426550121038464,0.5319517824996276,1,0.47058823529411764,49,vpn,17.5,moyen
4,1,8,4.25,0.5,0.5319517824996276,1,0.47058823529411764,49,routeur,9.5,faible
2,3,7,4.571428571428571,0.3357654005916279,0.5319517824996276,1,0.47058823529411764,49,switch,13.7,moyen
3,2,7,4.428571428571429,0.3553297284836776,0.5319517824996276,1,0.47058823529411764,49,postes,16.3,moyen
5,0,0,0.0,0.0,0.5319517824996276,1,0.47058823529411764,49,serveur_rh,0.0,faible
5,3,5,4.8,0.6000361005145836,0.5319517824996276,1,0.47058823529411764,49,compte_admin,26.0,élevé
1,1,12,3.9166666666666665,1.0,0.5360074133760849,2,0.47058823529411764,49,internet,18.6,moyen
3,2,11,4.0,0.33907204067977975,0.5360074133760849,2,0.47058823529411764,49,pare_feu,12.7,moyen
2,1,4,4.75,0.45711415691946816,0.5360074133760849,2,0.47058823529411764,49,serveur_web,13.7,moyen
5,1,3,4.666666666666667,0.8607670011467429,0.5360074133760849,2,0.47058823529411764,49,serveur_app,20.5,élevé
4,2,2,5.0,0.6241470866012716,0.5360074133760849,2,0.47058823529411764,49,base_donnees,14.2,moyen
5,0,0,0.0,0.0,0.5360074133760849,2,0.47058823529411764,49,donnees_sensibles,0.0,faible
5,0,0,0.0,0.0,0.5360074133760849,2,0.47058823529411764,49,sauvegardes,0.0,faible
4,1,9,4.222222222222222,0.37706200484153857,0.5360074133760849,2,0.47058823529411764,49,vpn,17.5,moyen
4,1,8,4.25,1.0,0.5360074133760849,2,0.47058823529411764,49,routeur,37.5,critique
2,3,7,4.571428571428571,0.6715308011832558,0.5360074133760849,2,0.47058823529411764,49,switch,31.5,élevé
3,2,7,4.428571428571429,0.37805444287816203,0.5360074133760849,2,0.47058823529411764,49,postes,20.2,élevé
5,0,0,0.0,0.0,0.5360074133760849,2,0.47058823529411764,49,serveur_rh,0.0,faible
5,3,5,4.8,0.24001444020583343,0.5360074133760849,2,0.47058823529411764,49,compte_admin,12.5,moyen
2,1,2,3.0,0.7227782447200598,0.31071842317945103,4,0.9333333333333333,50,internet,6.9,faible
4,1,1,2.0,0.14239135878662632,0.31071842317945103,4,0.9333333333333333,50,pare_feu,0.7,faible
3,1,4,4.5,0.18879848319034961,0.31071842317945103,4,0.9333333333333333,50,serveur_web,2.6,faible
4,1,3,4.666666666666667,0.24861212207706032,0.31071842317945103,4,0.9333333333333333,50,serveur_app,5.0,faible
5,2,2,4.5,0.400888038202863,0.31071842317945103,4,0.9333333333333333,50,base_donnees,8.7,faible
5,0,0,0.0,0.0,0.31071842317945103,4,0.9333333333333333,50,donnees_sensibles,0.0,faible
4,0,0,0.0,0.0,0.31071842317945103,4,0.9333333333333333,50,sauvegardes,0.0,faible
2,0,0,0.0,0.0,0.31071842317945103,4,0.9333333333333333,50,vpn,0.0,faible
3,1,8,4.125,0.5,0.31071842317945103,4,0.9333333333333333,50,routeur,5.6,faible
3,2,7,4.285714285714286,0.2689623406215766,0.31071842317945103,4,0.9333333333333333,50,switch,4.5,faible
2,2,7,4.428571428571429,0.22131608203187592,0.31071842317945103,4,0.9333333333333333,50,postes,5.1,faible
5,0,0,0.0,0.0,0.31071842317945103,4,0.9333333333333333,50,serveur_rh,0.0,faible
5,4,5,4.6,0.26896580430125955,0.31071842317945103,4,0.9333333333333333,50,compte_admin,12.7,moyen
2,1,2,3.0,0.7227782447200598,0.47276099657407894,2,0.6,50,internet,6.9,faible
4,1,1,2.0,0.14239135878662632,0.47276099657407894,2,0.6,50,pare_feu,0.7,faible
3,1,4,4.5,0.6293282773011654,0.47276099657407894,2,0.6,50,serveur_web,12.9,moyen
4,1,3,4.666666666666667,0.49722424415412064,0.47276099657407894,2,0.6,50,serveur_app,11.7,moyen
5,2,2,4.5,0.5840275770357882,0.47276099657407894,2,0.6,50,base_donnees,12.2,moyen
5,0,0,0.0,0.0,0.47276099657407894,2,0.6,50,donnees_sensibles,0.0,faible
4,0,0,0.0,0.0,0.47276099657407894,2,0.6,50,sauvegardes,0.0,faible
2,0,0,0.0,0.0,0.47276099657407894,2,0.6,50,vpn,0.0,faible
3,1,8,4.125,1.0,0.47276099657407894,2,0.6,50,routeur,15.8,moyen
3,2,7,4.285714285714286,0.5379246812431532,0.47276099657407894,2,0.6,50,switch,9.0,faible
2,2,7,4.428571428571429,0.3899625449431454,0.47276099657407894,2,0.6,50,postes,9.5,faible
5,0,0,0.0,0.0,0.47276099657407894,2,0.6,50,serveur_rh,0.0,faible
5,4,5,4.6,0.26896580430125955,0.47276099657407894,2,0.6,50,compte_admin,12.7,moyen
2,1,2,3.0,0.7227782447200598,0.5467171176381774,1,0.4,50,internet,6.9,faible
4,1,1,2.0,0.14239135878662632,0.5467171176381774,1,0.4,50,pare_feu,0.7,faible
3,1,4,4.5,0.6293282773011654,0.5467171176381774,1,0.4,50,serveur_web,19.4,moyen
4,1,3,4.666666666666667,0.8287070735902011,0.5467171176381774,1,0.4,50,serveur_app,22.3,élevé
5,2,2,4.5,0.7291932432824134,0.5467171176381774,1,0.4,50,base_donnees,15.6,moyen
5,0,0,0.0,0.0,0.5467171176381774,1,0.4,50,donnees_sensibles,0.0,faible
4,0,0,0.0,0.0,0.5467171176381774,1,0.4,50,sauvegardes,0.0,faible
2,0,0,0.0,0.0,0.5467171176381774,1,0.4,50,vpn,0.0,faible
3,1,8,4.125,1.0,0.5467171176381774,1,0.4,50,routeur,20.2,élevé
3,2,7,4.285714285714286,0.6665754288454888,0.5467171176381774,1,0.4,50,switch,13.4,moyen
2,2,7,4.428571428571429,0.42507562435688306,0.5467171176381774,1,0.4,50,postes,13.5,moyen
5,0,0,0.0,0.0,0.5467171176381774,1,0.4,50,serveur_rh,0.0,faible
5,4,5,4.6,0.30896580430125953,0.5467171176381774,1,0.4,50,compte_admin,17.1,moyen
2,1,2,3.0,0.7227782447200598,0.31071842317945103,4,0.9333333333333333,50,internet,6.9,faible
4,1,1,2.0,0.14239135878662632,0.31071842317945103,4,0.9333333333333333,50,pare_feu,0.7,faible
3,1,4,4.5,0.18879848319034961,0.31071842317945103,4,0.9333333333333333,50,serveur_web,2.6,faible
4,1,3,4.666666666666667,0.24861212207706032,0.31071842317945103,4,0.9333333333333333,50,serveur_app,5.0,faible
5,2,2,4.5,0.400888038202863,0.31071842317945103,4,0.9333333333333333,50,base_donnees,8.7,faible
5,0,0,0.0,0.0,0.31071842317945103,4,0.9333333333333333,50,donnees_sensibles,0.0,faible
4,0,0,0.0,0.0,0.31071842317945103,4,0.9333333333333333,50,sauvegardes,0.0,faible
2,0,0,0.0,0.0,0.31071842317945103,4,0.9333333333333333,50,vpn,0.0,faible
3,1,8,4.125,0.5,0.31071842317945103,4,0.9333333333333333,50,routeur,5.6,faible
3,2,7,4.285714285714286,0.2689623406215766,0.31071842317945103,4,0.9333333333333333,50,switch,4.5,faible
2,2,7,4.428571428571429,0.22131608203187592,0.31071842317945103,4,0.9333333333333333,50,postes,5.1,faible
5,0,0,0.0,0.0,0.31071842317945103,4,0.9333333333333333,50,serveur_rh,0.0,faible
5,4,5,4.6,0.26896580430125955,0.31071842317945103,4,0.9333333333333333,50,compte_admin,12.7,moyen
1,1,12,3.5833333333333335,0.8591274643377257,0.3804541222039856,3,0.875,51,internet,10.8,moyen
4,2,11,3.5454545454545454,0.2542445244021274,0.3804541222039856,3,0.875,51,pare_feu,3.6,faible
2,0,0,0.0,0.0,0.3804541222039856,3,0.875,51,serveur_web,0.0,faible
5,1,3,4.333333333333333,0.3988427438447414,0.3804541222039856,3,0.875,51,serveur_app,11.1,moyen
5,2,2,4.0,0.6390841317296834,0.3804541222039856,3,0.875,51,base_donnees,15.0,moyen
5,0,0,0.0,0.0,0.3804541222039856,3,0.875,51,donnees_sensibles,0.0,faible
3,0,0,0.0,0.0,0.3804541222039856,3,0.875,51,sauvegardes,0.0,faible
3,1,9,3.7777777777777777,0.24347428345032737,0.3804541222039856,3,0.875,51,vpn,4.0,faible
3,1,8,3.875,0.5,0.3804541222039856,3,0.875,51,routeur,9.0,faible
3,3,7,4.0,0.32657175459176935,0.3804541222039856,3,0.875,51,switch,10.6,moyen
2,2,7,4.142857142857143,0.2619078076289383,0.3804541222039856,3,0.875,51,postes,8.0,faible
3,0,0,0.0,0.0,0.3804541222039856,3,0.875,51,serveur_rh,0.0,faible
5,3,4,4.0,0.26521109077805655,0.3804541222039856,3,0.875,51,compte_admin,11.4,moyen
1,1,12,3.5833333333333335,0.8591274643377257,0.326484892353644,4,0.9375,51,internet,10.8,moyen
4,2,11,3.5454545454545454,0.2542445244021274,0.326484892353644,4,0.9375,51,pare_feu,3.5,faible
2,0,0,0.0,0.0,0.326484892353644,4,0.9375,51,serveur_web,0.0,faible
5,1,3,4.333333333333333,0.2393056463068448,0.326484892353644,4,0.9375,51,serveur_app,5.4,faible
5,2,2,4.0,0.4390841317296833,0.326484892353644,4,0.9375,51,base_donnees,9.8,faible
5,0,0,0.0,0.0,0.326484892353644,4,0.9375,51,donnees_sensibles,0.0,faible
3,0,0,0.0,0.0,0.326484892353644,4,0.9375,51,sauvegardes,0.0,faible
3,1,9,3.7777777777777777,0.24347428345032737,0.326484892353644,4,0.9375,51,vpn,3.7,faible
3,1,8,3.875,0.5,0.326484892353644,4,0.9375,51,routeur,7.7,faible
3,3,7,4.0,0.29184122501738424,0.326484892353644,4,0.9375,51,switch,8.1,faible
2,2,7,4.142857142857143,0.2212358947054031,0.326484892353644,4,0.9375,51,postes,5.6,faible
3,0,0,0.0,0.0,0.326484892353644,4,0.9375,51,serveur_rh,0.0,faible
5,3,4,4.0,0.22573270227894193,0.326484892353644,4,0.9375,51,compte_admin,7.5,faible
1,1,12,3.5833333333333335,0.8591274643377257,0.39526765956475646,2,0.8125,51,internet,11.8,moyen
4,2,11,3.5454545454545454,0.3727528232882939,0.39526765956475646,2,0.8125,51,pare_feu,4.7,faible
2,0,0,0.0,0.0,0.39526765956475646,2,0.8125,51,serveur_web,0.0,faible
5,1,3,4.333333333333333,0.3988427438447414,0.39526765956475646,2,0.8125,51,serveur_app,11.1,moyen
5,2,2,4.0,0.6390841317296834,0.39526765956475646,2,0.8125,51,base_donnees,15.0,moyen
5,0,0,0.0,0.0,0.39526765956475646,2,0.8125,51,donnees_sensibles,0.0,faible
3,0,0,0.0,0.0,0.39526765956475646,2,0.8125,51,sauvegardes,0.0,faible
3,1,9,3.7777777777777777,0.24347428345032737,0.39526765956475646,2,0.8125,51,vpn,4.0,faible
3,1,8,3.875,0.5,0.39526765956475646,2,0.8125,51,routeur,9.0,faible
3,3,7,4.0,0.32657175459176935,0.39526765956475646,2,0.8125,51,switch,10.6,moyen
2,2,7,4.142857142857143,0.2619078076289383,0.39526765956475646,2,0.8125,51,postes,8.0,faible
3,0,0,0.0,0.0,0.39526765956475646,2,0.8125,51,serveur_rh,0.0,faible
5,3,4,4.0,0.26521109077805655,0.39526765956475646,2,0.8125,51,compte_admin,11.4,moyen
1,1,12,3.5833333333333335,0.8591274643377257,0.4385772937164734,3,0.6875,51,internet,14.8,moyen
4,2,11,3.5454545454545454,0.3689676385114441,0.4385772937164734,3,0.6875,51,pare_feu,8.5,faible
2,0,0,0.0,0.0,0.4385772937164734,3,0.6875,51,serveur_web,0.0,faible
5,1,3,4.333333333333333,0.2393056463068448,0.4385772937164734,3,0.6875,51,serveur_app,5.4,faible
5,2,2,4.0,0.4390841317296833,0.4385772937164734,3,0.6875,51,base_donnees,9.8,faible
5,0,0,0.0,0.0,0.4385772937164734,3,0.6875,51,donnees_sensibles,0.0,faible
3,0,0,0.0,0.0,0.4385772937164734,3,0.6875,51,sauvegardes,0.0,faible
3,1,9,3.7777777777777777,0.6086857086258184,0.4385772937164734,3,0.6875,51,vpn,9.8,faible
3,1,8,3.875,0.5,0.4385772937164734,3,0.6875,51,routeur,8.8,faible
3,3,7,4.0,0.29184122501738424,0.4385772937164734,3,0.6875,51,switch,10.3,moyen
2,2,7,4.142857142857143,0.3127476987833572,0.4385772937164734,3,0.6875,51,postes,12.0,moyen
3,0,0,0.0,0.0,0.4385772937164734,3,0.6875,51,serveur_rh,0.0,faible
5,3,4,4.0,0.5643317556973548,0.4385772937164734,3,0.6875,51,compte_admin,18.7,moyen
1,1,10,3.3,1.0,0.3274395173115341,4,0.9375,52,internet,14.2,moyen
4,2,9,3.2222222222222223,0.2902575527818101,0.3274395173115341,4,0.9375,52,pare_feu,4.8,faible
2,1,4,4.25,0.20666990204390065,0.3274395173115341,4,0.9375,52,serveur_web,2.7,faible
3,1,3,4.666666666666667,0.24589444820643128,0.3274395173115341,4,0.9375,52,serveur_app,5.9,faible
5,2,2,4.5,0.46276797442861894,0.3274395173115341,4,0.9375,52,base_donnees,11.6,moyen
5,0,0,0.0,0.0,0.3274395173115341,4,0.9375,52,donnees_sensibles,0.0,faible
4,0,0,0.0,0.0,0.3274395173115341,4,0.9375,52,sauvegardes,0.0,faible
2,1,7,3.5714285714285716,0.29523594076942355,0.3274395173115341,4,0.9375,52,vpn,3.3,faible
3,1,6,3.6666666666666665,0.36537739411264153,0.3274395173115341,4,0.9375,52,routeur,3.7,faible
2,2,5,4.0,0.21991274510231773,0.3274395173115341,4,0.9375,52,switch,4.8,faible
3,2,7,3.857142857142857,0.2056907679893075,0.3274395173115341,4,0.9375,52,postes,4.6,faible
3,0,0,0.0,0.0,0.3274395173115341,4,0.9375,52,serveur_rh,0.0,faible
5,3,4,4.25,0.25619883708267993,0.3274395173115341,4,0.9375,52,compte_admin,9.3,faible
1,1,10,3.3,1.0,0.4060267284754304,2,0.8125,52,internet,18.3,moyen
4,2,9,3.2222222222222223,0.41156829494003394,0.4060267284754304,2,0.8125,52,pare_feu,9.2,faible
2,1,4,4.25,0.3444498367398344,0.4060267284754304,2,0.8125,52,serveur_web,6.6,faible
3,1,3,4.666666666666667,0.40982408034405216,0.4060267284754304,2,0.8125,52,serveur_app,11.9,moyen
5,2,2,4.5,0.662767974428619,0.4060267284754304,2,0.8125,52,base_donnees,17.0,moyen
5,0,0,0.0,0.0,0.4060267284754304,2,0.8125,52,donnees_sensibles,0.0,faible
4,0,0,0.0,0.0,0.4060267284754304,2,0.8125,52,sauvegardes,0.0,faible
2,1,7,3.5714285714285716,0.29523594076942355,0.4060267284754304,2,0.8125,52,vpn,3.5,faible
3,1,6,3.6666666666666665,0.36537739411264153,0.4060267284754304,2,0.8125,52,routeur,4.6,faible
2,2,5,4.0,0.2799755791081368,0.4060267284754304,2,0.8125,52,switch,7.2,faible
3,2,7,3.857142857142857,0.24146301024940142,0.4060267284754304,2,0.8125,52,postes,7.0,faible
3,0,0,0.0,0.0,0.4060267284754304,2,0.8125,52,serveur_rh,0.0,faible
5,3,4,4.25,0.2966635620628509,0.4060267284754304,2,0.8125,52,compte_admin,13.6,moyen
1,1,10,3.3,1.0,0.6985398099435219,0,0.0,52,internet,34.6,élevé
4,2,9,3.2222222222222223,0.5740054542567453,0.6985398099435219,0,0.0,52,pare_feu,26.8,élevé
2,1,4,4.25,0.6888996734796689,0.6985398099435219,0,0.0,52,serveur_web,23.0,élevé
3,1,3,4.666666666666667,0.8196481606881043,0.6985398099435219,0,0.0,52,serveur_app,26.5,élevé
5,2,2,4.5,0.825535948857238,0.6985398099435219,0,0.0,52,base_donnees,20.6,élevé
5,0,0,0.0,0.0,0.6985398099435219,0,0.0,52,donnees_sensibles,0.0,faible
4,0,0,0.0,0.0,0.6985398099435219,0,0.0,52,sauvegardes,0.0,faible
2,1,7,3.5714285714285716,0.7380898519235588,0.6985398099435219,0,0.0,52,vpn,20.0,élevé
3,1,6,3.6666666666666665,0.7307547882252831,0.6985398099435219,0,0.0,52,routeur,20.1,élevé
2,2,5,4.0,0.5599511582162736,0.6985398099435219,0,0.0,52,switch,21.8,élevé
3,2,7,3.857142857142857,0.5276413233239203,0.6985398099435219,0,0.0,52,postes,26.1,élevé
3,0,0,0.0,0.0,0.6985398099435219,0,0.0,52,serveur_rh,0.0,faible
5,3,4,4.25,0.7416589051571272,0.6985398099435219,0,0.0,52,compte_admin,34.0,élevé
1,1,10,3.3,1.0,0.3274395173115341,4,0.9375,52,internet,14.2,moyen
4,2,9,3.2222222222222223,0.2902575527818101,0.3274395173115341,4,0.9375,52,pare_feu,4.8,faible
2,1,4,4.25,0.20666990204390065,0.3274395173115341,4,0.9375,52,serveur_web,2.7,faible
3,1,3,4.666666666666667,0.24589444820643128,0.3274395173115341,4,0.9375,52,serveur_app,5.9,faible
5,2,2,4.5,0.46276797442861894,0.3274395173115341,4,0.9375,52,base_donnees,11.6,moyen
5,0,0,0.0,0.0,0.3274395173115341,4,0.9375,52,donnees_sensibles,0.0,faible
4,0,0,0.0,0.0,0.3274395173115341,4,0.9375,52,sauvegardes,0.0,faible
2,1,7,3.5714285714285716,0.29523594076942355,0.3274395173115341,4,0.9375,52,vpn,3.3,faible
3,1,6,3.6666666666666665,0.36537739411264153,0.3274395173115341,4,0.9375,52,routeur,3.7,faible
2,2,5,4.0,0.21991274510231773,0.3274395173115341,4,0.9375,52,switch,4.8,faible
3,2,7,3.857142857142857,0.2056907679893075,0.3274395173115341,4,0.9375,52,postes,4.6,faible
3,0,0,0.0,0.0,0.3274395173115341,4,0.9375,52,serveur_rh,0.0,faible
5,3,4,4.25,0.25619883708267993,0.3274395173115341,4,0.9375,52,compte_admin,9.3,faible
1,1,12,3.5833333333333335,1.0,0.36903614658282324,3,0.8823529411764706,53,internet,19.6,moyen
4,2,11,3.5454545454545454,0.6106195180020942,0.36903614658282324,3,0.8823529411764706,53,pare_feu,11.1,moyen
3,0,0,0.0,0.0,0.36903614658282324,3,0.8823529411764706,53,serveur_web,0.0,faible
4,1,3,4.0,0.22103458705427356,0.36903614658282324,3,0.8823529411764706,53,serveur_app,3.9,faible
4,2,2,4.0,0.36322150594036084,0.36903614658282324,3,0.8823529411764706,53,base_donnees,7.5,faible
5,0,0,0.0,0.0,0.36903614658282324,3,0.8823529411764706,53,donnees_sensibles,0.0,faible
3,0,0,0.0,0.0,0.36903614658282324,3,0.8823529411764706,53,sauvegardes,0.0,faible
4,1,9,3.5555555555555554,0.4,0.36903614658282324,3,0.8823529411764706,53,vpn,5.2,faible
3,1,8,3.625,0.34352140144947624,0.36903614658282324,3,0.8823529411764706,53,routeur,5.4,faible
3,3,7,3.7142857142857144,0.3241725344627699,0.36903614658282324,3,0.8823529411764706,53,switch,8.4,faible
2,2,7,3.857142857142857,0.15951045710336859,0.36903614658282324,3,0.8823529411764706,53,postes,4.0,faible
4,0,0,0.0,0.0,0.36903614658282324,3,0.8823529411764706,53,serveur_rh,0.0,faible
4,4,5,4.0,0.26745948448107215,0.36903614658282324,3,0.8823529411764706,53,compte_admin,11.1,moyen
1,1,12,3.5833333333333335,1.0,0.5296284323914123,2,0.5882352941176471,53,internet,29.8,élevé
4,2,11,3.5454545454545454,0.7981640899725866,0.5296284323914123,2,0.5882352941176471,53,pare_feu,22.0,élevé
3,0,0,0.0,0.0,0.5296284323914123,2,0.5882352941176471,53,serveur_web,0.0,faible
4,1,3,4.0,0.22103458705427356,0.5296284323914123,2,0.5882352941176471,53,serveur_app,3.9,faible
4,2,2,4.0,0.36322150594036084,0.5296284323914123,2,0.5882352941176471,53,base_donnees,7.5,faible
5,0,0,0.0,0.0,0.5296284323914123,2,0.5882352941176471,53,donnees_sensibles,0.0,faible
3,0,0,0.0,0.0,0.5296284323914123,2,0.5882352941176471,53,sauvegardes,0.0,faible
4,1,9,3.5555555555555554,1.0,0.5296284323914123,2,0.5882352941176471,53,vpn,13.5,moyen
3,1,8,3.625,0.34352140144947624,0.5296284323914123,2,0.5882352941176471,53,routeur,5.9,faible
3,3,7,3.7142857142857144,0.3241725344627699,0.5296284323914123,2,0.5882352941176471,53,switch,9.8,faible
2,2,7,3.857142857142857,0.23462186106266647,0.5296284323914123,2,0.5882352941176471,53,postes,10.6,moyen
4,0,0,0.0,0.0,0.5296284323914123,2,0.5882352941176471,53,serveur_rh,0.0,faible
4,4,5,4.0,0.6686487112026804,0.5296284323914123,2,0.5882352941176471,53,compte_admin,27.8,élevé
1,1,12,3.5833333333333335,1.0,0.6284202577838969,2,0.35294117647058826,53,internet,35.0,critique
4,2,11,3.5454545454545454,0.6039281686305468,0.6284202577838969,2,0.35294117647058826,53,pare_feu,27.6,élevé
3,0,0,0.0,0.0,0.6284202577838969,2,0.35294117647058826,53,serveur_web,0.0,faible
4,1,3,4.0,0.4420691741085471,0.6284202577838969,2,0.35294117647058826,53,serveur_app,8.8,faible
4,2,2,4.0,0.5192149593753204,0.6284202577838969,2,0.35294117647058826,53,base_donnees,9.9,faible
5,0,0,0.0,0.0,0.6284202577838969,2,0.35294117647058826,53,donnees_sensibles,0.0,faible
3,0,0,0.0,0.0,0.6284202577838969,2,0.35294117647058826,53,sauvegardes,0.0,faible
4,1,9,3.5555555555555554,1.0,0.6284202577838969,2,0.35294117647058826,53,vpn,27.1,élevé
3,1,8,3.625,0.6870428028989525,0.6284202577838969,2,0.35294117647058826,53,routeur,19.1,moyen
3,3,7,3.7142857142857144,0.6483450689255398,0.6284202577838969,2,0.35294117647058826,53,switch,20.6,élevé
2,2,7,3.857142857142857,0.3440580488598365,0.6284202577838969,2,0.35294117647058826,53,postes,12.5,moyen
4,0,0,0.0,0.0,0.6284202577838969,2,0.35294117647058826,53,serveur_rh,0.0,faible
4,4,5,4.0,0.6686487112026804,0.6284202577838969,2,0.35294117647058826,53,compte_admin,27.8,élevé
1,1,12,3.5833333333333335,1.0,0.7350654742591631,0,0.0,53,internet,41.5,critique
4,2,11,3.5454545454545454,0.7981640899725866,0.7350654742591631,0,0.0,53,pare_feu,34.7,élevé
3,0,0,0.0,0.0,0.7350654742591631,0,0.0,53,serveur_web,0.0,faible
4,1,3,4.0,0.7367819568475785,0.7350654742591631,0,0.0,53,serveur_app,17.2,moyen
4,2,2,4.0,0.6573669943789213,0.7350654742591631,0,0.0,53,base_donnees,13.3,moyen
5,0,0,0.0,0.0,0.7350654742591631,0,0.0,53,donnees_sensibles,0.0,faible
3,0,0,0.0,0.0,0.7350654742591631,0,0.0,53,sauvegardes,0.0,faible
4,1,9,3.5555555555555554,1.0,0.7350654742591631,0,0.0,53,vpn,33.8,élevé
3,1,8,3.625,0.6870428028989525,0.7350654742591631,0,0.0,53,routeur,25.7,élevé
3,3,7,3.7142857142857144,0.762966006197875,0.7350654742591631,0,0.0,53,switch,30.0,élevé
2,2,7,3.857142857142857,0.42751516437016746,0.7350654742591631,0,0.0,53,postes,21.5,élevé
4,0,0,0.0,0.0,0.7350654742591631,0,0.0,53,serveur_rh,0.0,faible
4,4,5,4.0,0.7543244466555667,0.7350654742591631,0,0.0,53,compte_admin,35.9,critique
1,1,10,3.8,1.0,0.4010929703964823,2,0.875,54,internet,18.4,moyen
4,2,9,3.7777777777777777,0.4923321142236282,0.4010929703964823,2,0.875,54,pare_feu,10.7,moyen
3,1,3,5.0,0.27348646241358254,0.4010929703964823,2,0.875,54,serveur_web,4.7,faible
5,1,2,5.0,0.4296598441855698,0.4010929703964823,2,0.875,54,serveur_app,6.6,faible
5,1,1,5.0,0.3599273879537792,0.4010929703964823,2,0.875,54,base_donnees,4.1,faible
5,0,0,0.0,0.0,0.4010929703964823,2,0.875,54,donnees_sensibles,0.0,faible
5,0,0,0.0,0.0,0.4010929703964823,2,0.875,54,sauvegardes,0.0,faible
2,1,7,4.142857142857143,0.2719021301742616,0.4010929703964823,2,0.875,54,vpn,4.1,faible
3,1,6,4.333333333333333,0.5,0.4010929703964823,2,0.875,54,routeur,8.8,faible
4,3,5,4.4,0.31121046405282876,0.4010929703964823,2,0.875,54,switch,9.0,faible
2,1,5,4.8,0.3339930967708718,0.4010929703964823,2,0.875,54,postes,5.2,faible
5,0,0,0.0,0.0,0.4010929703964823,2,0.875,54,serveur_rh,0.0,faible
5,4,4,5.0,0.3325557460599772,0.4010929703964823,2,0.875,54,compte_admin,15.1,moyen
1,1,10,3.8,1.0,0.744835971139954,0,0.0,54,internet,34.2,élevé
4,2,9,3.7777777777777777,0.6253331926196299,0.744835971139954,0,0.0,54,pare_feu,27.6,élevé
3,1,3,5.0,0.5469729248271651,0.744835971139954,0,0.0,54,serveur_web,14.7,moyen
5,1,2,5.0,0.8593196883711396,0.744835971139954,0,0.0,54,serveur_app,16.8,moyen
5,1,1,5.0,0.7198547759075584,0.744835971139954,0,0.0,54,base_donnees,8.2,faible
5,0,0,0.0,0.0,0.744835971139954,0,0.0,54,donnees_sensibles,0.0,faible
5,0,0,0.0,0.0,0.744835971139954,0,0.0,54,sauvegardes,0.0,faible
2,1,7,4.142857142857143,0.6797553254356541,0.744835971139954,0,0.0,54,vpn,24.4,élevé
3,1,6,4.333333333333333,1.0,0.744835971139954,0,0.0,54,routeur,30.1,élevé
4,3,5,4.4,0.6224209281056575,0.744835971139954,0,0.0,54,switch,21.9,élevé
2,1,5,4.8,0.6679861935417436,0.744835971139954,0,0.0,54,postes,17.5,moyen
5,0,0,0.0,0.0,0.744835971139954,0,0.0,54,serveur_rh,0.0,faible
5,4,4,5.0,0.831389365149943,0.744835971139954,0,0.0,54,compte_admin,38.6,critique
1,1,10,3.8,1.0,0.567917334672311,1,0.5,54,internet,22.8,élevé
4,2,9,3.7777777777777777,0.6253331926196299,0.567917334672311,1,0.5,54,pare_feu,15.4,moyen
3,1,3,5.0,0.27348646241358254,0.567917334672311,1,0.5,54,serveur_web,4.7,faible
5,1,2,5.0,0.4296598441855698,0.567917334672311,1,0.5,54,serveur_app,6.6,faible
5,1,1,5.0,0.3599273879537792,0.567917334672311,1,0.5,54,base_donnees,4.1,faible
5,0,0,0.0,0.0,0.567917334672311,1,0.5,54,donnees_sensibles,0.0,faible
5,0,0,0.0,0.0,0.567917334672311,1,0.5,54,sauvegardes,0.0,faible
2,1,7,4.142857142857143,0.6797553254356541,0.567917334672311,1,0.5,54,vpn,10.2,moyen
3,1,6,4.333333333333333,0.5,0.567917334672311,1,0.5,54,routeur,8.8,faible
4,3,5,4.4,0.31121046405282876,0.567917334672311,1,0.5,54,switch,9.0,faible
2,1,5,4.8,0.3339930967708718,0.567917334672311,1,0.5,54,postes,5.2,faible
5,0,0,0.0,0.0,0.567917334672311,1,0.5,54,serveur_rh,0.0,faible
5,4,4,5.0,0.831389365149943,0.567917334672311,1,0.5,54,compte_admin,37.8,critique
1,1,10,3.8,1.0,0.567917334672311,1,0.5,54,internet,22.8,élevé
4,2,9,3.7777777777777777,0.6253331926196299,0.567917334672311,1,0.5,54,pare_feu,15.4,moyen
3,1,3,5.0,0.27348646241358254,0.567917334672311,1,0.5,54,serveur_web,4.7,faible
5,1,2,5.0,0.4296598441855698,0.567917334672311,1,0.5,54,serveur_app,6.6,faible
5,1,1,5.0,0.3599273879537792,0.567917334672311,1,0.5,54,base_donnees,4.1,faible
5,0,0,0.0,0.0,0.567917334672311,1,0.5,54,donnees_sensibles,0.0,faible
5,0,0,0.0,0.0,0.567917334672311,1,0.5,54,sauvegardes,0.0,faible
2,1,7,4.142857142857143,0.6797553254356541,0.567917334672311,1,0.5,54,vpn,10.2,moyen
3,1,6,4.333333333333333,0.5,0.567917334672311,1,0.5,54,routeur,8.8,faible
4,3,5,4.4,0.31121046405282876,0.567917334672311,1,0.5,54,switch,9.0,faible
2,1,5,4.8,0.3339930967708718,0.567917334672311,1,0.5,54,postes,5.2,faible
5,0,0,0.0,0.0,0.567917334672311,1,0.5,54,serveur_rh,0.0,faible
5,4,4,5.0,0.831389365149943,0.567917334672311,1,0.5,54,compte_admin,37.8,critique
1,1,12,3.5833333333333335,0.9258852713626005,0.5610353281362773,2,0.5,55,internet,20.2,élevé
4,2,11,3.5454545454545454,0.4808672375941111,0.5610353281362773,2,0.5,55,pare_feu,13.5,moyen
4,1,4,4.0,0.1970412200364871,0.5610353281362773,2,0.5,55,serveur_web,3.3,faible
3,1,3,4.333333333333333,0.35241788066834334,0.5610353281362773,2,0.5,55,serveur_app,8.8,faible
4,2,2,4.5,0.6632607908058131,0.5610353281362773,2,0.5,55,base_donnees,15.8,moyen
5,0,0,0.0,0.0,0.5610353281362773,2,0.5,55,donnees_sensibles,0.0,faible
4,0,0,0.0,0.0,0.5610353281362773,2,0.5,55,sauvegardes,0.0,faible
3,1,9,3.5555555555555554,0.7032684446015828,0.5610353281362773,2,0.5,55,vpn,8.4,faible
2,1,8,3.75,0.33223600455221963,0.5610353281362773,2,0.5,55,routeur,6.8,faible
3,3,7,3.857142857142857,0.3655525005442204,0.5610353281362773,2,0.5,55,switch,13.8,moyen
2,2,7,4.0,0.35276373452454546,0.5610353281362773,2,0.5,55,postes,19.9,moyen
4,0,0,0.0,0.0,0.5610353281362773,2,0.5,55,serveur_rh,0.0,faible
5,4,5,4.0,0.8743365144375395,0.5610353281362773,2,0.5,55,compte_admin,45.4,critique
1,1,12,3.5833333333333335,0.9258852713626005,0.4793119388345757,3,0.6666666666666666,55,internet,16.9,moyen
4,2,11,3.5454545454545454,0.3149195835192529,0.4793119388345757,3,0.6666666666666666,55,pare_feu,9.6,faible
4,1,4,4.0,0.3940824400729742,0.4793119388345757,3,0.6666666666666666,55,serveur_web,7.0,faible
3,1,3,4.333333333333333,0.422901456802012,0.4793119388345757,3,0.6666666666666666,55,serveur_app,9.9,faible
4,2,2,4.5,0.6265215816116263,0.4793119388345757,3,0.6666666666666666,55,base_donnees,14.0,moyen
5,0,0,0.0,0.0,0.4793119388345757,3,0.6666666666666666,55,donnees_sensibles,0.0,faible
4,0,0,0.0,0.0,0.4793119388345757,3,0.6666666666666666,55,sauvegardes,0.0,faible
3,1,9,3.5555555555555554,0.28130737784063314,0.4793119388345757,3,0.6666666666666666,55,vpn,6.4,faible
2,1,8,3.75,0.6644720091044393,0.4793119388345757,3,0.6666666666666666,55,routeur,17.6,moyen
3,3,7,3.857142857142857,0.6511474409112237,0.4793119388345757,3,0.6666666666666666,55,switch,19.8,moyen
2,2,7,4.0,0.427462401659093,0.4793119388345757,3,0.6666666666666666,55,postes,17.2,moyen
4,0,0,0.0,0.0,0.4793119388345757,3,0.6666666666666666,55,serveur_rh,0.0,faible
5,4,5,4.0,0.31192922188152183,0.4793119388345757,3,0.6666666666666666,55,compte_admin,13.5,moyen
1,1,12,3.5833333333333335,0.9258852713626005,0.5187238848929945,2,0.6111111111111112,55,internet,23.4,élevé
4,2,11,3.5454545454545454,0.6170591136847872,0.5187238848929945,2,0.6111111111111112,55,pare_feu,17.2,moyen
4,1,4,4.0,0.3284020333941452,0.5187238848929945,2,0.6111111111111112,55,serveur_web,3.9,faible
3,1,3,4.333333333333333,0.211450728401006,0.5187238848929945,2,0.6111111111111112,55,serveur_app,4.3,faible
4,2,2,4.5,0.4632607908058131,0.5187238848929945,2,0.6111111111111112,55,base_donnees,10.8,moyen
5,0,0,0.0,0.0,0.5187238848929945,2,0.6111111111111112,55,donnees_sensibles,0.0,faible
4,0,0,0.0,0.0,0.5187238848929945,2,0.6111111111111112,55,sauvegardes,0.0,faible
3,1,9,3.5555555555555554,0.7032684446015828,0.5187238848929945,2,0.6111111111111112,55,vpn,7.3,faible
2,1,8,3.75,0.33223600455221963,0.5187238848929945,2,0.6111111111111112,55,routeur,5.4,faible
3,3,7,3.857142857142857,0.32557372045561184,0.5187238848929945,2,0.6111111111111112,55,switch,9.3,faible
2,2,7,4.0,0.2895671282995459,0.5187238848929945,2,0.6111111111111112,55,postes,11.0,moyen
4,0,0,0.0,0.0,0.5187238848929945,2,0.6111111111111112,55,serveur_rh,0.0,faible
5,4,5,4.0,0.7798230547038045,0.5187238848929945,2,0.6111111111111112,55,compte_admin,33.8,élevé
1,1,12,3.5833333333333335,0.9258852713626005,0.34411665361833854,4,0.9444444444444444,55,internet,14.9,moyen
4,2,11,3.5454545454545454,0.3149195835192529,0.34411665361833854,4,0.9444444444444444,55,pare_feu,7.3,faible
4,1,4,4.0,0.1970412200364871,0.34411665361833854,4,0.9444444444444444,55,serveur_web,2.4,faible
3,1,3,4.333333333333333,0.211450728401006,0.34411665361833854,4,0.9444444444444444,55,serveur_app,4.3,faible
4,2,2,4.5,0.4632607908058131,0.34411665361833854,4,0.9444444444444444,55,base_donnees,10.8,moyen
5,0,0,0.0,0.0,0.34411665361833854,4,0.9444444444444444,55,donnees_sensibles,0.0,faible
4,0,0,0.0,0.0,0.34411665361833854,4,0.9444444444444444,55,sauvegardes,0.0,faible
3,1,9,3.5555555555555554,0.28130737784063314,0.34411665361833854,4,0.9444444444444444,55,vpn,2.8,faible
2,1,8,3.75,0.33223600455221963,0.34411665361833854,4,0.9444444444444444,55,routeur,5.0,faible
3,3,7,3.857142857142857,0.32557372045561184,0.34411665361833854,4,0.9444444444444444,55,switch,8.2,faible
2,2,7,4.0,0.23269018269704633,0.34411665361833854,4,0.9444444444444444,55,postes,5.8,faible
4,0,0,0.0,0.0,0.34411665361833854,4,0.9444444444444444,55,serveur_rh,0.0,faible
5,4,5,4.0,0.31192922188152183,0.34411665361833854,4,0.9444444444444444,55,compte_admin,13.5,moyen
1,1,12,3.5833333333333335,0.8842511627993251,0.5320257875828054,1,0.47058823529411764,56,internet,21.7,élevé
4,2,11,3.5454545454545454,0.5786237811205377,0.5320257875828054,1,0.47058823529411764,56,pare_feu,16.4,moyen
3,1,4,4.25,0.34381267921084285,0.5320257875828054,1,0.47058823529411764,56,serveur_web,5.4,faible
3,1,3,4.666666666666667,0.3675506701459419,0.5320257875828054,1,0.47058823529411764,56,serveur_app,8.6,faible
5,2,2,4.5,0.4842712128034438,0.5320257875828054,1,0.47058823529411764,56,base_donnees,11.6,moyen
5,0,0,0.0,0.0,0.5320257875828054,1,0.47058823529411764,56,donnees_sensibles,0.0,faible
4,0,0,0.0,0.0,0.5320257875828054,1,0.47058823529411764,56,sauvegardes,0.0,faible
3,1,9,3.6666666666666665,0.7432012255066818,0.5320257875828054,1,0.47058823529411764,56,vpn,9.6,faible
3,1,8,3.75,0.32959673207349527,0.5320257875828054,1,0.47058823529411764,56,routeur,5.6,faible
2,3,7,4.0,0.3313373493235348,0.5320257875828054,1,0.47058823529411764,56,switch,11.7,moyen
2,2,7,4.0,0.351473410227195,0.5320257875828054,1,0.47058823529411764,56,postes,18.0,moyen
4,0,0,0.0,0.0,0.5320257875828054,1,0.47058823529411764,56,serveur_rh,0.0,faible
5,3,4,4.25,0.8510923542994822,0.5320257875828054,1,0.47058823529411764,56,compte_admin,33.4,élevé
1,1,12,3.5833333333333335,0.8842511627993251,0.3626426490637301,3,0.8823529411764706,56,internet,13.6,moyen
4,2,11,3.5454545454545454,0.30335273502281235,0.3626426490637301,3,0.8823529411764706,56,pare_feu,6.6,faible
3,1,4,4.25,0.2062876075265057,0.3626426490637301,3,0.8823529411764706,56,serveur_web,3.3,faible
3,1,3,4.666666666666667,0.3675506701459419,0.3626426490637301,3,0.8823529411764706,56,serveur_app,8.6,faible
5,2,2,4.5,0.4842712128034438,0.3626426490637301,3,0.8823529411764706,56,base_donnees,11.6,moyen
5,0,0,0.0,0.0,0.3626426490637301,3,0.8823529411764706,56,donnees_sensibles,0.0,faible
4,0,0,0.0,0.0,0.3626426490637301,3,0.8823529411764706,56,sauvegardes,0.0,faible
3,1,9,3.6666666666666665,0.2972804902026727,0.3626426490637301,3,0.8823529411764706,56,vpn,3.7,faible
3,1,8,3.75,0.32959673207349527,0.3626426490637301,3,0.8823529411764706,56,routeur,5.1,faible
2,3,7,4.0,0.3313373493235348,0.3626426490637301,3,0.8823529411764706,56,switch,10.2,moyen
2,2,7,4.0,0.24469380127648793,0.3626426490637301,3,0.8823529411764706,56,postes,6.6,faible
4,0,0,0.0,0.0,0.3626426490637301,3,0.8823529411764706,56,serveur_rh,0.0,faible
5,3,4,4.25,0.34043694171979294,0.3626426490637301,3,0.8823529411764706,56,compte_admin,13.4,moyen
1,1,12,3.5833333333333335,0.8842511627993251,0.44617613766184805,3,0.7058823529411765,56,internet,17.3,moyen
4,2,11,3.5454545454545454,0.4348173359713432,0.44617613766184805,3,0.7058823529411765,56,pare_feu,11.1,moyen
3,1,4,4.25,0.2062876075265057,0.44617613766184805,3,0.7058823529411765,56,serveur_web,2.4,faible
3,1,3,4.666666666666667,0.22053040208756514,0.44617613766184805,3,0.7058823529411765,56,serveur_app,4.4,faible
5,2,2,4.5,0.35057991316380366,0.44617613766184805,3,0.7058823529411765,56,base_donnees,8.2,faible
5,0,0,0.0,0.0,0.44617613766184805,3,0.7058823529411765,56,donnees_sensibles,0.0,faible
4,0,0,0.0,0.0,0.44617613766184805,3,0.7058823529411765,56,sauvegardes,0.0,faible
3,1,9,3.6666666666666665,0.7432012255066818,0.44617613766184805,3,0.7058823529411765,56,vpn,8.7,faible
3,1,8,3.75,0.32959673207349527,0.44617613766184805,3,0.7058823529411765,56,routeur,4.4,faible
2,3,7,4.0,0.2872133109478093,0.44617613766184805,3,0.7058823529411765,56,switch,8.4,faible
2,2,7,4.0,0.280287004260057,0.44617613766184805,3,0.7058823529411765,56,postes,9.7,faible
4,0,0,0.0,0.0,0.44617613766184805,3,0.7058823529411765,56,serveur_rh,0.0,faible
5,3,4,4.25,0.7360395902080029,0.44617613766184805,3,0.7058823529411765,56,compte_admin,24.2,élevé
1,1,12,3.5833333333333335,0.8842511627993251,0.45225252955843964,3,0.6470588235294118,56,internet,15.3,moyen
4,2,11,3.5454545454545454,0.30335273502281235,0.45225252955843964,3,0.6470588235294118,56,pare_feu,8.6,faible
3,1,4,4.25,0.4125752150530114,0.45225252955843964,3,0.6470588235294118,56,serveur_web,7.2,faible
3,1,3,4.666666666666667,0.44106080417513027,0.45225252955843964,3,0.6470588235294118,56,serveur_app,10.1,moyen
5,2,2,4.5,0.500622876868147,0.45225252955843964,3,0.6470588235294118,56,base_donnees,11.3,moyen
5,0,0,0.0,0.0,0.45225252955843964,3,0.6470588235294118,56,donnees_sensibles,0.0,faible
4,0,0,0.0,0.0,0.45225252955843964,3,0.6470588235294118,56,sauvegardes,0.0,faible
3,1,9,3.6666666666666665,0.2972804902026727,0.45225252955843964,3,0.6470588235294118,56,vpn,6.8,faible
3,1,8,3.75,0.6591934641469905,0.45225252955843964,3,0.6470588235294118,56,routeur,15.7,moyen
2,3,7,4.0,0.5744266218956185,0.45225252955843964,3,0.6470588235294118,56,switch,18.4,moyen
2,2,7,4.0,0.3897266341989826,0.45225252955843964,3,0.6470588235294118,56,postes,14.3,moyen
4,0,0,0.0,0.0,0.45225252955843964,3,0.6470588235294118,56,serveur_rh,0.0,faible
5,3,4,4.25,0.2944158360832012,0.45225252955843964,3,0.6470588235294118,56,compte_admin,9.7,faible
1,1,1,3.0,0.8836690552548476,0.7484063088671915,0,0.0,57,internet,6.5,faible
3,0,0,0.0,0.0,0.7484063088671915,0,0.0,57,pare_feu,0.0,faible
3,1,4,4.0,0.6814890510267719,0.7484063088671915,0,0.0,57,serveur_web,20.8,élevé
4,1,3,4.0,0.7101294103405681,0.7484063088671915,0,0.0,57,serveur_app,20.8,élevé
4,2,2,4.0,0.8893050046432696,0.7484063088671915,0,0.0,57,base_donnees,18.7,moyen
4,0,0,0.0,0.0,0.7484063088671915,0,0.0,57,donnees_sensibles,0.0,faible
4,0,0,0.0,0.0,0.7484063088671915,0,0.0,57,sauvegardes,0.0,faible
3,1,9,3.5555555555555554,0.9200554794851281,0.7484063088671915,0,0.0,57,vpn,35.9,critique
3,1,8,3.625,1.0,0.7484063088671915,0,0.0,57,routeur,31.3,élevé
3,3,7,3.7142857142857144,0.6335169125978155,0.7484063088671915,0,0.0,57,switch,23.6,élevé
2,2,7,3.857142857142857,0.5152810395326055,0.7484063088671915,0,0.0,57,postes,24.8,élevé
3,0,0,0.0,0.0,0.7484063088671915,0,0.0,57,serveur_rh,0.0,faible
5,4,5,3.8,0.7673587799056379,0.7484063088671915,0,0.0,57,compte_admin,41.2,critique
1,1,1,3.0,0.8836690552548476,0.7484063088671915,0,0.0,57,internet,6.5,faible
3,0,0,0.0,0.0,0.7484063088671915,0,0.0,57,pare_feu,0.0,faible
3,1,4,4.0,0.6814890510267719,0.7484063088671915,0,0.0,57,serveur_web,20.8,élevé
4,1,3,4.0,0.7101294103405681,0.7484063088671915,0,0.0,57,serveur_app,20.8,élevé
4,2,2,4.0,0.8893050046432696,0.7484063088671915,0,0.0,57,base_donnees,18.7,moyen
4,0,0,0.0,0.0,0.7484063088671915,0,0.0,57,donnees_sensibles,0.0,faible
4,0,0,0.0,0.0,0.7484063088671915,0,0.0,57,sauvegardes,0.0,faible
3,1,9,3.5555555555555554,0.9200554794851281,0.7484063088671915,0,0.0,57,vpn,35.9,critique
3,1,8,3.625,1.0,0.7484063088671915,0,0.0,57,routeur,31.3,élevé
3,3,7,3.7142857142857144,0.6335169125978155,0.7484063088671915,0,0.0,57,switch,23.6,élevé
2,2,7,3.857142857142857,0.5152810395326055,0.7484063088671915,0,0.0,57,postes,24.8,élevé
3,0,0,0.0,0.0,0.7484063088671915,0,0.0,57,serveur_rh,0.0,faible
5,4,5,3.8,0.7673587799056379,0.7484063088671915,0,0.0,57,compte_admin,41.2,critique
1,1,1,3.0,0.8836690552548476,0.3976801400554257,3,0.875,57,internet,6.5,faible
3,0,0,0.0,0.0,0.3976801400554257,3,0.875,57,pare_feu,0.0,faible
3,1,4,4.0,0.20444671530803157,0.3976801400554257,3,0.875,57,serveur_web,3.9,faible
4,1,3,4.0,0.35506470517028405,0.3976801400554257,3,0.875,57,serveur_app,8.9,faible
4,2,2,4.0,0.6946525023216348,0.3976801400554257,3,0.875,57,base_donnees,14.6,moyen
4,0,0,0.0,0.0,0.3976801400554257,3,0.875,57,donnees_sensibles,0.0,faible
4,0,0,0.0,0.0,0.3976801400554257,3,0.875,57,sauvegardes,0.0,faible
3,1,9,3.5555555555555554,0.36802219179405127,0.3976801400554257,3,0.875,57,vpn,5.9,faible
3,1,8,3.625,0.5,0.3976801400554257,3,0.875,57,routeur,8.4,faible
3,3,7,3.7142857142857144,0.31675845629890775,0.3976801400554257,3,0.875,57,switch,9.0,faible
2,2,7,3.857142857142857,0.24216257598529123,0.3976801400554257,3,0.875,57,postes,7.3,faible
3,0,0,0.0,0.0,0.3976801400554257,3,0.875,57,serveur_rh,0.0,faible
5,4,5,3.8,0.30694351196225517,0.3976801400554257,3,0.875,57,compte_admin,16.5,moyen
1,1,1,3.0,0.8836690552548476,0.3407387749570679,4,0.9375,57,internet,6.5,faible
3,0,0,0.0,0.0,0.3407387749570679,4,0.9375,57,pare_feu,0.0,faible
3,1,4,4.0,0.20444671530803157,0.3407387749570679,4,0.9375,57,serveur_web,3.0,faible
4,1,3,4.0,0.21303882310217043,0.3407387749570679,4,0.9375,57,serveur_app,4.5,faible
4,2,2,4.0,0.4946525023216347,0.3407387749570679,4,0.9375,57,base_donnees,10.4,moyen
4,0,0,0.0,0.0,0.3407387749570679,4,0.9375,57,donnees_sensibles,0.0,faible
4,0,0,0.0,0.0,0.3407387749570679,4,0.9375,57,sauvegardes,0.0,faible
3,1,9,3.5555555555555554,0.36802219179405127,0.3407387749570679,4,0.9375,57,vpn,5.5,faible
3,1,8,3.625,0.5,0.3407387749570679,4,0.9375,57,routeur,7.2,faible
3,3,7,3.7142857142857144,0.2565151629464298,0.3407387749570679,4,0.9375,57,switch,6.6,faible
2,2,7,3.857142857142857,0.21739786593567278,0.3407387749570679,4,0.9375,57,postes,5.5,faible
3,0,0,0.0,0.0,0.3407387749570679,4,0.9375,57,serveur_rh,0.0,faible
5,4,5,3.8,0.2722493471250203,0.3407387749570679,4,0.9375,57,compte_admin,12.6,moyen
1,1,11,3.3636363636363638,0.8198496316878151,0.7141697828680318,0,0.0,58,internet,33.5,élevé
4,2,10,3.3,0.6860705783591581,0.7141697828680318,0,0.0,58,pare_feu,33.8,élevé
4,1,3,4.333333333333333,0.5065503972039987,0.7141697828680318,0,0.0,58,serveur_web,10.7,moyen
3,1,2,5.0,0.5772314733940782,0.7141697828680318,0,0.0,58,serveur_app,13.1,moyen
5,1,1,5.0,0.8085259527462187,0.7141697828680318,0,0.0,58,base_donnees,10.6,moyen
5,0,0,0.0,0.0,0.7141697828680318,0,0.0,58,donnees_sensibles,0.0,faible
5,0,0,0.0,0.0,0.7141697828680318,0,0.0,58,sauvegardes,0.0,faible
2,1,8,3.375,0.9953024212495003,0.7141697828680318,0,0.0,58,vpn,32.1,élevé
2,1,7,3.5714285714285716,0.9912718424708857,0.7141697828680318,0,0.0,58,routeur,27.4,élevé
3,3,6,3.6666666666666665,0.63310299788452,0.7141697828680318,0,0.0,58,switch,20.8,élevé
1,2,6,4.0,0.6015771469335043,0.7141697828680318,0,0.0,58,postes,25.0,élevé
3,0,0,0.0,0.0,0.7141697828680318,0,0.0,58,serveur_rh,0.0,faible
5,3,4,4.0,0.7511267876323755,0.7141697828680318,0,0.0,58,compte_admin,28.0,élevé
1,1,11,3.3636363636363638,0.8198496316878151,0.7141697828680318,0,0.0,58,internet,33.5,élevé
4,2,10,3.3,0.6860705783591581,0.7141697828680318,0,0.0,58,pare_feu,33.8,élevé
4,1,3,4.333333333333333,0.5065503972039987,0.7141697828680318,0,0.0,58,serveur_web,10.7,moyen
3,1,2,5.0,0.5772314733940782,0.7141697828680318,0,0.0,58,serveur_app,13.1,moyen
5,1,1,5.0,0.8085259527462187,0.7141697828680318,0,0.0,58,base_donnees,10.6,moyen
5,0,0,0.0,0.0,0.7141697828680318,0,0.0,58,donnees_sensibles,0.0,faible
5,0,0,0.0,0.0,0.7141697828680318,0,0.0,58,sauvegardes,0.0,faible
2,1,8,3.375,0.9953024212495003,0.7141697828680318,0,0.0,58,vpn,32.1,élevé
2,1,7,3.5714285714285716,0.9912718424708857,0.7141697828680318,0,0.0,58,routeur,27.4,élevé
3,3,6,3.6666666666666665,0.63310299788452,0.7141697828680318,0,0.0,58,switch,20.8,élevé
1,2,6,4.0,0.6015771469335043,0.7141697828680318,0,0.0,58,postes,25.0,élevé
3,0,0,0.0,0.0,0.7141697828680318,0,0.0,58,serveur_rh,0.0,faible
5,3,4,4.0,0.7511267876323755,0.7141697828680318,0,0.0,58,compte_admin,28.0,élevé
1,1,11,3.3636363636363638,0.8198496316878151,0.7141697828680318,0,0.0,58,internet,33.5,élevé
4,2,10,3.3,0.6860705783591581,0.7141697828680318,0,0.0,58,pare_feu,33.8,élevé
4,1,3,4.333333333333333,0.5065503972039987,0.7141697828680318,0,0.0,58,serveur_web,10.7,moyen
3,1,2,5.0,0.5772314733940782,0.7141697828680318,0,0.0,58,serveur_app,13.1,moyen
5,1,1,5.0,0.8085259527462187,0.7141697828680318,0,0.0,58,base_donnees,10.6,moyen
5,0,0,0.0,0.0,0.7141697828680318,0,0.0,58,donnees_sensibles,0.0,faible
5,0,0,0.0,0.0,0.7141697828680318,0,0.0,58,sauvegardes,0.0,faible
2,1,8,3.375,0.9953024212495003,0.7141697828680318,0,0.0,58,vpn,32.1,élevé
2,1,7,3.5714285714285716,0.9912718424708857,0.7141697828680318,0,0.0,58,routeur,27.4,élevé
3,3,6,3.6666666666666665,0.63310299788452,0.7141697828680318,0,0.0,58,switch,20.8,élevé
1,2,6,4.0,0.6015771469335043,0.7141697828680318,0,0.0,58,postes,25.0,élevé
3,0,0,0.0,0.0,0.7141697828680318,0,0.0,58,serveur_rh,0.0,faible
5,3,4,4.0,0.7511267876323755,0.7141697828680318,0,0.0,58,compte_admin,28.0,élevé
1,1,11,3.3636363636363638,0.8198496316878151,0.5685373710802909,1,0.4375,58,internet,23.7,élevé
4,2,10,3.3,0.6860705783591581,0.5685373710802909,1,0.4375,58,pare_feu,20.9,élevé
4,1,3,4.333333333333333,0.2532751986019994,0.5685373710802909,1,0.4375,58,serveur_web,3.6,faible
3,1,2,5.0,0.2886157366970391,0.5685373710802909,1,0.4375,58,serveur_app,6.5,faible
5,1,1,5.0,0.8085259527462187,0.5685373710802909,1,0.4375,58,base_donnees,10.6,moyen
5,0,0,0.0,0.0,0.5685373710802909,1,0.4375,58,donnees_sensibles,0.0,faible
5,0,0,0.0,0.0,0.5685373710802909,1,0.4375,58,sauvegardes,0.0,faible
2,1,8,3.375,0.9953024212495003,0.5685373710802909,1,0.4375,58,vpn,13.4,moyen
2,1,7,3.5714285714285716,0.49563592123544287,0.5685373710802909,1,0.4375,58,routeur,8.5,faible
3,3,6,3.6666666666666665,0.31655149894226,0.5685373710802909,1,0.4375,58,switch,10.2,moyen
1,2,6,4.0,0.43010852931220844,0.5685373710802909,1,0.4375,58,postes,21.7,élevé
3,0,0,0.0,0.0,0.5685373710802909,1,0.4375,58,serveur_rh,0.0,faible
5,3,4,4.0,0.7511267876323755,0.5685373710802909,1,0.4375,58,compte_admin,28.0,élevé
1,1,12,3.9166666666666665,1.0,0.43653689557055897,2,0.8235294117647058,59,internet,22.1,élevé
4,2,11,3.909090909090909,0.4612242809124779,0.43653689557055897,2,0.8235294117647058,59,pare_feu,14.5,moyen
4,1,4,4.25,0.39754633353885815,0.43653689557055897,2,0.8235294117647058,59,serveur_web,7.5,faible
4,1,3,4.333333333333333,0.42231346796060376,0.43653689557055897,2,0.8235294117647058,59,serveur_app,9.8,faible
4,2,2,4.5,0.6562049087960674,0.43653689557055897,2,0.8235294117647058,59,base_donnees,14.2,moyen
5,0,0,0.0,0.0,0.43653689557055897,2,0.8235294117647058,59,donnees_sensibles,0.0,faible
4,0,0,0.0,0.0,0.43653689557055897,2,0.8235294117647058,59,sauvegardes,0.0,faible
3,1,9,4.0,0.3413740463920843,0.43653689557055897,2,0.8235294117647058,59,vpn,5.2,faible
2,1,8,4.25,0.48006677320435925,0.43653689557055897,2,0.8235294117647058,59,routeur,10.6,moyen
4,3,7,4.285714285714286,0.39349620162044524,0.43653689557055897,2,0.8235294117647058,59,switch,13.9,moyen
3,2,7,4.428571428571429,0.2681715469695081,0.43653689557055897,2,0.8235294117647058,59,postes,9.0,faible
5,0,0,0.0,0.0,0.43653689557055897,2,0.8235294117647058,59,serveur_rh,0.0,faible
5,3,4,4.5,0.27604550846205145,0.43653689557055897,2,0.8235294117647058,59,compte_admin,11.1,moyen
1,1,12,3.9166666666666665,1.0,0.7175719559067164,1,0.11764705882352941,59,internet,32.0,élevé
4,2,11,3.909090909090909,0.42874734367722556,0.7175719559067164,1,0.11764705882352941,59,pare_feu,25.1,élevé
4,1,4,4.25,0.47705560024662974,0.7175719559067164,1,0.11764705882352941,59,serveur_web,14.9,moyen
4,1,3,4.333333333333333,0.8446269359212075,0.7175719559067164,1,0.11764705882352941,59,serveur_app,22.1,élevé
4,2,2,4.5,0.8124098175921348,0.7175719559067164,1,0.11764705882352941,59,base_donnees,17.0,moyen
5,0,0,0.0,0.0,0.7175719559067164,1,0.11764705882352941,59,donnees_sensibles,0.0,faible
4,0,0,0.0,0.0,0.7175719559067164,1,0.11764705882352941,59,sauvegardes,0.0,faible
3,1,9,4.0,0.8534351159802107,0.7175719559067164,1,0.11764705882352941,59,vpn,40.4,critique
2,1,8,4.25,0.9601335464087185,0.7175719559067164,1,0.11764705882352941,59,routeur,42.0,critique
4,3,7,4.285714285714286,0.7869924032408905,0.7175719559067164,1,0.11764705882352941,59,switch,36.6,critique
3,2,7,4.428571428571429,0.5749196030653169,0.7175719559067164,1,0.11764705882352941,59,postes,30.6,élevé
5,0,0,0.0,0.0,0.7175719559067164,1,0.11764705882352941,59,serveur_rh,0.0,faible
5,3,4,4.5,0.6901137711551287,0.7175719559067164,1,0.11764705882352941,59,compte_admin,27.7,élevé
1,1,12,3.9166666666666665,1.0,0.5866457745136197,2,0.47058823529411764,59,internet,21.4,élevé
4,2,11,3.909090909090909,0.3087372580484844,0.5866457745136197,2,0.47058823529411764,59,pare_feu,13.7,moyen
4,1,4,4.25,0.47705560024662974,0.5866457745136197,2,0.47058823529411764,59,serveur_web,14.9,moyen
4,1,3,4.333333333333333,0.8446269359212075,0.5866457745136197,2,0.47058823529411764,59,serveur_app,22.1,élevé
4,2,2,4.5,0.8124098175921348,0.5866457745136197,2,0.47058823529411764,59,base_donnees,17.0,moyen
5,0,0,0.0,0.0,0.5866457745136197,2,0.47058823529411764,59,donnees_sensibles,0.0,faible
4,0,0,0.0,0.0,0.5866457745136197,2,0.47058823529411764,59,sauvegardes,0.0,faible
3,1,9,4.0,0.3413740463920843,0.5866457745136197,2,0.47058823529411764,59,vpn,15.3,moyen
2,1,8,4.25,0.9601335464087185,0.5866457745136197,2,0.47058823529411764,59,routeur,39.5,critique
4,3,7,4.285714285714286,0.7869924032408905,0.5866457745136197,2,0.47058823529411764,59,switch,33.9,élevé
3,2,7,4.428571428571429,0.459190075686415,0.5866457745136197,2,0.47058823529411764,59,postes,27.4,élevé
5,0,0,0.0,0.0,0.5866457745136197,2,0.47058823529411764,59,serveur_rh,0.0,faible
5,3,4,4.5,0.27604550846205145,0.5866457745136197,2,0.47058823529411764,59,compte_admin,11.1,moyen
1,1,12,3.9166666666666665,1.0,0.35664879435807795,4,0.9411764705882353,59,internet,15.5,moyen
4,2,11,3.909090909090909,0.3087372580484844,0.35664879435807795,4,0.9411764705882353,59,pare_feu,7.4,faible
4,1,4,4.25,0.23852780012331487,0.35664879435807795,4,0.9411764705882353,59,serveur_web,3.3,faible
4,1,3,4.333333333333333,0.25338808077636227,0.35664879435807795,4,0.9411764705882353,59,serveur_app,4.7,faible
4,2,2,4.5,0.4562049087960674,0.35664879435807795,4,0.9411764705882353,59,base_donnees,9.7,faible
5,0,0,0.0,0.0,0.35664879435807795,4,0.9411764705882353,59,donnees_sensibles,0.0,faible
4,0,0,0.0,0.0,0.35664879435807795,4,0.9411764705882353,59,sauvegardes,0.0,faible
3,1,9,4.0,0.3413740463920843,0.35664879435807795,4,0.9411764705882353,59,vpn,4.6,faible
2,1,8,4.25,0.48006677320435925,0.35664879435807795,4,0.9411764705882353,59,routeur,8.9,faible
4,3,7,4.285714285714286,0.33586017651211025,0.35664879435807795,4,0.9411764705882353,59,switch,10.3,moyen
3,2,7,4.428571428571429,0.23731033966846762,0.35664879435807795,4,0.9411764705882353,59,postes,7.0,faible
5,0,0,0.0,0.0,0.35664879435807795,4,0.9411764705882353,59,serveur_rh,0.0,faible
5,3,4,4.5,0.2458624203429449,0.35664879435807795,4,0.9411764705882353,59,compte_admin,8.5,faible
2,0,0,0.0,0.0,0.5929318751833339,2,0.4117647058823529,60,internet,0.0,faible
4,2,11,3.8181818181818183,0.5002854519306601,0.5929318751833339,2,0.4117647058823529,60,pare_feu,23.4,élevé
2,1,4,4.75,0.541129026214317,0.5929318751833339,2,0.4117647058823529,60,serveur_web,9.3,faible
5,1,3,4.666666666666667,0.29847782046993154,0.5929318751833339,2,0.4117647058823529,60,serveur_app,6.8,faible
5,2,2,4.5,0.5534683495656878,0.5929318751833339,2,0.4117647058823529,60,base_donnees,11.2,moyen
5,0,0,0.0,0.0,0.5929318751833339,2,0.4117647058823529,60,donnees_sensibles,0.0,faible
4,0,0,0.0,0.0,0.5929318751833339,2,0.4117647058823529,60,sauvegardes,0.0,faible
3,1,9,4.111111111111111,1.0,0.5929318751833339,2,0.4117647058823529,60,vpn,34.7,élevé
2,1,8,4.375,1.0,0.5929318751833339,2,0.4117647058823529,60,routeur,29.6,élevé
3,3,7,4.571428571428571,0.652784565202976,0.5929318751833339,2,0.4117647058823529,60,switch,23.6,élevé
3,2,7,4.571428571428571,0.4319610415244767,0.5929318751833339,2,0.4117647058823529,60,postes,16.5,moyen
5,0,0,0.0,0.0,0.5929318751833339,2,0.4117647058823529,60,serveur_rh,0.0,faible
5,4,5,4.8,0.5776129124454625,0.5929318751833339,2,0.4117647058823529,60,compte_admin,27.6,élevé
2,0,0,0.0,0.0,0.7014251535743136,0,0.0,60,internet,0.0,faible
4,2,11,3.8181818181818183,0.6672968052670648,0.7014251535743136,0,0.0,60,pare_feu,39.9,critique
2,1,4,4.75,0.9018817103571951,0.7014251535743136,0,0.0,60,serveur_web,20.6,élevé
5,1,3,4.666666666666667,0.4974630341165526,0.7014251535743136,0,0.0,60,serveur_app,12.9,moyen
5,2,2,4.5,0.6833381982653332,0.7014251535743136,0,0.0,60,base_donnees,14.2,moyen
5,0,0,0.0,0.0,0.7014251535743136,0,0.0,60,donnees_sensibles,0.0,faible
4,0,0,0.0,0.0,0.7014251535743136,0,0.0,60,sauvegardes,0.0,faible
3,1,9,4.111111111111111,1.0,0.7014251535743136,0,0.0,60,vpn,42.5,critique
2,1,8,4.375,1.0,0.7014251535743136,0,0.0,60,routeur,37.3,critique
3,3,7,4.571428571428571,0.7372057337613787,0.7014251535743136,0,0.0,60,switch,31.4,élevé
3,2,7,4.571428571428571,0.5038957275511038,0.7014251535743136,0,0.0,60,postes,23.7,élevé
5,0,0,0.0,0.0,0.7014251535743136,0,0.0,60,serveur_rh,0.0,faible
5,4,5,4.8,0.6510510507096108,0.7014251535743136,0,0.0,60,compte_admin,34.6,élevé
2,0,0,0.0,0.0,0.7014251535743136,0,0.0,60,internet,0.0,faible
4,2,11,3.8181818181818183,0.6672968052670648,0.7014251535743136,0,0.0,60,pare_feu,39.9,critique
2,1,4,4.75,0.9018817103571951,0.7014251535743136,0,0.0,60,serveur_web,20.6,élevé
5,1,3,4.666666666666667,0.4974630341165526,0.7014251535743136,0,0.0,60,serveur_app,12.9,moyen
5,2,2,4.5,0.6833381982653332,0.7014251535743136,0,0.0,60,base_donnees,14.2,moyen
5,0,0,0.0,0.0,0.7014251535743136,0,0.0,60,donnees_sensibles,0.0,faible
4,0,0,0.0,0.0,0.7014251535743136,0,0.0,60,sauvegardes,0.0,faible
3,1,9,4.111111111111111,1.0,0.7014251535743136,0,0.0,60,vpn,42.5,critique
2,1,8,4.375,1.0,0.7014251535743136,0,0.0,60,routeur,37.3,critique
3,3,7,4.571428571428571,0.7372057337613787,0.7014251535743136,0,0.0,60,switch,31.4,élevé
3,2,7,4.571428571428571,0.5038957275511038,0.7014251535743136,0,0.0,60,postes,23.7,élevé
5,0,0,0.0,0.0,0.7014251535743136,0,0.0,60,serveur_rh,0.0,faible
5,4,5,4.8,0.6510510507096108,0.7014251535743136,0,0.0,60,compte_admin,34.6,élevé
2,0,0,0.0,0.0,0.6605560129380966,1,0.11764705882352941,60,internet,0.0,faible
4,2,11,3.8181818181818183,0.5002854519306601,0.6605560129380966,1,0.11764705882352941,60,pare_feu,27.4,élevé
2,1,4,4.75,0.541129026214317,0.6605560129380966,1,0.11764705882352941,60,serveur_web,12.4,moyen
5,1,3,4.666666666666667,0.4974630341165526,0.6605560129380966,1,0.11764705882352941,60,serveur_app,12.9,moyen
5,2,2,4.5,0.6833381982653332,0.6605560129380966,1,0.11764705882352941,60,base_donnees,14.2,moyen
5,0,0,0.0,0.0,0.6605560129380966,1,0.11764705882352941,60,donnees_sensibles,0.0,faible
4,0,0,0.0,0.0,0.6605560129380966,1,0.11764705882352941,60,sauvegardes,0.0,faible
3,1,9,4.111111111111111,1.0,0.6605560129380966,1,0.11764705882352941,60,vpn,42.5,critique
2,1,8,4.375,1.0,0.6605560129380966,1,0.11764705882352941,60,routeur,37.3,critique
3,3,7,4.571428571428571,0.7372057337613787,0.6605560129380966,1,0.11764705882352941,60,switch,31.4,élevé
3,2,7,4.571428571428571,0.5038957275511038,0.6605560129380966,1,0.11764705882352941,60,postes,23.7,élevé
5,0,0,0.0,0.0,0.6605560129380966,1,0.11764705882352941,60,serveur_rh,0.0,faible
5,4,5,4.8,0.6510510507096108,0.6605560129380966,1,0.11764705882352941,60,compte_admin,34.6,élevé
1,1,11,3.6363636363636362,0.7279002171455019,0.3241703173168728,4,0.9411764705882353,61,internet,13.3,moyen
5,2,10,3.5,0.38829367652400637,0.3241703173168728,4,0.9411764705882353,61,pare_feu,7.8,faible
2,1,3,4.0,0.22125383699297888,0.3241703173168728,4,0.9411764705882353,61,serveur_web,2.8,faible
4,1,2,4.0,0.26844569928089085,0.3241703173168728,4,0.9411764705882353,61,serveur_app,3.8,faible
5,1,1,3.0,0.3095807392027638,0.3241703173168728,4,0.9411764705882353,61,base_donnees,2.3,faible
5,0,0,0.0,0.0,0.3241703173168728,4,0.9411764705882353,61,donnees_sensibles,0.0,faible
3,0,0,0.0,0.0,0.3241703173168728,4,0.9411764705882353,61,sauvegardes,0.0,faible
4,1,8,3.625,0.3363431765789013,0.3241703173168728,4,0.9411764705882353,61,vpn,5.5,faible
3,1,7,3.7142857142857144,0.5,0.3241703173168728,4,0.9411764705882353,61,routeur,9.0,faible
4,3,6,3.6666666666666665,0.3411163450287233,0.3241703173168728,4,0.9411764705882353,61,switch,8.8,faible
2,2,6,4.0,0.1603053008531441,0.3241703173168728,4,0.9411764705882353,61,postes,4.4,faible
4,0,0,0.0,0.0,0.3241703173168728,4,0.9411764705882353,61,serveur_rh,0.0,faible
4,4,4,4.0,0.25670618383633254,0.3241703173168728,4,0.9411764705882353,61,compte_admin,9.7,faible
1,1,11,3.6363636363636362,0.7279002171455019,0.5529781422294241,1,0.47058823529411764,61,internet,24.1,élevé
5,2,10,3.5,0.750077178618985,0.5529781422294241,1,0.47058823529411764,61,pare_feu,24.1,élevé
2,1,3,4.0,0.36875639498829815,0.5529781422294241,1,0.47058823529411764,61,serveur_web,5.6,faible
4,1,2,4.0,0.4474094988014848,0.5529781422294241,1,0.47058823529411764,61,serveur_app,6.3,faible
5,1,1,3.0,0.3095807392027638,0.5529781422294241,1,0.47058823529411764,61,base_donnees,2.3,faible
5,0,0,0.0,0.0,0.5529781422294241,1,0.47058823529411764,61,donnees_sensibles,0.0,faible
3,0,0,0.0,0.0,0.5529781422294241,1,0.47058823529411764,61,sauvegardes,0.0,faible
4,1,8,3.625,0.8408579414472531,0.5529781422294241,1,0.47058823529411764,61,vpn,15.6,moyen
3,1,7,3.7142857142857144,0.5,0.5529781422294241,1,0.47058823529411764,61,routeur,11.2,moyen
4,3,6,3.6666666666666665,0.3966098480101478,0.5529781422294241,1,0.47058823529411764,61,switch,13.4,moyen
2,2,6,4.0,0.2960574519458436,0.5529781422294241,1,0.47058823529411764,61,postes,15.1,moyen
4,0,0,0.0,0.0,0.5529781422294241,1,0.47058823529411764,61,serveur_rh,0.0,faible
4,4,4,4.0,0.731006205288702,0.5529781422294241,1,0.47058823529411764,61,compte_admin,28.4,élevé
1,1,11,3.6363636363636362,0.7279002171455019,0.3241703173168728,4,0.9411764705882353,61,internet,13.3,moyen
5,2,10,3.5,0.38829367652400637,0.3241703173168728,4,0.9411764705882353,61,pare_feu,7.8,faible
2,1,3,4.0,0.22125383699297888,0.3241703173168728,4,0.9411764705882353,61,serveur_web,2.8,faible
4,1,2,4.0,0.26844569928089085,0.3241703173168728,4,0.9411764705882353,61,serveur_app,3.8,faible
5,1,1,3.0,0.3095807392027638,0.3241703173168728,4,0.9411764705882353,61,base_donnees,2.3,faible
5,0,0,0.0,0.0,0.3241703173168728,4,0.9411764705882353,61,donnees_sensibles,0.0,faible
3,0,0,0.0,0.0,0.3241703173168728,4,0.9411764705882353,61,sauvegardes,0.0,faible
4,1,8,3.625,0.3363431765789013,0.3241703173168728,4,0.9411764705882353,61,vpn,5.5,faible
3,1,7,3.7142857142857144,0.5,0.3241703173168728,4,0.9411764705882353,61,routeur,9.0,faible
4,3,6,3.6666666666666665,0.3411163450287233,0.3241703173168728,4,0.9411764705882353,61,switch,8.8,faible
2,2,6,4.0,0.1603053008531441,0.3241703173168728,4,0.9411764705882353,61,postes,4.4,faible
4,0,0,0.0,0.0,0.3241703173168728,4,0.9411764705882353,61,serveur_rh,0.0,faible
4,4,4,4.0,0.25670618383633254,0.3241703173168728,4,0.9411764705882353,61,compte_admin,9.7,faible
1,1,11,3.6363636363636362,0.7279002171455019,0.662372258533408,1,0.23529411764705882,61,internet,33.0,élevé
5,2,10,3.5,0.750077178618985,0.662372258533408,1,0.23529411764705882,61,pare_feu,37.5,critique
2,1,3,4.0,0.7375127899765963,0.662372258533408,1,0.23529411764705882,61,serveur_web,12.9,moyen
4,1,2,4.0,0.5368913985617817,0.662372258533408,1,0.23529411764705882,61,serveur_app,8.8,faible
5,1,1,3.0,0.6191614784055276,0.662372258533408,1,0.23529411764705882,61,base_donnees,4.5,faible
5,0,0,0.0,0.0,0.662372258533408,1,0.23529411764705882,61,donnees_sensibles,0.0,faible
3,0,0,0.0,0.0,0.662372258533408,1,0.23529411764705882,61,sauvegardes,0.0,faible
4,1,8,3.625,0.8408579414472531,0.662372258533408,1,0.23529411764705882,61,vpn,32.1,élevé
3,1,7,3.7142857142857144,1.0,0.662372258533408,1,0.23529411764705882,61,routeur,30.4,élevé
4,3,6,3.6666666666666665,0.6822326900574466,0.662372258533408,1,0.23529411764705882,61,switch,21.6,élevé
2,2,6,4.0,0.3420451518788197,0.662372258533408,1,0.23529411764705882,61,postes,13.2,moyen
4,0,0,0.0,0.0,0.662372258533408,1,0.23529411764705882,61,serveur_rh,0.0,faible
4,4,4,4.0,0.6417654595908313,0.662372258533408,1,0.23529411764705882,61,compte_admin,24.2,élevé
1,1,12,3.5833333333333335,1.0,0.5226359949664039,2,0.5882352941176471,62,internet,27.4,élevé
4,2,11,3.5454545454545454,0.6496950037279621,0.5226359949664039,2,0.5882352941176471,62,pare_feu,19.5,moyen
4,1,4,4.5,0.30697951885193725,0.5226359949664039,2,0.5882352941176471,62,serveur_web,4.8,faible
5,1,3,4.333333333333333,0.15107060428853322,0.5226359949664039,2,0.5882352941176471,62,serveur_app,3.1,faible
5,2,2,4.0,0.3771560842423087,0.5226359949664039,2,0.5882352941176471,62,base_donnees,7.9,faible
5,0,0,0.0,0.0,0.5226359949664039,2,0.5882352941176471,62,donnees_sensibles,0.0,faible
3,0,0,0.0,0.0,0.5226359949664039,2,0.5882352941176471,62,sauvegardes,0.0,faible
2,1,9,3.6666666666666665,0.9163581132189731,0.5226359949664039,2,0.5882352941176471,62,vpn,11.0,moyen
2,1,8,3.875,0.37915077759287524,0.5226359949664039,2,0.5882352941176471,62,routeur,7.3,faible
4,3,7,3.857142857142857,0.3212864623129477,0.5226359949664039,2,0.5882352941176471,62,switch,10.2,moyen
2,2,7,4.142857142857143,0.3412930099246776,0.5226359949664039,2,0.5882352941176471,62,postes,13.7,moyen
3,0,0,0.0,0.0,0.5226359949664039,2,0.5882352941176471,62,serveur_rh,0.0,faible
4,3,5,4.2,0.8103684392492693,0.5226359949664039,2,0.5882352941176471,62,compte_admin,24.6,élevé
1,1,12,3.5833333333333335,1.0,0.6707675527297319,1,0.23529411764705882,62,internet,37.3,critique
4,2,11,3.5454545454545454,0.6496950037279621,0.6707675527297319,1,0.23529411764705882,62,pare_feu,30.1,élevé
4,1,4,4.5,0.6139590377038745,0.6707675527297319,1,0.23529411764705882,62,serveur_web,11.9,moyen
5,1,3,4.333333333333333,0.30214120857706644,0.6707675527297319,1,0.23529411764705882,62,serveur_app,7.1,faible
5,2,2,4.0,0.5487104074578651,0.6707675527297319,1,0.23529411764705882,62,base_donnees,10.5,moyen
5,0,0,0.0,0.0,0.6707675527297319,1,0.23529411764705882,62,donnees_sensibles,0.0,faible
3,0,0,0.0,0.0,0.6707675527297319,1,0.23529411764705882,62,sauvegardes,0.0,faible
2,1,9,3.6666666666666665,0.9163581132189731,0.6707675527297319,1,0.23529411764705882,62,vpn,25.3,élevé
2,1,8,3.875,0.7583015551857505,0.6707675527297319,1,0.23529411764705882,62,routeur,22.8,élevé
4,3,7,3.857142857142857,0.6425729246258954,0.6707675527297319,1,0.23529411764705882,62,switch,21.6,élevé
2,2,7,4.142857142857143,0.528326783861314,0.6707675527297319,1,0.23529411764705882,62,postes,20.1,élevé
3,0,0,0.0,0.0,0.6707675527297319,1,0.23529411764705882,62,serveur_rh,0.0,faible
4,3,5,4.2,0.8103684392492693,0.6707675527297319,1,0.23529411764705882,62,compte_admin,26.8,élevé
1,1,12,3.5833333333333335,1.0,0.3723608262387893,3,0.8823529411764706,62,internet,20.9,élevé
4,2,11,3.5454545454545454,0.4691506404260967,0.3723608262387893,3,0.8823529411764706,62,pare_feu,12.4,moyen
4,1,4,4.5,0.30697951885193725,0.3723608262387893,3,0.8823529411764706,62,serveur_web,4.8,faible
5,1,3,4.333333333333333,0.15107060428853322,0.3723608262387893,3,0.8823529411764706,62,serveur_app,3.1,faible
5,2,2,4.0,0.3771560842423087,0.3723608262387893,3,0.8823529411764706,62,base_donnees,7.9,faible
5,0,0,0.0,0.0,0.3723608262387893,3,0.8823529411764706,62,donnees_sensibles,0.0,faible
3,0,0,0.0,0.0,0.3723608262387893,3,0.8823529411764706,62,sauvegardes,0.0,faible
2,1,9,3.6666666666666665,0.36654324528758925,0.3723608262387893,3,0.8823529411764706,62,vpn,4.2,faible
2,1,8,3.875,0.37915077759287524,0.3723608262387893,3,0.8823529411764706,62,routeur,6.7,faible
4,3,7,3.857142857142857,0.3212864623129477,0.3723608262387893,3,0.8823529411764706,62,switch,8.5,faible
2,2,7,4.142857142857143,0.24873746833185292,0.3723608262387893,3,0.8823529411764706,62,postes,6.9,faible
3,0,0,0.0,0.0,0.3723608262387893,3,0.8823529411764706,62,serveur_rh,0.0,faible
4,3,5,4.2,0.3241473756997077,0.3723608262387893,3,0.8823529411764706,62,compte_admin,9.8,faible
1,1,12,3.5833333333333335,1.0,0.5658328101805477,1,0.47058823529411764,62,internet,28.5,élevé
4,2,11,3.5454545454545454,0.6496950037279621,0.5658328101805477,1,0.47058823529411764,62,pare_feu,20.6,élevé
4,1,4,4.5,0.30697951885193725,0.5658328101805477,1,0.47058823529411764,62,serveur_web,5.7,faible
5,1,3,4.333333333333333,0.2517843404808887,0.5658328101805477,1,0.47058823529411764,62,serveur_app,6.1,faible
5,2,2,4.0,0.5142239249268101,0.5658328101805477,1,0.47058823529411764,62,base_donnees,11.4,moyen
5,0,0,0.0,0.0,0.5658328101805477,1,0.47058823529411764,62,donnees_sensibles,0.0,faible
3,0,0,0.0,0.0,0.5658328101805477,1,0.47058823529411764,62,sauvegardes,0.0,faible
2,1,9,3.6666666666666665,0.9163581132189731,0.5658328101805477,1,0.47058823529411764,62,vpn,12.1,moyen
2,1,8,3.875,0.37915077759287524,0.5658328101805477,1,0.47058823529411764,62,routeur,8.5,faible
4,3,7,3.857142857142857,0.3725589489001799,0.5658328101805477,1,0.47058823529411764,62,switch,13.6,moyen
2,2,7,4.142857142857143,0.4441325005833717,0.5658328101805477,1,0.47058823529411764,62,postes,21.5,élevé
3,0,0,0.0,0.0,0.5658328101805477,1,0.47058823529411764,62,serveur_rh,0.0,faible
4,3,5,4.2,0.8103684392492693,0.5658328101805477,1,0.47058823529411764,62,compte_admin,26.7,élevé
1,0,0,0.0,0.0,0.5184757235865196,1,0.4375,63,internet,0.0,faible
5,2,10,3.6,0.5307732794369894,0.5184757235865196,1,0.4375,63,pare_feu,20.0,élevé
2,1,3,4.666666666666667,0.6164850236924841,0.5184757235865196,1,0.4375,63,serveur_web,14.2,moyen
5,1,2,4.5,0.7210672754823859,0.5184757235865196,1,0.4375,63,serveur_app,12.8,moyen
5,1,1,4.0,0.609142224186557,0.5184757235865196,1,0.4375,63,base_donnees,5.8,faible
5,0,0,0.0,0.0,0.5184757235865196,1,0.4375,63,donnees_sensibles,0.0,faible
4,0,0,0.0,0.0,0.5184757235865196,1,0.4375,63,sauvegardes,0.0,faible
3,1,8,3.875,0.32395640716768714,0.5184757235865196,1,0.4375,63,vpn,9.3,faible
3,1,7,4.0,0.7160600659594154,0.5184757235865196,1,0.4375,63,routeur,22.0,élevé
2,3,6,4.333333333333333,0.7193972690589691,0.5184757235865196,1,0.4375,63,switch,25.6,élevé
2,2,6,4.333333333333333,0.47696411111899595,0.5184757235865196,1,0.4375,63,postes,20.5,élevé
5,0,0,0.0,0.0,0.5184757235865196,1,0.4375,63,serveur_rh,0.0,faible
5,4,4,4.75,0.28380849815172665,0.5184757235865196,1,0.4375,63,compte_admin,13.1,moyen
1,0,0,0.0,0.0,0.481901034010035,2,0.5625,63,internet,0.0,faible
5,2,10,3.6,0.361472767563609,0.481901034010035,2,0.5625,63,pare_feu,10.1,moyen
2,1,3,4.666666666666667,0.3698910142154905,0.481901034010035,2,0.5625,63,serveur_web,8.5,faible
5,1,2,4.5,0.7210672754823859,0.481901034010035,2,0.5625,63,serveur_app,12.8,moyen
5,1,1,4.0,0.609142224186557,0.481901034010035,2,0.5625,63,base_donnees,5.8,faible
5,0,0,0.0,0.0,0.481901034010035,2,0.5625,63,donnees_sensibles,0.0,faible
4,0,0,0.0,0.0,0.481901034010035,2,0.5625,63,sauvegardes,0.0,faible
3,1,8,3.875,0.32395640716768714,0.481901034010035,2,0.5625,63,vpn,9.3,faible
3,1,7,4.0,0.7160600659594154,0.481901034010035,2,0.5625,63,routeur,22.0,élevé
2,3,6,4.333333333333333,0.7193972690589691,0.481901034010035,2,0.5625,63,switch,25.6,élevé
2,2,6,4.333333333333333,0.47696411111899595,0.481901034010035,2,0.5625,63,postes,20.5,élevé
5,0,0,0.0,0.0,0.481901034010035,2,0.5625,63,serveur_rh,0.0,faible
5,4,4,4.75,0.28380849815172665,0.481901034010035,2,0.5625,63,compte_admin,13.1,moyen
1,0,0,0.0,0.0,0.4360018106581094,3,0.6875,63,internet,0.0,faible
5,2,10,3.6,0.522755767193917,0.4360018106581094,3,0.6875,63,pare_feu,12.6,moyen
2,1,3,4.666666666666667,0.18494550710774524,0.4360018106581094,3,0.6875,63,serveur_web,2.6,faible
5,1,2,4.5,0.21632018264471578,0.4360018106581094,3,0.6875,63,serveur_app,3.2,faible
5,1,1,4.0,0.3045711120932785,0.4360018106581094,3,0.6875,63,base_donnees,2.9,faible
5,0,0,0.0,0.0,0.4360018106581094,3,0.6875,63,donnees_sensibles,0.0,faible
4,0,0,0.0,0.0,0.4360018106581094,3,0.6875,63,sauvegardes,0.0,faible
3,1,8,3.875,0.8098910179192178,0.4360018106581094,3,0.6875,63,vpn,9.8,faible
3,1,7,4.0,0.3580300329797077,0.4360018106581094,3,0.6875,63,routeur,5.3,faible
2,3,6,4.333333333333333,0.3022968591745385,0.4360018106581094,3,0.6875,63,switch,10.1,moyen
2,2,6,4.333333333333333,0.34009685282478525,0.4360018106581094,3,0.6875,63,postes,13.0,moyen
5,0,0,0.0,0.0,0.4360018106581094,3,0.6875,63,serveur_rh,0.0,faible
5,4,4,4.75,0.6174188250560163,0.4360018106581094,3,0.6875,63,compte_admin,28.1,élevé
1,0,0,0.0,0.0,0.6944879730064176,0,0.0,63,internet,0.0,faible
5,2,10,3.6,0.6920562790672973,0.6944879730064176,0,0.0,63,pare_feu,31.4,élevé
2,1,3,4.666666666666667,0.6164850236924841,0.6944879730064176,0,0.0,63,serveur_web,14.2,moyen
5,1,2,4.5,0.7210672754823859,0.6944879730064176,0,0.0,63,serveur_app,12.8,moyen
5,1,1,4.0,0.609142224186557,0.6944879730064176,0,0.0,63,base_donnees,5.8,faible
5,0,0,0.0,0.0,0.6944879730064176,0,0.0,63,donnees_sensibles,0.0,faible
4,0,0,0.0,0.0,0.6944879730064176,0,0.0,63,sauvegardes,0.0,faible
3,1,8,3.875,0.8098910179192178,0.6944879730064176,0,0.0,63,vpn,25.8,élevé
3,1,7,4.0,0.7160600659594154,0.6944879730064176,0,0.0,63,routeur,25.0,élevé
2,3,6,4.333333333333333,0.7193972690589691,0.6944879730064176,0,0.0,63,switch,29.7,élevé
2,2,6,4.333333333333333,0.6293863070169269,0.6944879730064176,0,0.0,63,postes,28.3,élevé
5,0,0,0.0,0.0,0.6944879730064176,0,0.0,63,serveur_rh,0.0,faible
5,4,4,4.75,0.7095212453793166,0.6944879730064176,0,0.0,63,compte_admin,32.7,élevé
1,1,8,3.75,1.0,0.32966846117273874,4,0.9375,64,internet,19.0,moyen
5,2,7,3.5714285714285716,0.3313514139209739,0.32966846117273874,4,0.9375,64,pare_feu,7.8,faible
4,1,4,4.25,0.2700042140887175,0.32966846117273874,4,0.9375,64,serveur_web,3.5,faible
3,1,3,4.666666666666667,0.2284667060741115,0.32966846117273874,4,0.9375,64,serveur_app,5.2,faible
5,2,2,4.5,0.44633027117340374,0.32966846117273874,4,0.9375,64,base_donnees,11.0,moyen
5,0,0,0.0,0.0,0.32966846117273874,4,0.9375,64,donnees_sensibles,0.0,faible
4,0,0,0.0,0.0,0.32966846117273874,4,0.9375,64,sauvegardes,0.0,faible
2,1,1,2.0,0.24080401240336613,0.32966846117273874,4,0.9375,64,vpn,1.2,faible
2,0,0,0.0,0.0,0.32966846117273874,4,0.9375,64,routeur,0.0,faible
3,3,7,3.7142857142857144,0.2915236586617244,0.32966846117273874,4,0.9375,64,switch,6.0,faible
1,2,7,4.0,0.15760417102951893,0.32966846117273874,4,0.9375,64,postes,4.0,faible
3,0,0,0.0,0.0,0.32966846117273874,4,0.9375,64,serveur_rh,0.0,faible
5,3,4,4.25,0.2634259193215527,0.32966846117273874,4,0.9375,64,compte_admin,9.6,faible
1,1,8,3.75,1.0,0.5260011955579975,2,0.5,64,internet,22.3,élevé
5,2,7,3.5714285714285716,0.4847492931831484,0.5260011955579975,2,0.5,64,pare_feu,11.5,moyen
4,1,4,4.25,0.2700042140887175,0.5260011955579975,2,0.5,64,serveur_web,5.0,faible
3,1,3,4.666666666666667,0.3807778434568525,0.5260011955579975,2,0.5,64,serveur_app,10.6,moyen
5,2,2,4.5,0.6463302711734038,0.5260011955579975,2,0.5,64,base_donnees,16.2,moyen
5,0,0,0.0,0.0,0.5260011955579975,2,0.5,64,donnees_sensibles,0.0,faible
4,0,0,0.0,0.0,0.5260011955579975,2,0.5,64,sauvegardes,0.0,faible
2,1,1,2.0,0.6020100310084153,0.5260011955579975,2,0.5,64,vpn,2.9,faible
2,0,0,0.0,0.0,0.5260011955579975,2,0.5,64,routeur,0.0,faible
3,3,7,3.7142857142857144,0.33056440310675744,0.5260011955579975,2,0.5,64,switch,12.3,moyen
1,2,7,4.0,0.30349605418862047,0.5260011955579975,2,0.5,64,postes,18.8,moyen
3,0,0,0.0,0.0,0.5260011955579975,2,0.5,64,serveur_rh,0.0,faible
5,3,4,4.25,0.7674608646544524,0.5260011955579975,2,0.5,64,compte_admin,35.2,critique
1,1,8,3.75,1.0,0.3835145119020308,3,0.875,64,internet,19.6,moyen
5,2,7,3.5714285714285716,0.3313514139209739,0.3835145119020308,3,0.875,64,pare_feu,8.5,faible
4,1,4,4.25,0.2700042140887175,0.3835145119020308,3,0.875,64,serveur_web,5.0,faible
3,1,3,4.666666666666667,0.3807778434568525,0.3835145119020308,3,0.875,64,serveur_app,10.6,moyen
5,2,2,4.5,0.6463302711734038,0.3835145119020308,3,0.875,64,base_donnees,16.2,moyen
5,0,0,0.0,0.0,0.3835145119020308,3,0.875,64,donnees_sensibles,0.0,faible
4,0,0,0.0,0.0,0.3835145119020308,3,0.875,64,sauvegardes,0.0,faible
2,1,1,2.0,0.24080401240336613,0.3835145119020308,3,0.875,64,vpn,1.2,faible
2,0,0,0.0,0.0,0.3835145119020308,3,0.875,64,routeur,0.0,faible
3,3,7,3.7142857142857144,0.33056440310675744,0.3835145119020308,3,0.875,64,switch,8.5,faible
1,2,7,4.0,0.18831825169459293,0.3835145119020308,3,0.875,64,postes,5.9,faible
3,0,0,0.0,0.0,0.3835145119020308,3,0.875,64,serveur_rh,0.0,faible
5,3,4,4.25,0.30698434586178097,0.3835145119020308,3,0.875,64,compte_admin,14.1,moyen
1,1,8,3.75,1.0,0.32966846117273874,4,0.9375,64,internet,19.0,moyen
5,2,7,3.5714285714285716,0.3313514139209739,0.32966846117273874,4,0.9375,64,pare_feu,7.8,faible
4,1,4,4.25,0.2700042140887175,0.32966846117273874,4,0.9375,64,serveur_web,3.5,faible
3,1,3,4.666666666666667,0.2284667060741115,0.32966846117273874,4,0.9375,64,serveur_app,5.2,faible
5,2,2,4.5,0.44633027117340374,0.32966846117273874,4,0.9375,64,base_donnees,11.0,moyen
5,0,0,0.0,0.0,0.32966846117273874,4,0.9375,64,donnees_sensibles,0.0,faible
4,0,0,0.0,0.0,0.32966846117273874,4,0.9375,64,sauvegardes,0.0,faible
2,1,1,2.0,0.24080401240336613,0.32966846117273874,4,0.9375,64,vpn,1.2,faible
2,0,0,0.0,0.0,0.32966846117273874,4,0.9375,64,routeur,0.0,faible
3,3,7,3.7142857142857144,0.2915236586617244,0.32966846117273874,4,0.9375,64,switch,6.0,faible
1,2,7,4.0,0.15760417102951893,0.32966846117273874,4,0.9375,64,postes,4.0,faible
3,0,0,0.0,0.0,0.32966846117273874,4,0.9375,64,serveur_rh,0.0,faible
5,3,4,4.25,0.2634259193215527,0.32966846117273874,4,0.9375,64,compte_admin,9.6,faible
1,1,7,3.4285714285714284,1.0,0.3377359365584211,3,0.9375,65,internet,15.1,moyen
4,2,6,3.3333333333333335,0.2955266322587604,0.3377359365584211,3,0.9375,65,pare_feu,5.7,faible
3,1,3,3.6666666666666665,0.16144244030752108,0.3377359365584211,3,0.9375,65,serveur_web,2.2,faible
3,1,2,4.0,0.36413145533928826,0.3377359365584211,3,0.9375,65,serveur_app,5.8,faible
5,1,1,3.0,0.38821375607681535,0.3377359365584211,3,0.9375,65,base_donnees,3.1,faible
4,0,0,0.0,0.0,0.3377359365584211,3,0.9375,65,donnees_sensibles,0.0,faible
3,0,0,0.0,0.0,0.3377359365584211,3,0.9375,65,sauvegardes,0.0,faible
2,1,1,4.0,0.3477775066609354,0.3377359365584211,3,0.9375,65,vpn,3.5,faible
4,0,0,0.0,0.0,0.3377359365584211,3,0.9375,65,routeur,0.0,faible
2,3,6,3.6666666666666665,0.32606049902254564,0.3377359365584211,3,0.9375,65,switch,9.2,faible
2,2,6,3.6666666666666665,0.24495055555755008,0.3377359365584211,3,0.9375,65,postes,6.2,faible
4,0,0,0.0,0.0,0.3377359365584211,3,0.9375,65,serveur_rh,0.0,faible
5,4,4,3.75,0.2707684884624798,0.3377359365584211,3,0.9375,65,compte_admin,11.1,moyen
1,1,7,3.4285714285714284,1.0,0.526990241757988,1,0.4375,65,internet,23.7,élevé
4,2,6,3.3333333333333335,0.5817219665932752,0.526990241757988,1,0.4375,65,pare_feu,15.0,moyen
3,1,3,3.6666666666666665,0.2690707338458685,0.526990241757988,1,0.4375,65,serveur_web,3.6,faible
3,1,2,4.0,0.36413145533928826,0.526990241757988,1,0.4375,65,serveur_app,5.8,faible
5,1,1,3.0,0.38821375607681535,0.526990241757988,1,0.4375,65,base_donnees,3.1,faible
4,0,0,0.0,0.0,0.526990241757988,1,0.4375,65,donnees_sensibles,0.0,faible
3,0,0,0.0,0.0,0.526990241757988,1,0.4375,65,sauvegardes,0.0,faible
2,1,1,4.0,0.8694437666523384,0.526990241757988,1,0.4375,65,vpn,8.7,faible
4,0,0,0.0,0.0,0.526990241757988,1,0.4375,65,routeur,0.0,faible
2,3,6,3.6666666666666665,0.32606049902254564,0.526990241757988,1,0.4375,65,switch,10.9,moyen
2,2,6,3.6666666666666665,0.34583692066725635,0.526990241757988,1,0.4375,65,postes,14.6,moyen
4,0,0,0.0,0.0,0.526990241757988,1,0.4375,65,serveur_rh,0.0,faible
5,4,4,3.75,0.6769212211561996,0.526990241757988,1,0.4375,65,compte_admin,27.7,élevé
1,1,7,3.4285714285714284,1.0,0.3306007400037477,3,0.875,65,internet,17.9,moyen
4,2,6,3.3333333333333335,0.42120232350166104,0.3306007400037477,3,0.875,65,pare_feu,8.8,faible
3,1,3,3.6666666666666665,0.2690707338458685,0.3306007400037477,3,0.875,65,serveur_web,3.0,faible
3,1,2,4.0,0.21847887320357295,0.3306007400037477,3,0.875,65,serveur_app,3.4,faible
5,1,1,3.0,0.38821375607681535,0.3306007400037477,3,0.875,65,base_donnees,3.1,faible
4,0,0,0.0,0.0,0.3306007400037477,3,0.875,65,donnees_sensibles,0.0,faible
3,0,0,0.0,0.0,0.3306007400037477,3,0.875,65,sauvegardes,0.0,faible
2,1,1,4.0,0.3477775066609354,0.3306007400037477,3,0.875,65,vpn,3.5,faible
4,0,0,0.0,0.0,0.3306007400037477,3,0.875,65,routeur,0.0,faible
2,3,6,3.6666666666666665,0.27713715406043554,0.3306007400037477,3,0.875,65,switch,7.0,faible
2,2,6,3.6666666666666665,0.2180475248616284,0.3306007400037477,3,0.875,65,postes,4.6,faible
4,0,0,0.0,0.0,0.3306007400037477,3,0.875,65,serveur_rh,0.0,faible
5,4,4,3.75,0.23903995284122118,0.3306007400037477,3,0.875,65,compte_admin,9.4,faible
1,1,7,3.4285714285714284,1.0,0.5045540120064788,2,0.5,65,internet,20.4,élevé
4,2,6,3.3333333333333335,0.45604627535037456,0.5045540120064788,2,0.5,65,pare_feu,11.5,moyen
3,1,3,3.6666666666666665,0.16144244030752108,0.5045540120064788,2,0.5,65,serveur_web,2.2,faible
3,1,2,4.0,0.36413145533928826,0.5045540120064788,2,0.5,65,serveur_app,5.8,faible
5,1,1,3.0,0.38821375607681535,0.5045540120064788,2,0.5,65,base_donnees,3.1,faible
4,0,0,0.0,0.0,0.5045540120064788,2,0.5,65,donnees_sensibles,0.0,faible
3,0,0,0.0,0.0,0.5045540120064788,2,0.5,65,sauvegardes,0.0,faible
2,1,1,4.0,0.8694437666523384,0.5045540120064788,2,0.5,65,vpn,8.7,faible
4,0,0,0.0,0.0,0.5045540120064788,2,0.5,65,routeur,0.0,faible
2,3,6,3.6666666666666665,0.32606049902254564,0.5045540120064788,2,0.5,65,switch,10.9,moyen
2,2,6,3.6666666666666665,0.34583692066725635,0.5045540120064788,2,0.5,65,postes,14.6,moyen
4,0,0,0.0,0.0,0.5045540120064788,2,0.5,65,serveur_rh,0.0,faible
5,4,4,3.75,0.6769212211561996,0.5045540120064788,2,0.5,65,compte_admin,27.7,élevé
2,1,12,3.5,1.0,0.3825132464977156,3,0.8888888888888888,66,internet,18.0,moyen
4,2,11,3.4545454545454546,0.40117252086992866,0.3825132464977156,3,0.8888888888888888,66,pare_feu,8.9,faible
3,1,4,4.25,0.15161869497225314,0.3825132464977156,3,0.8888888888888888,66,serveur_web,3.4,faible
5,1,3,4.0,0.4327370462546715,0.3825132464977156,3,0.8888888888888888,66,serveur_app,10.8,moyen
4,2,2,4.0,0.631880048732466,0.3825132464977156,3,0.8888888888888888,66,base_donnees,14.4,moyen
5,0,0,0.0,0.0,0.3825132464977156,3,0.8888888888888888,66,donnees_sensibles,0.0,faible
3,0,0,0.0,0.0,0.3825132464977156,3,0.8888888888888888,66,sauvegardes,0.0,faible
3,1,9,3.5555555555555554,0.337203344917145,0.3825132464977156,3,0.8888888888888888,66,vpn,4.7,faible
3,1,8,3.625,0.35114794005058186,0.3825132464977156,3,0.8888888888888888,66,routeur,6.5,faible
3,3,7,3.7142857142857144,0.30209129342753555,0.3825132464977156,3,0.8888888888888888,66,switch,11.2,moyen
2,2,7,3.857142857142857,0.1974775438729987,0.3825132464977156,3,0.8888888888888888,66,postes,6.2,faible
3,0,0,0.0,0.0,0.3825132464977156,3,0.8888888888888888,66,serveur_rh,0.0,faible
4,4,5,4.0,0.3112993258827089,0.3825132464977156,3,0.8888888888888888,66,compte_admin,15.5,moyen
2,1,12,3.5,1.0,0.40924138376156033,2,0.8333333333333334,66,internet,24.1,élevé
4,2,11,3.4545454545454546,0.5911861912537806,0.40924138376156033,2,0.8333333333333334,66,pare_feu,15.3,moyen
3,1,4,4.25,0.25269782495375526,0.40924138376156033,2,0.8333333333333334,66,serveur_web,5.7,faible
5,1,3,4.0,0.4327370462546715,0.40924138376156033,2,0.8333333333333334,66,serveur_app,10.8,moyen
4,2,2,4.0,0.631880048732466,0.40924138376156033,2,0.8333333333333334,66,base_donnees,14.4,moyen
5,0,0,0.0,0.0,0.40924138376156033,2,0.8333333333333334,66,donnees_sensibles,0.0,faible
3,0,0,0.0,0.0,0.40924138376156033,2,0.8333333333333334,66,sauvegardes,0.0,faible
3,1,9,3.5555555555555554,0.337203344917145,0.40924138376156033,2,0.8333333333333334,66,vpn,4.7,faible
3,1,8,3.625,0.35114794005058186,0.40924138376156033,2,0.8333333333333334,66,routeur,6.5,faible
3,3,7,3.7142857142857144,0.30209129342753555,0.40924138376156033,2,0.8333333333333334,66,switch,11.2,moyen
2,2,7,3.857142857142857,0.1974775438729987,0.40924138376156033,2,0.8333333333333334,66,postes,6.2,faible
3,0,0,0.0,0.0,0.40924138376156033,2,0.8333333333333334,66,serveur_rh,0.0,faible
4,4,5,4.0,0.3112993258827089,0.40924138376156033,2,0.8333333333333334,66,compte_admin,15.5,moyen
2,1,12,3.5,1.0,0.6304483254174894,1,0.2777777777777778,66,internet,39.7,critique
4,2,11,3.4545454545454546,0.7654142141950069,0.6304483254174894,1,0.2777777777777778,66,pare_feu,31.7,élevé
3,1,4,4.25,0.5053956499075105,0.6304483254174894,1,0.2777777777777778,66,serveur_web,11.7,moyen
5,1,3,4.0,0.5192844555056058,0.6304483254174894,1,0.2777777777777778,66,serveur_app,11.5,moyen
4,2,2,4.0,0.5755828208161679,0.6304483254174894,1,0.2777777777777778,66,base_donnees,11.6,moyen
5,0,0,0.0,0.0,0.6304483254174894,1,0.2777777777777778,66,donnees_sensibles,0.0,faible
3,0,0,0.0,0.0,0.6304483254174894,1,0.2777777777777778,66,sauvegardes,0.0,faible
3,1,9,3.5555555555555554,0.8430083622928625,0.6304483254174894,1,0.2777777777777778,66,vpn,23.5,élevé
3,1,8,3.625,0.7022958801011637,0.6304483254174894,1,0.2777777777777778,66,routeur,20.6,élevé
3,3,7,3.7142857142857144,0.5382561192592505,0.6304483254174894,1,0.2777777777777778,66,switch,22.0,élevé
2,2,7,3.857142857142857,0.35053520798182614,0.6304483254174894,1,0.2777777777777778,66,postes,14.5,moyen
3,0,0,0.0,0.0,0.6304483254174894,1,0.2777777777777778,66,serveur_rh,0.0,faible
4,4,5,4.0,0.6950631664859785,0.6304483254174894,1,0.2777777777777778,66,compte_admin,28.9,élevé
2,1,12,3.5,1.0,0.3825132464977156,3,0.8888888888888888,66,internet,18.0,moyen
4,2,11,3.4545454545454546,0.40117252086992866,0.3825132464977156,3,0.8888888888888888,66,pare_feu,8.9,faible
3,1,4,4.25,0.15161869497225314,0.3825132464977156,3,0.8888888888888888,66,serveur_web,3.4,faible
5,1,3,4.0,0.4327370462546715,0.3825132464977156,3,0.8888888888888888,66,serveur_app,10.8,moyen
4,2,2,4.0,0.631880048732466,0.3825132464977156,3,0.8888888888888888,66,base_donnees,14.4,moyen
5,0,0,0.0,0.0,0.3825132464977156,3,0.8888888888888888,66,donnees_sensibles,0.0,faible
3,0,0,0.0,0.0,0.3825132464977156,3,0.8888888888888888,66,sauvegardes,0.0,faible
3,1,9,3.5555555555555554,0.337203344917145,0.3825132464977156,3,0.8888888888888888,66,vpn,4.7,faible
3,1,8,3.625,0.35114794005058186,0.3825132464977156,3,0.8888888888888888,66,routeur,6.5,faible
3,3,7,3.7142857142857144,0.30209129342753555,0.3825132464977156,3,0.8888888888888888,66,switch,11.2,moyen
2,2,7,3.857142857142857,0.1974775438729987,0.3825132464977156,3,0.8888888888888888,66,postes,6.2,faible
3,0,0,0.0,0.0,0.3825132464977156,3,0.8888888888888888,66,serveur_rh,0.0,faible
4,4,5,4.0,0.3112993258827089,0.3825132464977156,3,0.8888888888888888,66,compte_admin,15.5,moyen
1,1,11,3.727272727272727,0.9117388046558355,0.34619964166027317,3,0.875,67,internet,15.6,moyen
4,2,10,3.7,0.5030994338589434,0.34619964166027317,3,0.875,67,pare_feu,9.0,faible
2,1,4,4.75,0.27418334448619724,0.34619964166027317,3,0.875,67,serveur_web,3.3,faible
4,1,3,5.0,0.15671311644339705,0.34619964166027317,3,0.875,67,serveur_app,3.1,faible
5,2,2,5.0,0.36086583584935045,0.34619964166027317,3,0.875,67,base_donnees,8.6,faible
5,0,0,0.0,0.0,0.34619964166027317,3,0.875,67,donnees_sensibles,0.0,faible
5,0,0,0.0,0.0,0.34619964166027317,3,0.875,67,sauvegardes,0.0,faible
4,1,8,3.875,0.24671940278212023,0.34619964166027317,3,0.875,67,vpn,3.3,faible
3,1,7,4.0,0.5,0.34619964166027317,3,0.875,67,routeur,6.1,faible
2,3,6,4.333333333333333,0.30618764754232386,0.34619964166027317,3,0.875,67,switch,7.5,faible
2,1,6,4.333333333333333,0.24240675712373344,0.34619964166027317,3,0.875,67,postes,2.4,faible
5,0,0,0.0,0.0,0.34619964166027317,3,0.875,67,serveur_rh,0.0,faible
5,3,4,5.0,0.18697978634317605,0.34619964166027317,3,0.875,67,compte_admin,7.5,faible
1,1,11,3.727272727272727,0.9117388046558355,0.6518425157198374,0,0.0,67,internet,30.2,élevé
4,2,10,3.7,0.6624784220846551,0.6518425157198374,0,0.0,67,pare_feu,26.1,élevé
2,1,4,4.75,0.5483666889723945,0.6518425157198374,0,0.0,67,serveur_web,12.2,moyen
4,1,3,5.0,0.5223770548113236,0.6518425157198374,0,0.0,67,serveur_app,13.9,moyen
5,2,2,5.0,0.6473097480753702,0.6518425157198374,0,0.0,67,base_donnees,15.4,moyen
5,0,0,0.0,0.0,0.6518425157198374,0,0.0,67,donnees_sensibles,0.0,faible
5,0,0,0.0,0.0,0.6518425157198374,0,0.0,67,sauvegardes,0.0,faible
4,1,8,3.875,0.6167985069553006,0.6518425157198374,0,0.0,67,vpn,22.5,élevé
3,1,7,4.0,1.0,0.6518425157198374,0,0.0,67,routeur,28.8,élevé
2,3,6,4.333333333333333,0.6895080496768798,0.6518425157198374,0,0.0,67,switch,23.7,élevé
2,1,6,4.333333333333333,0.4848135142474669,0.6518425157198374,0,0.0,67,postes,11.7,moyen
5,0,0,0.0,0.0,0.6518425157198374,0,0.0,67,serveur_rh,0.0,faible
5,3,4,5.0,0.5524283975081293,0.6518425157198374,0,0.0,67,compte_admin,25.4,élevé
1,1,11,3.727272727272727,0.9117388046558355,0.6182910097434374,1,0.125,67,internet,24.2,élevé
4,2,10,3.7,0.5037397120679343,0.6182910097434374,1,0.125,67,pare_feu,19.1,moyen
2,1,4,4.75,0.32902001338343667,0.6182910097434374,1,0.125,67,serveur_web,7.3,faible
4,1,3,5.0,0.5223770548113236,0.6182910097434374,1,0.125,67,serveur_app,13.9,moyen
5,2,2,5.0,0.6473097480753702,0.6182910097434374,1,0.125,67,base_donnees,15.4,moyen
5,0,0,0.0,0.0,0.6182910097434374,1,0.125,67,donnees_sensibles,0.0,faible
5,0,0,0.0,0.0,0.6182910097434374,1,0.125,67,sauvegardes,0.0,faible
4,1,8,3.875,0.6167985069553006,0.6182910097434374,1,0.125,67,vpn,22.5,élevé
3,1,7,4.0,1.0,0.6182910097434374,1,0.125,67,routeur,28.8,élevé
2,3,6,4.333333333333333,0.6895080496768798,0.6182910097434374,1,0.125,67,switch,23.7,élevé
2,1,6,4.333333333333333,0.4848135142474669,0.6182910097434374,1,0.125,67,postes,11.7,moyen
5,0,0,0.0,0.0,0.6182910097434374,1,0.125,67,serveur_rh,0.0,faible
5,3,4,5.0,0.5524283975081293,0.6182910097434374,1,0.125,67,compte_admin,25.4,élevé
1,1,11,3.727272727272727,0.9117388046558355,0.31950271929602814,4,0.9375,67,internet,12.8,moyen
4,2,10,3.7,0.3443607238422225,0.31950271929602814,4,0.9375,67,pare_feu,5.8,faible
2,1,4,4.75,0.16451000669171834,0.31950271929602814,4,0.9375,67,serveur_web,2.0,faible
4,1,3,5.0,0.15671311644339705,0.31950271929602814,4,0.9375,67,serveur_app,3.1,faible
5,2,2,5.0,0.36086583584935045,0.31950271929602814,4,0.9375,67,base_donnees,8.6,faible
5,0,0,0.0,0.0,0.31950271929602814,4,0.9375,67,donnees_sensibles,0.0,faible
5,0,0,0.0,0.0,0.31950271929602814,4,0.9375,67,sauvegardes,0.0,faible
4,1,8,3.875,0.24671940278212023,0.31950271929602814,4,0.9375,67,vpn,3.3,faible
3,1,7,4.0,0.5,0.31950271929602814,4,0.9375,67,routeur,6.1,faible
2,3,6,4.333333333333333,0.30618764754232386,0.31950271929602814,4,0.9375,67,switch,7.5,faible
2,1,6,4.333333333333333,0.24240675712373344,0.31950271929602814,4,0.9375,67,postes,2.4,faible
5,0,0,0.0,0.0,0.31950271929602814,4,0.9375,67,serveur_rh,0.0,faible
5,3,4,5.0,0.18697978634317605,0.31950271929602814,4,0.9375,67,compte_admin,7.5,faible
2,0,0,0.0,0.0,0.7472844817409239,0,0.0,68,internet,0.0,faible
4,2,11,3.8181818181818183,0.7972185413798725,0.7472844817409239,0,0.0,68,pare_feu,39.8,critique
3,1,4,4.75,0.5645173174132783,0.7472844817409239,0,0.0,68,serveur_web,16.1,moyen
4,1,3,5.0,0.7419217946856868,0.7472844817409239,0,0.0,68,serveur_app,20.0,élevé
5,2,2,5.0,0.6852602803908456,0.7472844817409239,0,0.0,68,base_donnees,15.9,moyen
5,0,0,0.0,0.0,0.7472844817409239,0,0.0,68,donnees_sensibles,0.0,faible
5,0,0,0.0,0.0,0.7472844817409239,0,0.0,68,sauvegardes,0.0,faible
2,1,9,4.111111111111111,0.9929526827459623,0.7472844817409239,0,0.0,68,vpn,34.5,élevé
3,1,8,4.25,0.6306481111374738,0.7472844817409239,0,0.0,68,routeur,28.8,élevé
4,3,7,4.285714285714286,0.7408007283635154,0.7472844817409239,0,0.0,68,switch,37.7,critique
3,2,7,4.428571428571429,0.6004651956120755,0.7472844817409239,0,0.0,68,postes,33.9,élevé
4,0,0,0.0,0.0,0.7472844817409239,0,0.0,68,serveur_rh,0.0,faible
4,4,5,4.6,0.846376515939293,0.7472844817409239,0,0.0,68,compte_admin,44.7,critique
2,0,0,0.0,0.0,0.5610568292357427,2,0.5294117647058824,68,internet,0.0,faible
4,2,11,3.8181818181818183,0.5979219759632792,0.5610568292357427,2,0.5294117647058824,68,pare_feu,16.5,moyen
3,1,4,4.75,0.16935519522398348,0.5610568292357427,2,0.5294117647058824,68,serveur_web,3.0,faible
4,1,3,5.0,0.3709608973428434,0.5610568292357427,2,0.5294117647058824,68,serveur_app,9.0,faible
5,2,2,5.0,0.5718731834687334,0.5610568292357427,2,0.5294117647058824,68,base_donnees,13.3,moyen
5,0,0,0.0,0.0,0.5610568292357427,2,0.5294117647058824,68,donnees_sensibles,0.0,faible
5,0,0,0.0,0.0,0.5610568292357427,2,0.5294117647058824,68,sauvegardes,0.0,faible
2,1,9,4.111111111111111,0.9929526827459623,0.5610568292357427,2,0.5294117647058824,68,vpn,14.8,moyen
3,1,8,4.25,0.3153240555687369,0.5610568292357427,2,0.5294117647058824,68,routeur,8.6,faible
4,3,7,4.285714285714286,0.3704003641817577,0.5610568292357427,2,0.5294117647058824,68,switch,18.9,moyen
3,2,7,4.428571428571429,0.4265378954798146,0.5610568292357427,2,0.5294117647058824,68,postes,29.7,élevé
4,0,0,0.0,0.0,0.5610568292357427,2,0.5294117647058824,68,serveur_rh,0.0,faible
4,4,5,4.6,0.846376515939293,0.5610568292357427,2,0.5294117647058824,68,compte_admin,44.7,critique
2,0,0,0.0,0.0,0.5538150396394526,1,0.4117647058823529,68,internet,0.0,faible
4,2,11,3.8181818181818183,0.6178322646768388,0.5538150396394526,1,0.4117647058823529,68,pare_feu,26.3,élevé
3,1,4,4.75,0.5645173174132783,0.5538150396394526,1,0.4117647058823529,68,serveur_web,16.1,moyen
4,1,3,5.0,0.7419217946856868,0.5538150396394526,1,0.4117647058823529,68,serveur_app,20.0,élevé
5,2,2,5.0,0.6852602803908456,0.5538150396394526,1,0.4117647058823529,68,base_donnees,15.9,moyen
5,0,0,0.0,0.0,0.5538150396394526,1,0.4117647058823529,68,donnees_sensibles,0.0,faible
5,0,0,0.0,0.0,0.5538150396394526,1,0.4117647058823529,68,sauvegardes,0.0,faible
2,1,9,4.111111111111111,0.3971810730983849,0.5538150396394526,1,0.4117647058823529,68,vpn,12.2,moyen
3,1,8,4.25,0.6306481111374738,0.5538150396394526,1,0.4117647058823529,68,routeur,24.7,élevé
4,3,7,4.285714285714286,0.7408007283635154,0.5538150396394526,1,0.4117647058823529,68,switch,30.9,élevé
3,2,7,4.428571428571429,0.4488988384035433,0.5538150396394526,1,0.4117647058823529,68,postes,23.2,élevé
4,0,0,0.0,0.0,0.5538150396394526,1,0.4117647058823529,68,serveur_rh,0.0,faible
4,4,5,4.6,0.3385506063757172,0.5538150396394526,1,0.4117647058823529,68,compte_admin,17.9,moyen
2,0,0,0.0,0.0,0.7472844817409239,0,0.0,68,internet,0.0,faible
4,2,11,3.8181818181818183,0.7972185413798725,0.7472844817409239,0,0.0,68,pare_feu,39.8,critique
3,1,4,4.75,0.5645173174132783,0.7472844817409239,0,0.0,68,serveur_web,16.1,moyen
4,1,3,5.0,0.7419217946856868,0.7472844817409239,0,0.0,68,serveur_app,20.0,élevé
5,2,2,5.0,0.6852602803908456,0.7472844817409239,0,0.0,68,base_donnees,15.9,moyen
5,0,0,0.0,0.0,0.7472844817409239,0,0.0,68,donnees_sensibles,0.0,faible
5,0,0,0.0,0.0,0.7472844817409239,0,0.0,68,sauvegardes,0.0,faible
2,1,9,4.111111111111111,0.9929526827459623,0.7472844817409239,0,0.0,68,vpn,34.5,élevé
3,1,8,4.25,0.6306481111374738,0.7472844817409239,0,0.0,68,routeur,28.8,élevé
4,3,7,4.285714285714286,0.7408007283635154,0.7472844817409239,0,0.0,68,switch,37.7,critique
3,2,7,4.428571428571429,0.6004651956120755,0.7472844817409239,0,0.0,68,postes,33.9,élevé
4,0,0,0.0,0.0,0.7472844817409239,0,0.0,68,serveur_rh,0.0,faible
4,4,5,4.6,0.846376515939293,0.7472844817409239,0,0.0,68,compte_admin,44.7,critique
1,1,12,3.75,1.0,0.5107601110970754,2,0.5294117647058824,69,internet,23.6,élevé
3,2,11,3.8181818181818183,0.47851529246733016,0.5107601110970754,2,0.5294117647058824,69,pare_feu,17.7,moyen
4,1,4,4.5,0.5650622310898411,0.5107601110970754,2,0.5294117647058824,69,serveur_web,11.0,moyen
4,1,3,4.666666666666667,0.4159075597223041,0.5107601110970754,2,0.5294117647058824,69,serveur_app,10.0,moyen
5,2,2,4.5,0.5642428421246004,0.5107601110970754,2,0.5294117647058824,69,base_donnees,12.4,moyen
5,0,0,0.0,0.0,0.5107601110970754,2,0.5294117647058824,69,donnees_sensibles,0.0,faible
4,0,0,0.0,0.0,0.5107601110970754,2,0.5294117647058824,69,sauvegardes,0.0,faible
2,1,9,4.0,0.3898554611100429,0.5107601110970754,2,0.5294117647058824,69,vpn,11.4,moyen
3,1,8,4.125,0.754076504417965,0.5107601110970754,2,0.5294117647058824,69,routeur,22.9,élevé
4,3,7,4.142857142857143,0.6707862309567982,0.5107601110970754,2,0.5294117647058824,69,switch,21.6,élevé
2,2,7,4.428571428571429,0.3106720156988069,0.5107601110970754,2,0.5294117647058824,69,postes,13.5,moyen
4,0,0,0.0,0.0,0.5107601110970754,2,0.5294117647058824,69,serveur_rh,0.0,faible
5,3,4,4.5,0.2796003796194198,0.5107601110970754,2,0.5294117647058824,69,compte_admin,10.1,moyen
1,1,12,3.75,1.0,0.7326167421119009,0,0.0,69,internet,39.9,critique
3,2,11,3.8181818181818183,0.6332047378179544,0.7326167421119009,0,0.0,69,pare_feu,34.7,élevé
4,1,4,4.5,0.5650622310898411,0.7326167421119009,0,0.0,69,serveur_web,16.5,moyen
4,1,3,4.666666666666667,0.6931792662038402,0.7326167421119009,0,0.0,69,serveur_app,19.7,moyen
5,2,2,4.5,0.7526291666583496,0.7326167421119009,0,0.0,69,base_donnees,17.0,moyen
5,0,0,0.0,0.0,0.7326167421119009,0,0.0,69,donnees_sensibles,0.0,faible
4,0,0,0.0,0.0,0.7326167421119009,0,0.0,69,sauvegardes,0.0,faible
2,1,9,4.0,0.9746386527751071,0.7326167421119009,0,0.0,69,vpn,38.2,critique
3,1,8,4.125,0.754076504417965,0.7326167421119009,0,0.0,69,routeur,33.1,élevé
4,3,7,4.142857142857143,0.7645868027046533,0.7326167421119009,0,0.0,69,switch,35.4,critique
2,2,7,4.428571428571429,0.47950429323862076,0.7326167421119009,0,0.0,69,postes,27.6,élevé
4,0,0,0.0,0.0,0.7326167421119009,0,0.0,69,serveur_rh,0.0,faible
5,3,4,4.5,0.8143637192905843,0.7326167421119009,0,0.0,69,compte_admin,35.9,critique
1,1,12,3.75,1.0,0.48054035269530976,3,0.7058823529411765,69,internet,20.2,élevé
3,2,11,3.8181818181818183,0.4830491395911889,0.48054035269530976,3,0.7058823529411765,69,pare_feu,14.2,moyen
4,1,4,4.5,0.16951866932695234,0.48054035269530976,3,0.7058823529411765,69,serveur_web,2.4,faible
4,1,3,4.666666666666667,0.20795377986115204,0.48054035269530976,3,0.7058823529411765,69,serveur_app,4.4,faible
5,2,2,4.5,0.42341116446261207,0.48054035269530976,3,0.7058823529411765,69,base_donnees,9.6,faible
5,0,0,0.0,0.0,0.48054035269530976,3,0.7058823529411765,69,donnees_sensibles,0.0,faible
4,0,0,0.0,0.0,0.48054035269530976,3,0.7058823529411765,69,sauvegardes,0.0,faible
2,1,9,4.0,0.9746386527751071,0.48054035269530976,3,0.7058823529411765,69,vpn,13.9,moyen
3,1,8,4.125,0.3770382522089825,0.48054035269530976,3,0.7058823529411765,69,routeur,7.6,faible
4,3,7,4.142857142857143,0.3353931154783991,0.48054035269530976,3,0.7058823529411765,69,switch,11.1,moyen
2,2,7,4.428571428571429,0.2619669199798122,0.48054035269530976,3,0.7058823529411765,69,postes,12.3,moyen
4,0,0,0.0,0.0,0.48054035269530976,3,0.7058823529411765,69,serveur_rh,0.0,faible
5,3,4,4.5,0.6990009490485494,0.48054035269530976,3,0.7058823529411765,69,compte_admin,25.3,élevé
1,1,12,3.75,1.0,0.34452210805711475,4,0.9411764705882353,69,internet,13.5,moyen
3,2,11,3.8181818181818183,0.32835969424056455,0.34452210805711475,4,0.9411764705882353,69,pare_feu,7.2,faible
4,1,4,4.5,0.16951866932695234,0.34452210805711475,4,0.9411764705882353,69,serveur_web,2.4,faible
4,1,3,4.666666666666667,0.20795377986115204,0.34452210805711475,4,0.9411764705882353,69,serveur_app,4.4,faible
5,2,2,4.5,0.42341116446261207,0.34452210805711475,4,0.9411764705882353,69,base_donnees,9.6,faible
5,0,0,0.0,0.0,0.34452210805711475,4,0.9411764705882353,69,donnees_sensibles,0.0,faible
4,0,0,0.0,0.0,0.34452210805711475,4,0.9411764705882353,69,sauvegardes,0.0,faible
2,1,9,4.0,0.3898554611100429,0.34452210805711475,4,0.9411764705882353,69,vpn,5.3,faible
3,1,8,4.125,0.3770382522089825,0.34452210805711475,4,0.9411764705882353,69,routeur,6.9,faible
4,3,7,4.142857142857143,0.3353931154783991,0.34452210805711475,4,0.9411764705882353,69,switch,9.1,faible
2,2,7,4.428571428571429,0.18199373588200565,0.34452210805711475,4,0.9411764705882353,69,postes,5.5,faible
4,0,0,0.0,0.0,0.34452210805711475,4,0.9411764705882353,69,serveur_rh,0.0,faible
5,3,4,4.5,0.2796003796194198,0.34452210805711475,4,0.9411764705882353,69,compte_admin,10.1,moyen
1,1,12,3.4166666666666665,1.0,0.4808056744455724,3,0.7058823529411765,70,internet,18.1,moyen
4,2,11,3.3636363636363638,0.32596517091473143,0.4808056744455724,3,0.7058823529411765,70,pare_feu,9.0,faible
3,1,4,4.25,0.31129152732813875,0.4808056744455724,3,0.7058823529411765,70,serveur_web,6.1,faible
4,1,3,4.333333333333333,0.3656924343331676,0.4808056744455724,3,0.7058823529411765,70,serveur_app,9.7,faible
4,2,2,4.5,0.683391779711788,0.4808056744455724,3,0.7058823529411765,70,base_donnees,16.0,moyen
5,0,0,0.0,0.0,0.4808056744455724,3,0.7058823529411765,70,donnees_sensibles,0.0,faible
4,0,0,0.0,0.0,0.4808056744455724,3,0.7058823529411765,70,sauvegardes,0.0,faible
2,1,9,3.5555555555555554,0.3404217743345125,0.4808056744455724,3,0.7058823529411765,70,vpn,7.5,faible
3,1,8,3.625,1.0,0.4808056744455724,3,0.7058823529411765,70,routeur,15.0,moyen
3,2,7,3.7142857142857144,0.5459136110368883,0.4808056744455724,3,0.7058823529411765,70,switch,7.3,faible
1,2,7,4.0,0.40721923670551774,0.4808056744455724,3,0.7058823529411765,70,postes,9.8,faible
4,0,0,0.0,0.0,0.4808056744455724,3,0.7058823529411765,70,serveur_rh,0.0,faible
4,4,5,4.2,0.30782778321026527,0.4808056744455724,3,0.7058823529411765,70,compte_admin,14.8,moyen
1,1,12,3.4166666666666665,1.0,0.40715350279103674,3,0.8823529411764706,70,internet,16.2,moyen
4,2,11,3.3636363636363638,0.32596517091473143,0.40715350279103674,3,0.8823529411764706,70,pare_feu,6.9,faible
3,1,4,4.25,0.15564576366406938,0.40715350279103674,3,0.8823529411764706,70,serveur_web,2.9,faible
4,1,3,4.333333333333333,0.30474369527763967,0.40715350279103674,3,0.8823529411764706,70,serveur_app,8.5,faible
4,2,2,4.5,0.691695889855894,0.40715350279103674,3,0.8823529411764706,70,base_donnees,17.2,moyen
5,0,0,0.0,0.0,0.40715350279103674,3,0.8823529411764706,70,donnees_sensibles,0.0,faible
4,0,0,0.0,0.0,0.40715350279103674,3,0.8823529411764706,70,sauvegardes,0.0,faible
2,1,9,3.5555555555555554,0.3404217743345125,0.40715350279103674,3,0.8823529411764706,70,vpn,4.8,faible
3,1,8,3.625,0.5,0.40715350279103674,3,0.8823529411764706,70,routeur,6.7,faible
3,2,7,3.7142857142857144,0.32642833368693236,0.40715350279103674,3,0.8823529411764706,70,switch,5.8,faible
1,2,7,4.0,0.2746293379827283,0.40715350279103674,3,0.8823529411764706,70,postes,8.5,faible
4,0,0,0.0,0.0,0.40715350279103674,3,0.8823529411764706,70,serveur_rh,0.0,faible
4,4,5,4.2,0.3458402123227077,0.40715350279103674,3,0.8823529411764706,70,compte_admin,19.6,moyen
1,1,12,3.4166666666666665,1.0,0.3801873660943262,3,0.8823529411764706,70,internet,19.7,moyen
4,2,11,3.3636363636363638,0.4758989101516472,0.3801873660943262,3,0.8823529411764706,70,pare_feu,10.8,moyen
3,1,4,4.25,0.2594096061067823,0.3801873660943262,3,0.8823529411764706,70,serveur_web,3.7,faible
4,1,3,4.333333333333333,0.1828462171665838,0.3801873660943262,3,0.8823529411764706,70,serveur_app,4.1,faible
4,2,2,4.5,0.49169588985589396,0.3801873660943262,3,0.8823529411764706,70,base_donnees,11.9,moyen
5,0,0,0.0,0.0,0.3801873660943262,3,0.8823529411764706,70,donnees_sensibles,0.0,faible
4,0,0,0.0,0.0,0.3801873660943262,3,0.8823529411764706,70,sauvegardes,0.0,faible
2,1,9,3.5555555555555554,0.3404217743345125,0.3801873660943262,3,0.8823529411764706,70,vpn,4.4,faible
3,1,8,3.625,0.5,0.3801873660943262,3,0.8823529411764706,70,routeur,5.7,faible
3,2,7,3.7142857142857144,0.27295680551844415,0.3801873660943262,3,0.8823529411764706,70,switch,3.6,faible
1,2,7,4.0,0.2340466410513172,0.3801873660943262,3,0.8823529411764706,70,postes,5.6,faible
4,0,0,0.0,0.0,0.3801873660943262,3,0.8823529411764706,70,serveur_rh,0.0,faible
4,4,5,4.2,0.30782778321026527,0.3801873660943262,3,0.8823529411764706,70,compte_admin,14.8,moyen
1,1,12,3.4166666666666665,1.0,0.5949910232970174,2,0.47058823529411764,70,internet,23.3,élevé
4,2,11,3.3636363636363638,0.47756201400376797,0.5949910232970174,2,0.47058823529411764,70,pare_feu,14.6,moyen
3,1,4,4.25,0.15564576366406938,0.5949910232970174,2,0.47058823529411764,70,serveur_web,2.9,faible
4,1,3,4.333333333333333,0.30474369527763967,0.5949910232970174,2,0.47058823529411764,70,serveur_app,8.5,faible
4,2,2,4.5,0.691695889855894,0.5949910232970174,2,0.47058823529411764,70,base_donnees,17.2,moyen
5,0,0,0.0,0.0,0.5949910232970174,2,0.47058823529411764,70,donnees_sensibles,0.0,faible
4,0,0,0.0,0.0,0.5949910232970174,2,0.47058823529411764,70,sauvegardes,0.0,faible
2,1,9,3.5555555555555554,0.8510544358362812,0.5949910232970174,2,0.47058823529411764,70,vpn,15.2,moyen
3,1,8,3.625,0.5,0.5949910232970174,2,0.47058823529411764,70,routeur,10.7,moyen
3,2,7,3.7142857142857144,0.32642833368693236,0.5949910232970174,2,0.47058823529411764,70,switch,13.6,moyen
1,2,7,4.0,0.42681445147552005,0.5949910232970174,2,0.47058823529411764,70,postes,30.5,élevé
4,0,0,0.0,0.0,0.5949910232970174,2,0.47058823529411764,70,serveur_rh,0.0,faible
4,4,5,4.2,0.8646005308067691,0.5949910232970174,2,0.47058823529411764,70,compte_admin,48.9,critique
1,1,12,3.6666666666666665,0.8614454694812794,0.4631988756414862,3,0.7058823529411765,71,internet,16.8,moyen
4,2,11,3.6363636363636362,0.3663074128492436,0.4631988756414862,3,0.7058823529411765,71,pare_feu,11.2,moyen
3,1,4,4.25,0.47932812444119327,0.4631988756414862,3,0.7058823529411765,71,serveur_web,7.8,faible
4,1,3,4.333333333333333,0.34610821534514646,0.4631988756414862,3,0.7058823529411765,71,serveur_app,6.9,faible
4,2,2,4.5,0.46752986262511564,0.4631988756414862,3,0.7058823529411765,71,base_donnees,10.2,moyen
5,0,0,0.0,0.0,0.4631988756414862,3,0.7058823529411765,71,donnees_sensibles,0.0,faible
4,0,0,0.0,0.0,0.4631988756414862,3,0.7058823529411765,71,sauvegardes,0.0,faible
2,1,9,3.888888888888889,0.4,0.4631988756414862,3,0.7058823529411765,71,vpn,13.4,moyen
3,1,8,4.0,0.988249002293043,0.4631988756414862,3,0.7058823529411765,71,routeur,27.1,élevé
4,3,7,4.0,0.6136168501285805,0.4631988756414862,3,0.7058823529411765,71,switch,18.3,moyen
2,1,6,4.333333333333333,0.12395681256908825,0.4631988756414862,3,0.7058823529411765,71,postes,2.9,faible
4,0,0,0.0,0.0,0.4631988756414862,3,0.7058823529411765,71,serveur_rh,0.0,faible
5,4,5,4.2,0.2916920401102636,0.4631988756414862,3,0.7058823529411765,71,compte_admin,13.0,moyen
1,1,12,3.6666666666666665,0.8614454694812794,0.3417078669027644,4,0.9411764705882353,71,internet,14.0,moyen
4,2,11,3.6363636363636362,0.3663074128492436,0.3417078669027644,4,0.9411764705882353,71,pare_feu,7.7,faible
3,1,4,4.25,0.23966406222059664,0.3417078669027644,4,0.9411764705882353,71,serveur_web,3.0,faible
4,1,3,4.333333333333333,0.17305410767257323,0.3417078669027644,4,0.9411764705882353,71,serveur_app,3.1,faible
4,2,2,4.5,0.34849026146226136,0.3417078669027644,4,0.9411764705882353,71,base_donnees,7.9,faible
5,0,0,0.0,0.0,0.3417078669027644,4,0.9411764705882353,71,donnees_sensibles,0.0,faible
4,0,0,0.0,0.0,0.3417078669027644,4,0.9411764705882353,71,sauvegardes,0.0,faible
2,1,9,3.888888888888889,0.4,0.3417078669027644,4,0.9411764705882353,71,vpn,6.2,faible
3,1,8,4.0,0.4941245011465215,0.3417078669027644,4,0.9411764705882353,71,routeur,8.6,faible
4,3,7,4.0,0.30680842506429024,0.3417078669027644,4,0.9411764705882353,71,switch,8.1,faible
2,1,6,4.333333333333333,0.12395681256908825,0.3417078669027644,4,0.9411764705882353,71,postes,2.9,faible
4,0,0,0.0,0.0,0.3417078669027644,4,0.9411764705882353,71,serveur_rh,0.0,faible
5,4,5,4.2,0.2916920401102636,0.3417078669027644,4,0.9411764705882353,71,compte_admin,13.0,moyen
1,1,12,3.6666666666666665,0.8614454694812794,0.7489038135148175,0,0.0,71,internet,41.5,critique
4,2,11,3.6363636363636362,0.6937956551002569,0.7489038135148175,0,0.0,71,pare_feu,42.0,critique
3,1,4,4.25,0.7988802074019888,0.7489038135148175,0,0.0,71,serveur_web,18.3,moyen
4,1,3,4.333333333333333,0.5768470255752441,0.7489038135148175,0,0.0,71,serveur_app,13.7,moyen
4,2,2,4.5,0.6204969694913871,0.7489038135148175,0,0.0,71,base_donnees,14.0,moyen
5,0,0,0.0,0.0,0.7489038135148175,0,0.0,71,donnees_sensibles,0.0,faible
4,0,0,0.0,0.0,0.7489038135148175,0,0.0,71,sauvegardes,0.0,faible
2,1,9,3.888888888888889,1.0,0.7489038135148175,0,0.0,71,vpn,48.5,critique
3,1,8,4.0,0.988249002293043,0.7489038135148175,0,0.0,71,routeur,42.5,critique
4,3,7,4.0,0.6813169185588497,0.7489038135148175,0,0.0,71,switch,34.3,élevé
2,1,6,4.333333333333333,0.5164867190378677,0.7489038135148175,0,0.0,71,postes,26.5,élevé
4,0,0,0.0,0.0,0.7489038135148175,0,0.0,71,serveur_rh,0.0,faible
5,4,5,4.2,0.829230100275659,0.7489038135148175,0,0.0,71,compte_admin,42.7,critique
1,1,12,3.6666666666666665,0.8614454694812794,0.3417078669027644,4,0.9411764705882353,71,internet,14.0,moyen
4,2,11,3.6363636363636362,0.3663074128492436,0.3417078669027644,4,0.9411764705882353,71,pare_feu,7.7,faible
3,1,4,4.25,0.23966406222059664,0.3417078669027644,4,0.9411764705882353,71,serveur_web,3.0,faible
4,1,3,4.333333333333333,0.17305410767257323,0.3417078669027644,4,0.9411764705882353,71,serveur_app,3.1,faible
4,2,2,4.5,0.34849026146226136,0.3417078669027644,4,0.9411764705882353,71,base_donnees,7.9,faible
5,0,0,0.0,0.0,0.3417078669027644,4,0.9411764705882353,71,donnees_sensibles,0.0,faible
4,0,0,0.0,0.0,0.3417078669027644,4,0.9411764705882353,71,sauvegardes,0.0,faible
2,1,9,3.888888888888889,0.4,0.3417078669027644,4,0.9411764705882353,71,vpn,6.2,faible
3,1,8,4.0,0.4941245011465215,0.3417078669027644,4,0.9411764705882353,71,routeur,8.6,faible
4,3,7,4.0,0.30680842506429024,0.3417078669027644,4,0.9411764705882353,71,switch,8.1,faible
2,1,6,4.333333333333333,0.12395681256908825,0.3417078669027644,4,0.9411764705882353,71,postes,2.9,faible
4,0,0,0.0,0.0,0.3417078669027644,4,0.9411764705882353,71,serveur_rh,0.0,faible
5,4,5,4.2,0.2916920401102636,0.3417078669027644,4,0.9411764705882353,71,compte_admin,13.0,moyen
1,1,12,3.8333333333333335,0.9543657282465658,0.4658714639369504,2,0.6111111111111112,72,internet,24.9,élevé
5,2,11,3.727272727272727,0.6956158728249278,0.4658714639369504,2,0.6111111111111112,72,pare_feu,16.7,moyen
2,1,4,4.5,0.36499604081764236,0.4658714639369504,2,0.6111111111111112,72,serveur_web,5.0,faible
4,1,3,4.666666666666667,0.23343750092982807,0.4658714639369504,2,0.6111111111111112,72,serveur_app,5.0,faible
5,2,2,4.5,0.4549806042678631,0.4658714639369504,2,0.6111111111111112,72,base_donnees,10.1,moyen
5,0,0,0.0,0.0,0.4658714639369504,2,0.6111111111111112,72,donnees_sensibles,0.0,faible
4,0,0,0.0,0.0,0.4658714639369504,2,0.6111111111111112,72,sauvegardes,0.0,faible
3,1,9,4.0,0.6541103427857533,0.4658714639369504,2,0.6111111111111112,72,vpn,9.4,faible
3,1,8,4.125,0.5,0.4658714639369504,2,0.6111111111111112,72,routeur,7.6,faible
3,3,7,4.285714285714286,0.25039054951239575,0.4658714639369504,2,0.6111111111111112,72,switch,8.4,faible
3,2,7,4.285714285714286,0.22039953161054032,0.4658714639369504,2,0.6111111111111112,72,postes,8.9,faible
4,0,0,0.0,0.0,0.4658714639369504,2,0.6111111111111112,72,serveur_rh,0.0,faible
5,4,5,4.4,0.5464032680353672,0.4658714639369504,2,0.6111111111111112,72,compte_admin,24.2,élevé
1,1,12,3.8333333333333335,0.9543657282465658,0.4658714639369504,2,0.6111111111111112,72,internet,24.9,élevé
5,2,11,3.727272727272727,0.6956158728249278,0.4658714639369504,2,0.6111111111111112,72,pare_feu,16.7,moyen
2,1,4,4.5,0.36499604081764236,0.4658714639369504,2,0.6111111111111112,72,serveur_web,5.0,faible
4,1,3,4.666666666666667,0.23343750092982807,0.4658714639369504,2,0.6111111111111112,72,serveur_app,5.0,faible
5,2,2,4.5,0.4549806042678631,0.4658714639369504,2,0.6111111111111112,72,base_donnees,10.1,moyen
5,0,0,0.0,0.0,0.4658714639369504,2,0.6111111111111112,72,donnees_sensibles,0.0,faible
4,0,0,0.0,0.0,0.4658714639369504,2,0.6111111111111112,72,sauvegardes,0.0,faible
3,1,9,4.0,0.6541103427857533,0.4658714639369504,2,0.6111111111111112,72,vpn,9.4,faible
3,1,8,4.125,0.5,0.4658714639369504,2,0.6111111111111112,72,routeur,7.6,faible
3,3,7,4.285714285714286,0.25039054951239575,0.4658714639369504,2,0.6111111111111112,72,switch,8.4,faible
3,2,7,4.285714285714286,0.22039953161054032,0.4658714639369504,2,0.6111111111111112,72,postes,8.9,faible
4,0,0,0.0,0.0,0.4658714639369504,2,0.6111111111111112,72,serveur_rh,0.0,faible
5,4,5,4.4,0.5464032680353672,0.4658714639369504,2,0.6111111111111112,72,compte_admin,24.2,élevé
1,1,12,3.8333333333333335,0.9543657282465658,0.670994351982678,0,0.0,72,internet,43.4,critique
5,2,11,3.727272727272727,0.6956158728249278,0.670994351982678,0,0.0,72,pare_feu,37.9,critique
2,1,4,4.5,0.7299920816352847,0.670994351982678,0,0.0,72,serveur_web,22.2,élevé
4,1,3,4.666666666666667,0.7781250030994269,0.670994351982678,0,0.0,72,serveur_app,22.6,élevé
5,2,2,4.5,0.8099612085357262,0.670994351982678,0,0.0,72,base_donnees,17.8,moyen
5,0,0,0.0,0.0,0.670994351982678,0,0.0,72,donnees_sensibles,0.0,faible
4,0,0,0.0,0.0,0.670994351982678,0,0.0,72,sauvegardes,0.0,faible
3,1,9,4.0,0.6541103427857533,0.670994351982678,0,0.0,72,vpn,27.7,élevé
3,1,8,4.125,1.0,0.670994351982678,0,0.0,72,routeur,35.5,critique
3,3,7,4.285714285714286,0.5736448466991533,0.670994351982678,0,0.0,72,switch,28.7,élevé
3,2,7,4.285714285714286,0.405221609288557,0.670994351982678,0,0.0,72,postes,18.1,moyen
4,0,0,0.0,0.0,0.670994351982678,0,0.0,72,serveur_rh,0.0,faible
5,4,5,4.4,0.6046933146313227,0.670994351982678,0,0.0,72,compte_admin,31.4,élevé
1,1,12,3.8333333333333335,0.9543657282465658,0.3651308566831306,3,0.8888888888888888,72,internet,16.5,moyen
5,2,11,3.727272727272727,0.3703517457722899,0.3651308566831306,3,0.8888888888888888,72,pare_feu,7.1,faible
2,1,4,4.5,0.2189976244905854,0.3651308566831306,3,0.8888888888888888,72,serveur_web,4.1,faible
4,1,3,4.666666666666667,0.38906250154971345,0.3651308566831306,3,0.8888888888888888,72,serveur_app,10.2,moyen
5,2,2,4.5,0.6549806042678631,0.3651308566831306,3,0.8888888888888888,72,base_donnees,14.9,moyen
5,0,0,0.0,0.0,0.3651308566831306,3,0.8888888888888888,72,donnees_sensibles,0.0,faible
4,0,0,0.0,0.0,0.3651308566831306,3,0.8888888888888888,72,sauvegardes,0.0,faible
3,1,9,4.0,0.26164413711430135,0.3651308566831306,3,0.8888888888888888,72,vpn,4.0,faible
3,1,8,4.125,0.5,0.3651308566831306,3,0.8888888888888888,72,routeur,8.6,faible
3,3,7,4.285714285714286,0.28682242334957664,0.3651308566831306,3,0.8888888888888888,72,switch,10.3,moyen
3,2,7,4.285714285714286,0.18482207767801667,0.3651308566831306,3,0.8888888888888888,72,postes,5.3,faible
4,0,0,0.0,0.0,0.3651308566831306,3,0.8888888888888888,72,serveur_rh,0.0,faible
5,4,5,4.4,0.2418773258525291,0.3651308566831306,3,0.8888888888888888,72,compte_admin,12.5,moyen
1,1,6,4.0,1.0,0.3542246192607807,4,0.9375,73,internet,14.0,moyen
4,1,5,4.0,0.5972370387654535,0.3542246192607807,4,0.9375,73,pare_feu,5.7,faible
3,1,4,4.25,0.18649873998706532,0.3542246192607807,4,0.9375,73,serveur_web,2.5,faible
4,1,3,4.333333333333333,0.23651461912469207,0.3542246192607807,4,0.9375,73,serveur_app,4.7,faible
5,2,2,4.0,0.4283514260023442,0.3542246192607807,4,0.9375,73,base_donnees,8.5,faible
5,0,0,0.0,0.0,0.3542246192607807,4,0.9375,73,donnees_sensibles,0.0,faible
3,0,0,0.0,0.0,0.3542246192607807,4,0.9375,73,sauvegardes,0.0,faible
4,1,9,3.888888888888889,0.3675959357074544,0.3542246192607807,4,0.9375,73,vpn,5.4,faible
3,1,8,4.0,0.43657793724370786,0.3542246192607807,4,0.9375,73,routeur,7.6,faible
4,3,7,4.0,0.3210481093141421,0.3542246192607807,4,0.9375,73,switch,8.5,faible
2,2,7,4.285714285714286,0.1540180153163353,0.3542246192607807,4,0.9375,73,postes,4.2,faible
4,0,0,0.0,0.0,0.3542246192607807,4,0.9375,73,serveur_rh,0.0,faible
5,3,5,4.2,0.23842880892144414,0.3542246192607807,4,0.9375,73,compte_admin,8.9,faible
1,1,6,4.0,1.0,0.5620794581988978,1,0.5,73,internet,20.6,élevé
4,1,5,4.0,0.9953950646090892,0.5620794581988978,1,0.5,73,pare_feu,12.7,moyen
3,1,4,4.25,0.31083123331177553,0.5620794581988978,1,0.5,73,serveur_web,5.7,faible
4,1,3,4.333333333333333,0.3941910318744868,0.5620794581988978,1,0.5,73,serveur_app,9.4,faible
5,2,2,4.0,0.5970606011218546,0.5620794581988978,1,0.5,73,base_donnees,12.6,moyen
5,0,0,0.0,0.0,0.5620794581988978,1,0.5,73,donnees_sensibles,0.0,faible
3,0,0,0.0,0.0,0.5620794581988978,1,0.5,73,sauvegardes,0.0,faible
4,1,9,3.888888888888889,0.918989839268636,0.5620794581988978,1,0.5,73,vpn,15.3,moyen
3,1,8,4.0,0.43657793724370786,0.5620794581988978,1,0.5,73,routeur,9.4,faible
4,3,7,4.0,0.3602843373619747,0.5620794581988978,1,0.5,73,switch,12.8,moyen
2,2,7,4.285714285714286,0.27962213533855945,0.5620794581988978,1,0.5,73,postes,15.5,moyen
4,0,0,0.0,0.0,0.5620794581988978,1,0.5,73,serveur_rh,0.0,faible
5,3,5,4.2,0.7010225799559727,0.5620794581988978,1,0.5,73,compte_admin,31.8,élevé
1,1,6,4.0,1.0,0.6133080557757049,2,0.4375,73,internet,16.7,moyen
4,1,5,4.0,0.5972370387654535,0.6133080557757049,2,0.4375,73,pare_feu,8.6,faible
3,1,4,4.25,0.37299747997413063,0.6133080557757049,2,0.4375,73,serveur_web,7.2,faible
4,1,3,4.333333333333333,0.47302923824938414,0.6133080557757049,2,0.4375,73,serveur_app,10.6,moyen
5,2,2,4.0,0.6036390893254231,0.6133080557757049,2,0.4375,73,base_donnees,11.0,moyen
5,0,0,0.0,0.0,0.6133080557757049,2,0.4375,73,donnees_sensibles,0.0,faible
3,0,0,0.0,0.0,0.6133080557757049,2,0.4375,73,sauvegardes,0.0,faible
4,1,9,3.888888888888889,0.918989839268636,0.6133080557757049,2,0.4375,73,vpn,31.2,élevé
3,1,8,4.0,0.8731558744874157,0.6133080557757049,2,0.4375,73,routeur,26.4,élevé
4,3,7,4.0,0.6420962186282843,0.6133080557757049,2,0.4375,73,switch,21.6,élevé
2,2,7,4.285714285714286,0.32786826010986386,0.6133080557757049,2,0.4375,73,postes,12.7,moyen
4,0,0,0.0,0.0,0.6133080557757049,2,0.4375,73,serveur_rh,0.0,faible
5,3,5,4.2,0.5960720223036103,0.6133080557757049,2,0.4375,73,compte_admin,23.4,élevé
1,1,6,4.0,1.0,0.5620794581988978,1,0.5,73,internet,20.6,élevé
4,1,5,4.0,0.9953950646090892,0.5620794581988978,1,0.5,73,pare_feu,12.7,moyen
3,1,4,4.25,0.31083123331177553,0.5620794581988978,1,0.5,73,serveur_web,5.7,faible
4,1,3,4.333333333333333,0.3941910318744868,0.5620794581988978,1,0.5,73,serveur_app,9.4,faible
5,2,2,4.0,0.5970606011218546,0.5620794581988978,1,0.5,73,base_donnees,12.6,moyen
5,0,0,0.0,0.0,0.5620794581988978,1,0.5,73,donnees_sensibles,0.0,faible
3,0,0,0.0,0.0,0.5620794581988978,1,0.5,73,sauvegardes,0.0,faible
4,1,9,3.888888888888889,0.918989839268636,0.5620794581988978,1,0.5,73,vpn,15.3,moyen
3,1,8,4.0,0.43657793724370786,0.5620794581988978,1,0.5,73,routeur,9.4,faible
4,3,7,4.0,0.3602843373619747,0.5620794581988978,1,0.5,73,switch,12.8,moyen
2,2,7,4.285714285714286,0.27962213533855945,0.5620794581988978,1,0.5,73,postes,15.5,moyen
4,0,0,0.0,0.0,0.5620794581988978,1,0.5,73,serveur_rh,0.0,faible
5,3,5,4.2,0.7010225799559727,0.5620794581988978,1,0.5,73,compte_admin,31.8,élevé
1,1,7,3.7142857142857144,1.0,0.6233564815611076,1,0.25,74,internet,24.9,élevé
3,2,6,3.8333333333333335,0.6590265569763594,0.6233564815611076,1,0.25,74,pare_feu,19.2,moyen
2,1,3,4.666666666666667,0.6436289952183186,0.6233564815611076,1,0.25,74,serveur_web,10.3,moyen
4,1,2,5.0,0.3705003747244184,0.6233564815611076,1,0.25,74,serveur_app,7.4,faible
5,1,1,5.0,0.7252607358177614,0.6233564815611076,1,0.25,74,base_donnees,8.6,faible
5,0,0,0.0,0.0,0.6233564815611076,1,0.25,74,donnees_sensibles,0.0,faible
5,0,0,0.0,0.0,0.6233564815611076,1,0.25,74,sauvegardes,0.0,faible
3,1,1,4.0,0.7852150185171326,0.6233564815611076,1,0.25,74,vpn,7.1,faible
4,0,0,0.0,0.0,0.6233564815611076,1,0.25,74,routeur,0.0,faible
3,3,6,4.333333333333333,0.5780593996646507,0.6233564815611076,1,0.25,74,switch,17.2,moyen
2,2,6,4.5,0.37052278381607995,0.6233564815611076,1,0.25,74,postes,12.3,moyen
5,0,0,0.0,0.0,0.6233564815611076,1,0.25,74,serveur_rh,0.0,faible
5,4,4,4.75,0.663955425030315,0.6233564815611076,1,0.25,74,compte_admin,29.8,élevé
1,1,7,3.7142857142857144,1.0,0.49693227898155196,2,0.5625,74,internet,20.2,élevé
3,2,6,3.8333333333333335,0.6590265569763594,0.49693227898155196,2,0.5625,74,pare_feu,14.3,moyen
2,1,3,4.666666666666667,0.3218144976091593,0.49693227898155196,2,0.5625,74,serveur_web,3.8,faible
4,1,2,5.0,0.1852501873622092,0.49693227898155196,2,0.5625,74,serveur_app,2.9,faible
5,1,1,5.0,0.3626303679088807,0.49693227898155196,2,0.5625,74,base_donnees,4.3,faible
5,0,0,0.0,0.0,0.49693227898155196,2,0.5625,74,donnees_sensibles,0.0,faible
5,0,0,0.0,0.0,0.49693227898155196,2,0.5625,74,sauvegardes,0.0,faible
3,1,1,4.0,0.7852150185171326,0.49693227898155196,2,0.5625,74,vpn,7.1,faible
4,0,0,0.0,0.0,0.49693227898155196,2,0.5625,74,routeur,0.0,faible
3,3,6,4.333333333333333,0.28902969983232535,0.49693227898155196,2,0.5625,74,switch,8.2,faible
2,2,6,4.5,0.22752123936824759,0.49693227898155196,2,0.5625,74,postes,8.5,faible
5,0,0,0.0,0.0,0.49693227898155196,2,0.5625,74,serveur_rh,0.0,faible
5,4,4,4.75,0.663955425030315,0.49693227898155196,2,0.5625,74,compte_admin,29.8,élevé
1,1,7,3.7142857142857144,1.0,0.5038962061781238,1,0.4375,74,internet,21.4,élevé
3,2,6,3.8333333333333335,0.4816028580141786,0.5038962061781238,1,0.4375,74,pare_feu,15.5,moyen
2,1,3,4.666666666666667,0.6436289952183186,0.5038962061781238,1,0.4375,74,serveur_web,13.3,moyen
4,1,2,5.0,0.6175006245406973,0.5038962061781238,1,0.4375,74,serveur_app,12.4,moyen
5,1,1,5.0,0.7252607358177614,0.5038962061781238,1,0.4375,74,base_donnees,8.6,faible
5,0,0,0.0,0.0,0.5038962061781238,1,0.4375,74,donnees_sensibles,0.0,faible
5,0,0,0.0,0.0,0.5038962061781238,1,0.4375,74,sauvegardes,0.0,faible
3,1,1,4.0,0.31408600740685305,0.5038962061781238,1,0.4375,74,vpn,2.9,faible
4,0,0,0.0,0.0,0.5038962061781238,1,0.4375,74,routeur,0.0,faible
3,3,6,4.333333333333333,0.6439041585742588,0.5038962061781238,1,0.4375,74,switch,20.7,élevé
2,2,6,4.5,0.34234955217594154,0.5038962061781238,1,0.4375,74,postes,13.4,moyen
5,0,0,0.0,0.0,0.5038962061781238,1,0.4375,74,serveur_rh,0.0,faible
5,4,4,4.75,0.2955614099408335,0.5038962061781238,1,0.4375,74,compte_admin,13.4,moyen
1,1,7,3.7142857142857144,1.0,0.5366043158015632,1,0.4375,74,internet,20.7,élevé
3,2,6,3.8333333333333335,0.6590265569763594,0.5366043158015632,1,0.4375,74,pare_feu,14.8,moyen
2,1,3,4.666666666666667,0.3218144976091593,0.5366043158015632,1,0.4375,74,serveur_web,4.4,faible
4,1,2,5.0,0.30875031227034866,0.5366043158015632,1,0.4375,74,serveur_app,4.9,faible
5,1,1,5.0,0.3626303679088807,0.5366043158015632,1,0.4375,74,base_donnees,4.3,faible
5,0,0,0.0,0.0,0.5366043158015632,1,0.4375,74,donnees_sensibles,0.0,faible
5,0,0,0.0,0.0,0.5366043158015632,1,0.4375,74,sauvegardes,0.0,faible
3,1,1,4.0,0.7852150185171326,0.5366043158015632,1,0.4375,74,vpn,7.1,faible
4,0,0,0.0,0.0,0.5366043158015632,1,0.4375,74,routeur,0.0,faible
3,3,6,4.333333333333333,0.3219520792871294,0.5366043158015632,1,0.4375,74,switch,11.2,moyen
2,2,6,4.5,0.28386770264852446,0.5366043158015632,1,0.4375,74,postes,13.8,moyen
5,0,0,0.0,0.0,0.5366043158015632,1,0.4375,74,serveur_rh,0.0,faible
5,4,4,4.75,0.7389035248520838,0.5366043158015632,1,0.4375,74,compte_admin,33.4,élevé
1,1,6,4.333333333333333,0.8692687225454827,0.7499815524902155,0,0.0,75,internet,22.4,élevé
3,1,5,4.6,0.7704399850145832,0.7499815524902155,0,0.0,75,pare_feu,19.7,moyen
4,1,4,4.75,0.49618443569021975,0.7499815524902155,0,0.0,75,serveur_web,16.3,moyen
5,1,3,4.666666666666667,0.6665020714019403,0.7499815524902155,0,0.0,75,serveur_app,20.8,élevé
5,2,2,4.5,0.7850151185833407,0.7499815524902155,0,0.0,75,base_donnees,18.4,moyen
5,0,0,0.0,0.0,0.7499815524902155,0,0.0,75,donnees_sensibles,0.0,faible
4,0,0,0.0,0.0,0.7499815524902155,0,0.0,75,sauvegardes,0.0,faible
3,0,0,0.0,0.0,0.7499815524902155,0,0.0,75,vpn,0.0,faible
2,1,8,3.875,1.0,0.7499815524902155,0,0.0,75,routeur,36.9,critique
3,3,7,4.0,0.7035874149917959,0.7499815524902155,0,0.0,75,switch,30.5,élevé
1,2,7,4.285714285714286,0.5281473892790789,0.7499815524902155,0,0.0,75,postes,28.0,élevé
3,0,0,0.0,0.0,0.7499815524902155,0,0.0,75,serveur_rh,0.0,faible
5,3,4,4.25,0.90341360400026,0.7499815524902155,0,0.0,75,compte_admin,38.2,critique
1,1,6,4.333333333333333,0.8692687225454827,0.3558777213250995,4,0.9333333333333333,75,internet,10.7,moyen
3,1,5,4.6,0.46226399100874993,0.3558777213250995,4,0.9333333333333333,75,pare_feu,5.7,faible
4,1,4,4.75,0.1488553307070659,0.3558777213250995,4,0.9333333333333333,75,serveur_web,2.5,faible
5,1,3,4.666666666666667,0.1999506214205821,0.3558777213250995,4,0.9333333333333333,75,serveur_app,4.6,faible
5,2,2,4.5,0.4374642447002105,0.3558777213250995,4,0.9333333333333333,75,base_donnees,10.3,moyen
5,0,0,0.0,0.0,0.3558777213250995,4,0.9333333333333333,75,donnees_sensibles,0.0,faible
4,0,0,0.0,0.0,0.3558777213250995,4,0.9333333333333333,75,sauvegardes,0.0,faible
3,0,0,0.0,0.0,0.3558777213250995,4,0.9333333333333333,75,vpn,0.0,faible
2,1,8,3.875,0.5,0.3558777213250995,4,0.9333333333333333,75,routeur,7.5,faible
3,3,7,4.0,0.3039176662139487,0.3558777213250995,4,0.9333333333333333,75,switch,8.1,faible
1,2,7,4.285714285714286,0.21576847949358297,0.3558777213250995,4,0.9333333333333333,75,postes,5.8,faible
3,0,0,0.0,0.0,0.3558777213250995,4,0.9333333333333333,75,serveur_rh,0.0,faible
5,3,4,4.25,0.31320290238839293,0.3558777213250995,4,0.9333333333333333,75,compte_admin,10.8,moyen
1,1,6,4.333333333333333,0.8692687225454827,0.48591733665764214,2,0.7333333333333333,75,internet,14.9,moyen
3,1,5,4.6,0.7704399850145832,0.48591733665764214,2,0.7333333333333333,75,pare_feu,10.7,moyen
4,1,4,4.75,0.24809221784510987,0.48591733665764214,2,0.7333333333333333,75,serveur_web,4.2,faible
5,1,3,4.666666666666667,0.1999506214205821,0.48591733665764214,2,0.7333333333333333,75,serveur_app,4.6,faible
5,2,2,4.5,0.4374642447002105,0.48591733665764214,2,0.7333333333333333,75,base_donnees,10.3,moyen
5,0,0,0.0,0.0,0.48591733665764214,2,0.7333333333333333,75,donnees_sensibles,0.0,faible
4,0,0,0.0,0.0,0.48591733665764214,2,0.7333333333333333,75,sauvegardes,0.0,faible
3,0,0,0.0,0.0,0.48591733665764214,2,0.7333333333333333,75,vpn,0.0,faible
2,1,8,3.875,0.5,0.48591733665764214,2,0.7333333333333333,75,routeur,8.1,faible
3,3,7,4.0,0.3039176662139487,0.48591733665764214,2,0.7333333333333333,75,switch,9.3,faible
1,2,7,4.285714285714286,0.28265262354183035,0.48591733665764214,2,0.7333333333333333,75,postes,11.7,moyen
3,0,0,0.0,0.0,0.48591733665764214,2,0.7333333333333333,75,serveur_rh,0.0,faible
5,3,4,4.25,0.7830072559709823,0.48591733665764214,2,0.7333333333333333,75,compte_admin,26.9,élevé
1,1,6,4.333333333333333,0.8692687225454827,0.7499815524902155,0,0.0,75,internet,22.4,élevé
3,1,5,4.6,0.7704399850145832,0.7499815524902155,0,0.0,75,pare_feu,19.7,moyen
4,1,4,4.75,0.49618443569021975,0.7499815524902155,0,0.0,75,serveur_web,16.3,moyen
5,1,3,4.666666666666667,0.6665020714019403,0.7499815524902155,0,0.0,75,serveur_app,20.8,élevé
5,2,2,4.5,0.7850151185833407,0.7499815524902155,0,0.0,75,base_donnees,18.4,moyen
5,0,0,0.0,0.0,0.7499815524902155,0,0.0,75,donnees_sensibles,0.0,faible
4,0,0,0.0,0.0,0.7499815524902155,0,0.0,75,sauvegardes,0.0,faible
3,0,0,0.0,0.0,0.7499815524902155,0,0.0,75,vpn,0.0,faible
2,1,8,3.875,1.0,0.7499815524902155,0,0.0,75,routeur,36.9,critique
3,3,7,4.0,0.7035874149917959,0.7499815524902155,0,0.0,75,switch,30.5,élevé
1,2,7,4.285714285714286,0.5281473892790789,0.7499815524902155,0,0.0,75,postes,28.0,élevé
3,0,0,0.0,0.0,0.7499815524902155,0,0.0,75,serveur_rh,0.0,faible
5,3,4,4.25,0.90341360400026,0.7499815524902155,0,0.0,75,compte_admin,38.2,critique
1,1,2,4.0,0.8656600263030687,0.4880137972663629,3,0.6875,76,internet,12.3,moyen
4,1,1,4.0,0.563273408696128,0.4880137972663629,3,0.6875,76,pare_feu,5.5,faible
4,0,0,0.0,0.0,0.4880137972663629,3,0.6875,76,serveur_web,0.0,faible
4,1,3,4.333333333333333,0.20688410552396788,0.4880137972663629,3,0.6875,76,serveur_app,4.1,faible
5,2,2,4.0,0.3683594445128876,0.4880137972663629,3,0.6875,76,base_donnees,8.0,faible
5,0,0,0.0,0.0,0.4880137972663629,3,0.6875,76,donnees_sensibles,0.0,faible
3,0,0,0.0,0.0,0.4880137972663629,3,0.6875,76,sauvegardes,0.0,faible
3,1,9,3.6666666666666665,0.8569495320502117,0.4880137972663629,3,0.6875,76,vpn,10.9,moyen
2,1,8,3.875,0.5,0.4880137972663629,3,0.6875,76,routeur,7.8,faible
3,3,7,4.0,0.2534602499424088,0.4880137972663629,3,0.6875,76,switch,8.8,faible
3,2,7,4.0,0.3033578431740222,0.4880137972663629,3,0.6875,76,postes,13.7,moyen
4,0,0,0.0,0.0,0.4880137972663629,3,0.6875,76,serveur_rh,0.0,faible
4,4,5,4.2,0.6779095896218461,0.4880137972663629,3,0.6875,76,compte_admin,28.5,élevé
1,1,2,4.0,0.8656600263030687,0.5828292294248568,1,0.4375,76,internet,15.3,moyen
4,1,1,4.0,0.9387890144935466,0.5828292294248568,1,0.4375,76,pare_feu,9.2,faible
4,0,0,0.0,0.0,0.5828292294248568,1,0.4375,76,serveur_web,0.0,faible
4,1,3,4.333333333333333,0.3448068425399465,0.5828292294248568,1,0.4375,76,serveur_app,8.3,faible
5,2,2,4.0,0.5344705001496368,0.5828292294248568,1,0.4375,76,base_donnees,12.2,moyen
5,0,0,0.0,0.0,0.5828292294248568,1,0.4375,76,donnees_sensibles,0.0,faible
3,0,0,0.0,0.0,0.5828292294248568,1,0.4375,76,sauvegardes,0.0,faible
3,1,9,3.6666666666666665,0.8569495320502117,0.5828292294248568,1,0.4375,76,vpn,12.9,moyen
2,1,8,3.875,0.5,0.5828292294248568,1,0.4375,76,routeur,10.0,moyen
3,3,7,4.0,0.3057641045297195,0.5828292294248568,1,0.4375,76,switch,13.4,moyen
3,2,7,4.0,0.4064782773002862,0.5828292294248568,1,0.4375,76,postes,25.8,élevé
4,0,0,0.0,0.0,0.5828292294248568,1,0.4375,76,serveur_rh,0.0,faible
4,4,5,4.2,0.7549680967304828,0.5828292294248568,1,0.4375,76,compte_admin,37.2,critique
1,1,2,4.0,0.8656600263030687,0.34259070253199836,4,0.9375,76,internet,12.3,moyen
4,1,1,4.0,0.563273408696128,0.34259070253199836,4,0.9375,76,pare_feu,5.5,faible
4,0,0,0.0,0.0,0.34259070253199836,4,0.9375,76,serveur_web,0.0,faible
4,1,3,4.333333333333333,0.20688410552396788,0.34259070253199836,4,0.9375,76,serveur_app,4.1,faible
5,2,2,4.0,0.3683594445128876,0.34259070253199836,4,0.9375,76,base_donnees,8.0,faible
5,0,0,0.0,0.0,0.34259070253199836,4,0.9375,76,donnees_sensibles,0.0,faible
3,0,0,0.0,0.0,0.34259070253199836,4,0.9375,76,sauvegardes,0.0,faible
3,1,9,3.6666666666666665,0.34277981282008474,0.34259070253199836,4,0.9375,76,vpn,4.2,faible
2,1,8,3.875,0.5,0.34259070253199836,4,0.9375,76,routeur,7.2,faible
3,3,7,4.0,0.2534602499424088,0.34259070253199836,4,0.9375,76,switch,7.6,faible
3,2,7,4.0,0.2105494524603846,0.34259070253199836,4,0.9375,76,postes,5.2,faible
4,0,0,0.0,0.0,0.34259070253199836,4,0.9375,76,serveur_rh,0.0,faible
4,4,5,4.2,0.2711638358487385,0.34259070253199836,4,0.9375,76,compte_admin,11.4,moyen
1,1,2,4.0,0.8656600263030687,0.34259070253199836,4,0.9375,76,internet,12.3,moyen
4,1,1,4.0,0.563273408696128,0.34259070253199836,4,0.9375,76,pare_feu,5.5,faible
4,0,0,0.0,0.0,0.34259070253199836,4,0.9375,76,serveur_web,0.0,faible
4,1,3,4.333333333333333,0.20688410552396788,0.34259070253199836,4,0.9375,76,serveur_app,4.1,faible
5,2,2,4.0,0.3683594445128876,0.34259070253199836,4,0.9375,76,base_donnees,8.0,faible
5,0,0,0.0,0.0,0.34259070253199836,4,0.9375,76,donnees_sensibles,0.0,faible
3,0,0,0.0,0.0,0.34259070253199836,4,0.9375,76,sauvegardes,0.0,faible
3,1,9,3.6666666666666665,0.34277981282008474,0.34259070253199836,4,0.9375,76,vpn,4.2,faible
2,1,8,3.875,0.5,0.34259070253199836,4,0.9375,76,routeur,7.2,faible
3,3,7,4.0,0.2534602499424088,0.34259070253199836,4,0.9375,76,switch,7.6,faible
3,2,7,4.0,0.2105494524603846,0.34259070253199836,4,0.9375,76,postes,5.2,faible
4,0,0,0.0,0.0,0.34259070253199836,4,0.9375,76,serveur_rh,0.0,faible
4,4,5,4.2,0.2711638358487385,0.34259070253199836,4,0.9375,76,compte_admin,11.4,moyen
1,1,7,3.7142857142857144,1.0,0.4127068670277579,3,0.7333333333333333,77,internet,15.1,moyen
4,2,6,3.6666666666666665,0.2847832096720627,0.4127068670277579,3,0.7333333333333333,77,pare_feu,6.2,faible
3,1,3,4.666666666666667,0.3182565869081506,0.4127068670277579,3,0.7333333333333333,77,serveur_web,5.3,faible
5,1,2,4.5,0.30503187038353624,0.4127068670277579,3,0.7333333333333333,77,serveur_app,4.8,faible
4,1,1,5.0,0.43587897121169905,0.4127068670277579,3,0.7333333333333333,77,base_donnees,5.5,faible
5,0,0,0.0,0.0,0.4127068670277579,3,0.7333333333333333,77,donnees_sensibles,0.0,faible
4,0,0,0.0,0.0,0.4127068670277579,3,0.7333333333333333,77,sauvegardes,0.0,faible
2,1,1,3.0,0.2607903949242882,0.4127068670277579,3,0.7333333333333333,77,vpn,1.9,faible
3,0,0,0.0,0.0,0.4127068670277579,3,0.7333333333333333,77,routeur,0.0,faible
3,3,7,4.0,0.5519365375586222,0.4127068670277579,3,0.7333333333333333,77,switch,14.9,moyen
2,2,7,4.142857142857143,0.398099880967476,0.4127068670277579,3,0.7333333333333333,77,postes,12.9,moyen
3,0,0,0.0,0.0,0.4127068670277579,3,0.7333333333333333,77,serveur_rh,0.0,faible
5,3,4,4.0,0.28302312934458324,0.4127068670277579,3,0.7333333333333333,77,compte_admin,9.1,faible
1,1,7,3.7142857142857144,1.0,0.31381520207124836,4,0.9333333333333333,77,internet,14.0,moyen
4,2,6,3.6666666666666665,0.2847832096720627,0.31381520207124836,4,0.9333333333333333,77,pare_feu,5.1,faible
3,1,3,4.666666666666667,0.1591282934540753,0.31381520207124836,4,0.9333333333333333,77,serveur_web,2.3,faible
5,1,2,4.5,0.15251593519176812,0.31381520207124836,4,0.9333333333333333,77,serveur_app,2.4,faible
4,1,1,5.0,0.43587897121169905,0.31381520207124836,4,0.9333333333333333,77,base_donnees,5.5,faible
5,0,0,0.0,0.0,0.31381520207124836,4,0.9333333333333333,77,donnees_sensibles,0.0,faible
4,0,0,0.0,0.0,0.31381520207124836,4,0.9333333333333333,77,sauvegardes,0.0,faible
2,1,1,3.0,0.2607903949242882,0.31381520207124836,4,0.9333333333333333,77,vpn,1.9,faible
3,0,0,0.0,0.0,0.31381520207124836,4,0.9333333333333333,77,routeur,0.0,faible
3,3,7,4.0,0.2759682687793111,0.31381520207124836,4,0.9333333333333333,77,switch,7.0,faible
2,2,7,4.142857142857143,0.22618691128554286,0.31381520207124836,4,0.9333333333333333,77,postes,5.7,faible
3,0,0,0.0,0.0,0.31381520207124836,4,0.9333333333333333,77,serveur_rh,0.0,faible
5,3,4,4.0,0.28302312934458324,0.31381520207124836,4,0.9333333333333333,77,compte_admin,9.1,faible
1,1,7,3.7142857142857144,1.0,0.4798464942837883,2,0.5333333333333333,77,internet,15.7,moyen
4,2,6,3.6666666666666665,0.2847832096720627,0.4798464942837883,2,0.5333333333333333,77,pare_feu,6.9,faible
3,1,3,4.666666666666667,0.3182565869081506,0.4798464942837883,2,0.5333333333333333,77,serveur_web,6.9,faible
5,1,2,4.5,0.508386450639227,0.4798464942837883,2,0.5333333333333333,77,serveur_app,9.9,faible
4,1,1,5.0,0.7264649520194985,0.4798464942837883,2,0.5333333333333333,77,base_donnees,9.1,faible
5,0,0,0.0,0.0,0.4798464942837883,2,0.5333333333333333,77,donnees_sensibles,0.0,faible
4,0,0,0.0,0.0,0.4798464942837883,2,0.5333333333333333,77,sauvegardes,0.0,faible
2,1,1,3.0,0.2607903949242882,0.4798464942837883,2,0.5333333333333333,77,vpn,1.9,faible
3,0,0,0.0,0.0,0.4798464942837883,2,0.5333333333333333,77,routeur,0.0,faible
3,3,7,4.0,0.652212217995861,0.4798464942837883,2,0.5333333333333333,77,switch,19.9,moyen
2,2,7,4.142857142857143,0.43428250870321583,0.4798464942837883,2,0.5333333333333333,77,postes,16.7,moyen
3,0,0,0.0,0.0,0.4798464942837883,2,0.5333333333333333,77,serveur_rh,0.0,faible
5,3,4,4.0,0.3296769796758399,0.4798464942837883,2,0.5333333333333333,77,compte_admin,12.6,moyen
1,1,7,3.7142857142857144,1.0,0.31381520207124836,4,0.9333333333333333,77,internet,14.0,moyen
4,2,6,3.6666666666666665,0.2847832096720627,0.31381520207124836,4,0.9333333333333333,77,pare_feu,5.1,faible
3,1,3,4.666666666666667,0.1591282934540753,0.31381520207124836,4,0.9333333333333333,77,serveur_web,2.3,faible
5,1,2,4.5,0.15251593519176812,0.31381520207124836,4,0.9333333333333333,77,serveur_app,2.4,faible
4,1,1,5.0,0.43587897121169905,0.31381520207124836,4,0.9333333333333333,77,base_donnees,5.5,faible
5,0,0,0.0,0.0,0.31381520207124836,4,0.9333333333333333,77,donnees_sensibles,0.0,faible
4,0,0,0.0,0.0,0.31381520207124836,4,0.9333333333333333,77,sauvegardes,0.0,faible
2,1,1,3.0,0.2607903949242882,0.31381520207124836,4,0.9333333333333333,77,vpn,1.9,faible
3,0,0,0.0,0.0,0.31381520207124836,4,0.9333333333333333,77,routeur,0.0,faible
3,3,7,4.0,0.2759682687793111,0.31381520207124836,4,0.9333333333333333,77,switch,7.0,faible
2,2,7,4.142857142857143,0.22618691128554286,0.31381520207124836,4,0.9333333333333333,77,postes,5.7,faible
3,0,0,0.0,0.0,0.31381520207124836,4,0.9333333333333333,77,serveur_rh,0.0,faible
5,3,4,4.0,0.28302312934458324,0.31381520207124836,4,0.9333333333333333,77,compte_admin,9.1,faible
1,1,12,3.75,1.0,0.36505976663781764,4,0.9375,78,internet,17.2,moyen
4,2,11,3.727272727272727,0.37853696354257355,0.36505976663781764,4,0.9375,78,pare_feu,8.9,faible
3,1,4,4.25,0.27260313958604937,0.36505976663781764,4,0.9375,78,serveur_web,3.6,faible
4,1,3,4.333333333333333,0.1989552547506036,0.36505976663781764,4,0.9375,78,serveur_app,4.0,faible
5,2,2,4.0,0.4266650300523864,0.36505976663781764,4,0.9375,78,base_donnees,8.3,faible
4,0,0,0.0,0.0,0.36505976663781764,4,0.9375,78,donnees_sensibles,0.0,faible
4,0,0,0.0,0.0,0.36505976663781764,4,0.9375,78,sauvegardes,0.0,faible
4,1,9,3.7777777777777777,0.296012110374987,0.36505976663781764,4,0.9375,78,vpn,4.1,faible
4,1,8,3.75,0.5,0.36505976663781764,4,0.9375,78,routeur,4.4,faible
2,2,7,4.0,0.29208679357297873,0.36505976663781764,4,0.9375,78,switch,3.9,faible
2,2,7,4.0,0.21307988172876305,0.36505976663781764,4,0.9375,78,postes,3.4,faible
4,0,0,0.0,0.0,0.36505976663781764,4,0.9375,78,serveur_rh,0.0,faible
5,3,5,4.2,0.31754947456667953,0.36505976663781764,4,0.9375,78,compte_admin,10.7,moyen
1,1,12,3.75,1.0,0.4398721747649911,2,0.8125,78,internet,24.0,élevé
4,2,11,3.727272727272727,0.5481288737448471,0.4398721747649911,2,0.8125,78,pare_feu,16.2,moyen
3,1,4,4.25,0.454338565976749,0.4398721747649911,2,0.8125,78,serveur_web,7.7,faible
4,1,3,4.333333333333333,0.331592091251006,0.4398721747649911,2,0.8125,78,serveur_app,7.9,faible
5,2,2,4.0,0.6266650300523864,0.4398721747649911,2,0.8125,78,base_donnees,12.2,moyen
4,0,0,0.0,0.0,0.4398721747649911,2,0.8125,78,donnees_sensibles,0.0,faible
4,0,0,0.0,0.0,0.4398721747649911,2,0.8125,78,sauvegardes,0.0,faible
4,1,9,3.7777777777777777,0.296012110374987,0.4398721747649911,2,0.8125,78,vpn,4.3,faible
4,1,8,3.75,0.5,0.4398721747649911,2,0.8125,78,routeur,5.1,faible
2,2,7,4.0,0.34109500994291425,0.4398721747649911,2,0.8125,78,switch,5.2,faible
2,2,7,4.0,0.23579288872839055,0.4398721747649911,2,0.8125,78,postes,4.7,faible
4,0,0,0.0,0.0,0.4398721747649911,2,0.8125,78,serveur_rh,0.0,faible
5,3,5,4.2,0.31754947456667953,0.4398721747649911,2,0.8125,78,compte_admin,12.2,moyen
1,1,12,3.75,1.0,0.6472303548487163,2,0.375,78,internet,32.4,élevé
4,2,11,3.727272727272727,0.5647606109013186,0.6472303548487163,2,0.375,78,pare_feu,25.2,élevé
3,1,4,4.25,0.5452062791720987,0.6472303548487163,2,0.375,78,serveur_web,9.8,faible
4,1,3,4.333333333333333,0.3979105095012072,0.6472303548487163,2,0.375,78,serveur_app,8.9,faible
5,2,2,4.0,0.5533300601047728,0.6472303548487163,2,0.375,78,base_donnees,10.8,moyen
4,0,0,0.0,0.0,0.6472303548487163,2,0.375,78,donnees_sensibles,0.0,faible
4,0,0,0.0,0.0,0.6472303548487163,2,0.375,78,sauvegardes,0.0,faible
4,1,9,3.7777777777777777,0.7400302759374674,0.6472303548487163,2,0.375,78,vpn,19.4,moyen
4,1,8,3.75,1.0,0.6472303548487163,2,0.375,78,routeur,16.8,moyen
2,2,7,4.0,0.5841735871459575,0.6472303548487163,2,0.375,78,switch,11.4,moyen
2,2,7,4.0,0.44319451870724674,0.6472303548487163,2,0.375,78,postes,10.7,moyen
4,0,0,0.0,0.0,0.6472303548487163,2,0.375,78,serveur_rh,0.0,faible
5,3,5,4.2,0.7938736864166988,0.6472303548487163,2,0.375,78,compte_admin,30.3,élevé
1,1,12,3.75,1.0,0.5908587777854433,1,0.4375,78,internet,32.7,élevé
4,2,11,3.727272727272727,0.734352521103592,0.5908587777854433,1,0.4375,78,pare_feu,25.5,élevé
3,1,4,4.25,0.454338565976749,0.5908587777854433,1,0.4375,78,serveur_web,7.7,faible
4,1,3,4.333333333333333,0.331592091251006,0.5908587777854433,1,0.4375,78,serveur_app,7.9,faible
5,2,2,4.0,0.6266650300523864,0.5908587777854433,1,0.4375,78,base_donnees,12.2,moyen
4,0,0,0.0,0.0,0.5908587777854433,1,0.4375,78,donnees_sensibles,0.0,faible
4,0,0,0.0,0.0,0.5908587777854433,1,0.4375,78,sauvegardes,0.0,faible
4,1,9,3.7777777777777777,0.7400302759374674,0.5908587777854433,1,0.4375,78,vpn,12.0,moyen
4,1,8,3.75,0.5,0.5908587777854433,1,0.4375,78,routeur,6.7,faible
2,2,7,4.0,0.34109500994291425,0.5908587777854433,1,0.4375,78,switch,8.2,faible
2,2,7,4.0,0.32096666497699367,0.5908587777854433,1,0.4375,78,postes,12.9,moyen
4,0,0,0.0,0.0,0.5908587777854433,1,0.4375,78,serveur_rh,0.0,faible
5,3,5,4.2,0.7938736864166988,0.5908587777854433,1,0.4375,78,compte_admin,30.4,élevé
1,1,1,4.0,1.0,0.3256787546568423,4,0.9333333333333333,79,internet,9.1,faible
4,0,0,0.0,0.0,0.3256787546568423,4,0.9333333333333333,79,pare_feu,0.0,faible
2,1,4,4.5,0.19083920607606955,0.3256787546568423,4,0.9333333333333333,79,serveur_web,3.0,faible
5,1,3,4.333333333333333,0.1994817357898578,0.3256787546568423,4,0.9333333333333333,79,serveur_app,4.3,faible
5,2,2,4.0,0.4637501264844316,0.3256787546568423,4,0.9333333333333333,79,base_donnees,9.3,faible
4,0,0,0.0,0.0,0.3256787546568423,4,0.9333333333333333,79,donnees_sensibles,0.0,faible
4,0,0,0.0,0.0,0.3256787546568423,4,0.9333333333333333,79,sauvegardes,0.0,faible
4,1,8,3.75,0.22619540114481987,0.3256787546568423,4,0.9333333333333333,79,vpn,3.1,faible
3,1,7,3.857142857142857,0.4182714797900211,0.3256787546568423,4,0.9333333333333333,79,routeur,6.4,faible
4,3,6,3.8333333333333335,0.23336195557409492,0.3256787546568423,4,0.9333333333333333,79,switch,5.8,faible
1,1,6,4.333333333333333,0.22485812027494487,0.3256787546568423,4,0.9333333333333333,79,postes,3.1,faible
4,0,0,0.0,0.0,0.3256787546568423,4,0.9333333333333333,79,serveur_rh,0.0,faible
4,4,5,4.4,0.24948731427144327,0.3256787546568423,4,0.9333333333333333,79,compte_admin,12.1,moyen
1,1,1,4.0,1.0,0.6841505143504789,0,0.0,79,internet,9.1,faible
4,0,0,0.0,0.0,0.6841505143504789,0,0.0,79,pare_feu,0.0,faible
2,1,4,4.5,0.6361306869202319,0.6841505143504789,0,0.0,79,serveur_web,18.8,moyen
5,1,3,4.333333333333333,0.6649391192995261,0.6841505143504789,0,0.0,79,serveur_app,19.3,moyen
5,2,2,4.0,0.8275002529688631,0.6841505143504789,0,0.0,79,base_donnees,16.6,moyen
4,0,0,0.0,0.0,0.6841505143504789,0,0.0,79,donnees_sensibles,0.0,faible
4,0,0,0.0,0.0,0.6841505143504789,0,0.0,79,sauvegardes,0.0,faible
4,1,8,3.75,0.5654885028620497,0.6841505143504789,0,0.0,79,vpn,18.2,moyen
3,1,7,3.857142857142857,0.8365429595800422,0.6841505143504789,0,0.0,79,routeur,24.2,élevé
4,3,6,3.8333333333333335,0.540433725554892,0.6841505143504789,0,0.0,79,switch,19.9,moyen
1,1,6,4.333333333333333,0.44971624054988973,0.6841505143504789,0,0.0,79,postes,11.8,moyen
4,0,0,0.0,0.0,0.6841505143504789,0,0.0,79,serveur_rh,0.0,faible
4,4,5,4.4,0.7082846308607604,0.6841505143504789,0,0.0,79,compte_admin,39.8,critique
1,1,1,4.0,1.0,0.4630811987649784,3,0.6,79,internet,9.1,faible
4,0,0,0.0,0.0,0.4630811987649784,3,0.6,79,pare_feu,0.0,faible
2,1,4,4.5,0.3816784121521391,0.4630811987649784,3,0.6,79,serveur_web,8.0,faible
5,1,3,4.333333333333333,0.3989634715797156,0.4630811987649784,3,0.6,79,serveur_app,10.0,moyen
5,2,2,4.0,0.6275002529688631,0.4630811987649784,3,0.6,79,base_donnees,12.5,moyen
4,0,0,0.0,0.0,0.4630811987649784,3,0.6,79,donnees_sensibles,0.0,faible
4,0,0,0.0,0.0,0.4630811987649784,3,0.6,79,sauvegardes,0.0,faible
4,1,8,3.75,0.22619540114481987,0.4630811987649784,3,0.6,79,vpn,6.1,faible
3,1,7,3.857142857142857,0.8365429595800422,0.4630811987649784,3,0.6,79,routeur,19.4,moyen
4,3,6,3.8333333333333335,0.46672391114818984,0.4630811987649784,3,0.6,79,switch,14.0,moyen
1,1,6,4.333333333333333,0.44971624054988973,0.4630811987649784,3,0.6,79,postes,9.3,faible
4,0,0,0.0,0.0,0.4630811987649784,3,0.6,79,serveur_rh,0.0,faible
4,4,5,4.4,0.24948731427144327,0.4630811987649784,3,0.6,79,compte_admin,12.1,moyen
1,1,1,4.0,1.0,0.6671870293659394,1,0.06666666666666667,79,internet,9.1,faible
4,0,0,0.0,0.0,0.6671870293659394,1,0.06666666666666667,79,pare_feu,0.0,faible
2,1,4,4.5,0.3816784121521391,0.6671870293659394,1,0.06666666666666667,79,serveur_web,11.3,moyen
5,1,3,4.333333333333333,0.6649391192995261,0.6671870293659394,1,0.06666666666666667,79,serveur_app,19.3,moyen
5,2,2,4.0,0.8275002529688631,0.6671870293659394,1,0.06666666666666667,79,base_donnees,16.6,moyen
4,0,0,0.0,0.0,0.6671870293659394,1,0.06666666666666667,79,donnees_sensibles,0.0,faible
4,0,0,0.0,0.0,0.6671870293659394,1,0.06666666666666667,79,sauvegardes,0.0,faible
4,1,8,3.75,0.5654885028620497,0.6671870293659394,1,0.06666666666666667,79,vpn,18.2,moyen
3,1,7,3.857142857142857,0.8365429595800422,0.6671870293659394,1,0.06666666666666667,79,routeur,24.2,élevé
4,3,6,3.8333333333333335,0.540433725554892,0.6671870293659394,1,0.06666666666666667,79,switch,19.9,moyen
1,1,6,4.333333333333333,0.44971624054988973,0.6671870293659394,1,0.06666666666666667,79,postes,11.8,moyen
4,0,0,0.0,0.0,0.6671870293659394,1,0.06666666666666667,79,serveur_rh,0.0,faible
4,4,5,4.4,0.7082846308607604,0.6671870293659394,1,0.06666666666666667,79,compte_admin,39.8,critique
1,1,5,4.6,0.9089847141079146,0.5985902169009666,2,0.42857142857142855,80,internet,18.6,moyen
5,1,4,4.5,0.5070366189238283,0.5985902169009666,2,0.42857142857142855,80,pare_feu,10.2,moyen
4,1,3,4.666666666666667,0.5428882830748597,0.5985902169009666,2,0.42857142857142855,80,serveur_web,10.2,moyen
4,1,2,5.0,0.5435201139323755,0.5985902169009666,2,0.42857142857142855,80,serveur_app,9.2,faible
5,1,1,5.0,0.42524518596164995,0.5985902169009666,2,0.42857142857142855,80,base_donnees,5.2,faible
5,0,0,0.0,0.0,0.5985902169009666,2,0.42857142857142855,80,donnees_sensibles,0.0,faible
3,0,0,0.0,0.0,0.5985902169009666,2,0.42857142857142855,80,sauvegardes,0.0,faible
3,1,9,3.6666666666666665,0.6558489025307628,0.5985902169009666,2,0.42857142857142855,80,vpn,21.9,élevé
4,1,8,3.625,1.0,0.5985902169009666,2,0.42857142857142855,80,routeur,24.6,élevé
3,2,7,3.7142857142857144,0.6593498242783442,0.5985902169009666,2,0.42857142857142855,80,switch,17.1,moyen
1,2,7,4.0,0.44723750352693536,0.5985902169009666,2,0.42857142857142855,80,postes,16.2,moyen
3,0,0,0.0,0.0,0.5985902169009666,2,0.42857142857142855,80,serveur_rh,0.0,faible
5,3,4,4.0,0.527854854157194,0.5985902169009666,2,0.42857142857142855,80,compte_admin,15.3,moyen
1,1,5,4.6,0.9089847141079146,0.5989420103887048,1,0.35714285714285715,80,internet,35.1,critique
5,1,4,4.5,0.8450610315397139,0.5989420103887048,1,0.35714285714285715,80,pare_feu,30.1,élevé
4,1,3,4.666666666666667,0.9048138051247663,0.5989420103887048,1,0.35714285714285715,80,serveur_web,25.3,élevé
4,1,2,5.0,0.9058668565539593,0.5989420103887048,1,0.35714285714285715,80,serveur_app,18.4,moyen
5,1,1,5.0,0.70874197660275,0.5989420103887048,1,0.35714285714285715,80,base_donnees,8.6,faible
5,0,0,0.0,0.0,0.5989420103887048,1,0.35714285714285715,80,donnees_sensibles,0.0,faible
3,0,0,0.0,0.0,0.5989420103887048,1,0.35714285714285715,80,sauvegardes,0.0,faible
3,1,9,3.6666666666666665,0.2623395610123051,0.5989420103887048,1,0.35714285714285715,80,vpn,9.7,faible
4,1,8,3.625,1.0,0.5989420103887048,1,0.35714285714285715,80,routeur,28.4,élevé
3,2,7,3.7142857142857144,0.6593498242783442,0.5989420103887048,1,0.35714285714285715,80,switch,20.7,élevé
1,2,7,4.0,0.39955428857261543,0.5989420103887048,1,0.35714285714285715,80,postes,16.8,moyen
3,0,0,0.0,0.0,0.5989420103887048,1,0.35714285714285715,80,serveur_rh,0.0,faible
5,3,4,4.0,0.24385732493284593,0.5989420103887048,1,0.35714285714285715,80,compte_admin,8.7,faible
1,1,5,4.6,0.9089847141079146,0.3926659255728103,3,0.8571428571428571,80,internet,16.4,moyen
5,1,4,4.5,0.5070366189238283,0.3926659255728103,3,0.8571428571428571,80,pare_feu,7.6,faible
4,1,3,4.666666666666667,0.27144414153742985,0.3926659255728103,3,0.8571428571428571,80,serveur_web,5.1,faible
4,1,2,5.0,0.45293342827697963,0.3926659255728103,3,0.8571428571428571,80,serveur_app,9.2,faible
5,1,1,5.0,0.70874197660275,0.3926659255728103,3,0.8571428571428571,80,base_donnees,8.6,faible
5,0,0,0.0,0.0,0.3926659255728103,3,0.8571428571428571,80,donnees_sensibles,0.0,faible
3,0,0,0.0,0.0,0.3926659255728103,3,0.8571428571428571,80,sauvegardes,0.0,faible
3,1,9,3.6666666666666665,0.2623395610123051,0.3926659255728103,3,0.8571428571428571,80,vpn,4.3,faible
4,1,8,3.625,0.5,0.3926659255728103,3,0.8571428571428571,80,routeur,7.4,faible
3,2,7,3.7142857142857144,0.3296749121391721,0.3926659255728103,3,0.8571428571428571,80,switch,7.5,faible
1,2,7,4.0,0.24746035924062765,0.3926659255728103,3,0.8571428571428571,80,postes,6.5,faible
3,0,0,0.0,0.0,0.3926659255728103,3,0.8571428571428571,80,serveur_rh,0.0,faible
5,3,4,4.0,0.24385732493284593,0.3926659255728103,3,0.8571428571428571,80,compte_admin,8.7,faible
1,1,5,4.6,0.9089847141079146,0.725868195634575,0,0.0,80,internet,35.1,critique
5,1,4,4.5,0.8450610315397139,0.725868195634575,0,0.0,80,pare_feu,30.1,élevé
4,1,3,4.666666666666667,0.9048138051247663,0.725868195634575,0,0.0,80,serveur_web,25.3,élevé
4,1,2,5.0,0.9058668565539593,0.725868195634575,0,0.0,80,serveur_app,18.4,moyen
5,1,1,5.0,0.70874197660275,0.725868195634575,0,0.0,80,base_donnees,8.6,faible
5,0,0,0.0,0.0,0.725868195634575,0,0.0,80,donnees_sensibles,0.0,faible
3,0,0,0.0,0.0,0.725868195634575,0,0.0,80,sauvegardes,0.0,faible
3,1,9,3.6666666666666665,0.6558489025307628,0.725868195634575,0,0.0,80,vpn,27.3,élevé
4,1,8,3.625,1.0,0.725868195634575,0,0.0,80,routeur,33.1,élevé
3,2,7,3.7142857142857144,0.6593498242783442,0.725868195634575,0,0.0,80,switch,25.4,élevé
1,2,7,4.0,0.5426039334355752,0.725868195634575,0,0.0,80,postes,23.2,élevé
3,0,0,0.0,0.0,0.725868195634575,0,0.0,80,serveur_rh,0.0,faible
5,3,4,4.0,0.6096433123321148,0.725868195634575,0,0.0,80,compte_admin,21.7,élevé
1,1,12,3.4166666666666665,1.0,0.5854499224040082,1,0.35294117647058826,81,internet,31.0,élevé
4,2,11,3.3636363636363638,0.4473445114216358,0.5854499224040082,1,0.35294117647058826,81,pare_feu,22.9,élevé
3,1,4,3.75,0.8540445531218102,0.5854499224040082,1,0.35294117647058826,81,serveur_web,18.8,moyen
3,1,3,4.0,0.5682953027153579,0.5854499224040082,1,0.35294117647058826,81,serveur_app,14.3,moyen
5,2,2,3.5,0.652524213258483,0.5854499224040082,1,0.35294117647058826,81,base_donnees,13.0,moyen
4,0,0,0.0,0.0,0.5854499224040082,1,0.35294117647058826,81,donnees_sensibles,0.0,faible
3,0,0,0.0,0.0,0.5854499224040082,1,0.35294117647058826,81,sauvegardes,0.0,faible
4,1,9,3.3333333333333335,0.3256477498601831,0.5854499224040082,1,0.35294117647058826,81,vpn,11.5,moyen
3,1,8,3.375,0.8424359016267283,0.5854499224040082,1,0.35294117647058826,81,routeur,26.7,élevé
3,3,7,3.4285714285714284,0.7377771450829543,0.5854499224040082,1,0.35294117647058826,81,switch,24.0,élevé
1,2,7,3.7142857142857144,0.4664624139792386,0.5854499224040082,1,0.35294117647058826,81,postes,21.8,élevé
3,0,0,0.0,0.0,0.5854499224040082,1,0.35294117647058826,81,serveur_rh,0.0,faible
5,3,5,3.6,0.338743820325494,0.5854499224040082,1,0.35294117647058826,81,compte_admin,15.2,moyen
1,1,12,3.4166666666666665,1.0,0.3917842390438528,3,0.8823529411764706,81,internet,16.7,moyen
4,2,11,3.3636363636363638,0.29879719593720233,0.3917842390438528,3,0.8823529411764706,81,pare_feu,7.5,faible
3,1,4,3.75,0.25621336593654304,0.3917842390438528,3,0.8823529411764706,81,serveur_web,3.7,faible
3,1,3,4.0,0.28414765135767894,0.3917842390438528,3,0.8823529411764706,81,serveur_app,6.7,faible
5,2,2,3.5,0.5455902520191919,0.3917842390438528,3,0.8823529411764706,81,base_donnees,11.2,moyen
4,0,0,0.0,0.0,0.3917842390438528,3,0.8823529411764706,81,donnees_sensibles,0.0,faible
3,0,0,0.0,0.0,0.3917842390438528,3,0.8823529411764706,81,sauvegardes,0.0,faible
4,1,9,3.3333333333333335,0.3256477498601831,0.3917842390438528,3,0.8823529411764706,81,vpn,5.0,faible
3,1,8,3.375,0.42121795081336416,0.3917842390438528,3,0.8823529411764706,81,routeur,7.3,faible
3,3,7,3.4285714285714284,0.36888857254147717,0.3917842390438528,3,0.8823529411764706,81,switch,9.6,faible
1,2,7,3.7142857142857144,0.2807166356320132,0.3917842390438528,3,0.8823529411764706,81,postes,8.5,faible
3,0,0,0.0,0.0,0.3917842390438528,3,0.8823529411764706,81,serveur_rh,0.0,faible
5,3,5,3.6,0.338743820325494,0.3917842390438528,3,0.8823529411764706,81,compte_admin,14.6,moyen
1,1,12,3.4166666666666665,1.0,0.34218063175740554,4,0.9411764705882353,81,internet,16.3,moyen
4,2,11,3.3636363636363638,0.29879719593720233,0.34218063175740554,4,0.9411764705882353,81,pare_feu,7.0,faible
3,1,4,3.75,0.25621336593654304,0.34218063175740554,4,0.9411764705882353,81,serveur_web,2.8,faible
3,1,3,4.0,0.17048859081460735,0.34218063175740554,4,0.9411764705882353,81,serveur_app,3.4,faible
5,2,2,3.5,0.37012773570723156,0.34218063175740554,4,0.9411764705882353,81,base_donnees,7.4,faible
4,0,0,0.0,0.0,0.34218063175740554,4,0.9411764705882353,81,donnees_sensibles,0.0,faible
3,0,0,0.0,0.0,0.34218063175740554,4,0.9411764705882353,81,sauvegardes,0.0,faible
4,1,9,3.3333333333333335,0.3256477498601831,0.34218063175740554,4,0.9411764705882353,81,vpn,4.6,faible
3,1,8,3.375,0.42121795081336416,0.34218063175740554,4,0.9411764705882353,81,routeur,6.2,faible
3,3,7,3.4285714285714284,0.3187154387077822,0.34218063175740554,4,0.9411764705882353,81,switch,7.0,faible
1,2,7,3.7142857142857144,0.2427282927180981,0.34218063175740554,4,0.9411764705882353,81,postes,6.1,faible
3,0,0,0.0,0.0,0.34218063175740554,4,0.9411764705882353,81,serveur_rh,0.0,faible
5,3,5,3.6,0.2880167725342619,0.34218063175740554,4,0.9411764705882353,81,compte_admin,9.9,faible
1,1,12,3.4166666666666665,1.0,0.3697043694981837,3,0.8823529411764706,81,internet,20.6,élevé
4,2,11,3.3636363636363638,0.4473445114216358,0.3697043694981837,3,0.8823529411764706,81,pare_feu,11.7,moyen
3,1,4,3.75,0.4270222765609051,0.3697043694981837,3,0.8823529411764706,81,serveur_web,4.7,faible
3,1,3,4.0,0.17048859081460735,0.3697043694981837,3,0.8823529411764706,81,serveur_app,3.4,faible
5,2,2,3.5,0.37012773570723156,0.3697043694981837,3,0.8823529411764706,81,base_donnees,7.4,faible
4,0,0,0.0,0.0,0.3697043694981837,3,0.8823529411764706,81,donnees_sensibles,0.0,faible
3,0,0,0.0,0.0,0.3697043694981837,3,0.8823529411764706,81,sauvegardes,0.0,faible
4,1,9,3.3333333333333335,0.3256477498601831,0.3697043694981837,3,0.8823529411764706,81,vpn,4.6,faible
3,1,8,3.375,0.42121795081336416,0.3697043694981837,3,0.8823529411764706,81,routeur,6.2,faible
3,3,7,3.4285714285714284,0.3187154387077822,0.3697043694981837,3,0.8823529411764706,81,switch,7.0,faible
1,2,7,3.7142857142857144,0.2427282927180981,0.3697043694981837,3,0.8823529411764706,81,postes,6.1,faible
3,0,0,0.0,0.0,0.3697043694981837,3,0.8823529411764706,81,serveur_rh,0.0,faible
5,3,5,3.6,0.2880167725342619,0.3697043694981837,3,0.8823529411764706,81,compte_admin,9.9,faible
1,1,12,3.5833333333333335,1.0,0.5304002157070775,1,0.4444444444444444,82,internet,26.5,élevé
4,2,11,3.5454545454545454,0.6208203103581708,0.5304002157070775,1,0.4444444444444444,82,pare_feu,18.5,moyen
3,1,4,4.5,0.43276731955809855,0.5304002157070775,1,0.4444444444444444,82,serveur_web,7.4,faible
4,1,3,4.666666666666667,0.3024971945726199,0.5304002157070775,1,0.4444444444444444,82,serveur_app,7.4,faible
5,2,2,4.5,0.5174485604036851,0.5304002157070775,1,0.4444444444444444,82,base_donnees,12.4,moyen
5,0,0,0.0,0.0,0.5304002157070775,1,0.4444444444444444,82,donnees_sensibles,0.0,faible
4,0,0,0.0,0.0,0.5304002157070775,1,0.4444444444444444,82,sauvegardes,0.0,faible
3,1,9,3.6666666666666665,0.6880940542421503,0.5304002157070775,1,0.4444444444444444,82,vpn,8.6,faible
2,1,8,3.875,0.37734606415791355,0.5304002157070775,1,0.4444444444444444,82,routeur,7.5,faible
2,3,7,4.142857142857143,0.3799527859704798,0.5304002157070775,1,0.4444444444444444,82,switch,15.1,moyen
2,2,7,4.142857142857143,0.36761625735445397,0.5304002157070775,1,0.4444444444444444,82,postes,20.8,élevé
4,0,0,0.0,0.0,0.5304002157070775,1,0.4444444444444444,82,serveur_rh,0.0,faible
5,4,5,4.4,0.6487176590131383,0.5304002157070775,1,0.4444444444444444,82,compte_admin,33.7,élevé
1,1,12,3.5833333333333335,1.0,0.6906256272218838,0,0.0,82,internet,41.4,critique
4,2,11,3.5454545454545454,0.6208203103581708,0.6906256272218838,0,0.0,82,pare_feu,34.6,élevé
3,1,4,4.5,0.8655346391161971,0.6906256272218838,0,0.0,82,serveur_web,22.8,élevé
4,1,3,4.666666666666667,0.6049943891452398,0.6906256272218838,0,0.0,82,serveur_app,17.0,moyen
5,2,2,4.5,0.691068833939652,0.6906256272218838,0,0.0,82,base_donnees,15.9,moyen
5,0,0,0.0,0.0,0.6906256272218838,0,0.0,82,donnees_sensibles,0.0,faible
4,0,0,0.0,0.0,0.6906256272218838,0,0.0,82,sauvegardes,0.0,faible
3,1,9,3.6666666666666665,0.6880940542421503,0.6906256272218838,0,0.0,82,vpn,22.1,élevé
2,1,8,3.875,0.7546921283158271,0.6906256272218838,0,0.0,82,routeur,26.7,élevé
2,3,7,4.142857142857143,0.7599055719409596,0.6906256272218838,0,0.0,82,switch,30.6,élevé
2,2,7,4.142857142857143,0.5097902193517088,0.6906256272218838,0,0.0,82,postes,24.3,élevé
4,0,0,0.0,0.0,0.6906256272218838,0,0.0,82,serveur_rh,0.0,faible
5,4,5,4.4,0.6487176590131383,0.6906256272218838,0,0.0,82,compte_admin,33.7,élevé
1,1,12,3.5833333333333335,1.0,0.6545306513614917,1,0.1111111111111111,82,internet,28.8,élevé
4,2,11,3.5454545454545454,0.46907245543788156,0.6545306513614917,1,0.1111111111111111,82,pare_feu,20.9,élevé
3,1,4,4.5,0.5193207834697182,0.6545306513614917,1,0.1111111111111111,82,serveur_web,13.7,moyen
4,1,3,4.666666666666667,0.6049943891452398,0.6545306513614917,1,0.1111111111111111,82,serveur_app,17.0,moyen
5,2,2,4.5,0.691068833939652,0.6545306513614917,1,0.1111111111111111,82,base_donnees,15.9,moyen
5,0,0,0.0,0.0,0.6545306513614917,1,0.1111111111111111,82,donnees_sensibles,0.0,faible
4,0,0,0.0,0.0,0.6545306513614917,1,0.1111111111111111,82,sauvegardes,0.0,faible
3,1,9,3.6666666666666665,0.6880940542421503,0.6545306513614917,1,0.1111111111111111,82,vpn,22.1,élevé
2,1,8,3.875,0.7546921283158271,0.6545306513614917,1,0.1111111111111111,82,routeur,26.7,élevé
2,3,7,4.142857142857143,0.7599055719409596,0.6545306513614917,1,0.1111111111111111,82,switch,30.6,élevé
2,2,7,4.142857142857143,0.5097902193517088,0.6545306513614917,1,0.1111111111111111,82,postes,24.3,élevé
4,0,0,0.0,0.0,0.6545306513614917,1,0.1111111111111111,82,serveur_rh,0.0,faible
5,4,5,4.4,0.6487176590131383,0.6545306513614917,1,0.1111111111111111,82,compte_admin,33.7,élevé
1,1,12,3.5833333333333335,1.0,0.3231323878865704,4,0.9444444444444444,82,internet,15.8,moyen
4,2,11,3.5454545454545454,0.32420205160341287,0.3231323878865704,4,0.9444444444444444,82,pare_feu,7.0,faible
3,1,4,4.5,0.2596603917348591,0.3231323878865704,4,0.9444444444444444,82,serveur_web,3.5,faible
4,1,3,4.666666666666667,0.18149831674357195,0.3231323878865704,4,0.9444444444444444,82,serveur_app,3.8,faible
5,2,2,4.5,0.3799172456565978,0.3231323878865704,4,0.9444444444444444,82,base_donnees,8.9,faible
5,0,0,0.0,0.0,0.3231323878865704,4,0.9444444444444444,82,donnees_sensibles,0.0,faible
4,0,0,0.0,0.0,0.3231323878865704,4,0.9444444444444444,82,sauvegardes,0.0,faible
3,1,9,3.6666666666666665,0.2752376216968601,0.3231323878865704,4,0.9444444444444444,82,vpn,2.8,faible
2,1,8,3.875,0.37734606415791355,0.3231323878865704,4,0.9444444444444444,82,routeur,5.0,faible
2,3,7,4.142857142857143,0.32801816333129713,0.3231323878865704,4,0.9444444444444444,82,switch,8.5,faible
2,2,7,4.142857142857143,0.19628011288298258,0.3231323878865704,4,0.9444444444444444,82,postes,4.4,faible
4,0,0,0.0,0.0,0.3231323878865704,4,0.9444444444444444,82,serveur_rh,0.0,faible
5,4,5,4.4,0.23444681933629632,0.3231323878865704,4,0.9444444444444444,82,compte_admin,10.8,moyen
1,1,12,3.8333333333333335,0.937366717981535,0.5400885441452933,1,0.4117647058823529,83,internet,19.2,moyen
5,2,11,3.727272727272727,0.5216871411407815,0.5400885441452933,1,0.4117647058823529,83,pare_feu,10.5,moyen
4,0,0,0.0,0.0,0.5400885441452933,1,0.4117647058823529,83,serveur_web,0.0,faible
3,1,3,5.0,0.6571767544109149,0.5400885441452933,1,0.4117647058823529,83,serveur_app,19.2,moyen
5,2,2,5.0,0.7860431928410794,0.5400885441452933,1,0.4117647058823529,83,base_donnees,18.7,moyen
5,0,0,0.0,0.0,0.5400885441452933,1,0.4117647058823529,83,donnees_sensibles,0.0,faible
5,0,0,0.0,0.0,0.5400885441452933,1,0.4117647058823529,83,sauvegardes,0.0,faible
2,1,9,3.888888888888889,0.2344729600285811,0.5400885441452933,1,0.4117647058823529,83,vpn,6.9,faible
2,1,8,4.125,0.7068093941385495,0.5400885441452933,1,0.4117647058823529,83,routeur,25.1,élevé
4,3,7,4.142857142857143,0.6809339236533652,0.5400885441452933,1,0.4117647058823529,83,switch,27.9,élevé
3,2,7,4.285714285714286,0.4357839637021106,0.5400885441452933,1,0.4117647058823529,83,postes,23.2,élevé
3,0,0,0.0,0.0,0.5400885441452933,1,0.4117647058823529,83,serveur_rh,0.0,faible
5,4,5,4.2,0.2789622643955916,0.5400885441452933,1,0.4117647058823529,83,compte_admin,14.7,moyen
1,1,12,3.8333333333333335,0.937366717981535,0.6892934810309711,0,0.0,83,internet,28.1,élevé
5,2,11,3.727272727272727,0.6834455109191264,0.6892934810309711,0,0.0,83,pare_feu,20.9,élevé
4,0,0,0.0,0.0,0.6892934810309711,0,0.0,83,serveur_web,0.0,faible
3,1,3,5.0,0.6571767544109149,0.6892934810309711,0,0.0,83,serveur_app,19.2,moyen
5,2,2,5.0,0.7860431928410794,0.6892934810309711,0,0.0,83,base_donnees,18.7,moyen
5,0,0,0.0,0.0,0.6892934810309711,0,0.0,83,donnees_sensibles,0.0,faible
5,0,0,0.0,0.0,0.6892934810309711,0,0.0,83,sauvegardes,0.0,faible
2,1,9,3.888888888888889,0.5861824000714527,0.6892934810309711,0,0.0,83,vpn,18.1,moyen
2,1,8,4.125,0.7068093941385495,0.6892934810309711,0,0.0,83,routeur,26.4,élevé
4,3,7,4.142857142857143,0.6809339236533652,0.6892934810309711,0,0.0,83,switch,29.8,élevé
3,2,7,4.285714285714286,0.5295260442438168,0.6892934810309711,0,0.0,83,postes,25.4,élevé
3,0,0,0.0,0.0,0.6892934810309711,0,0.0,83,serveur_rh,0.0,faible
5,4,5,4.2,0.6974056609889789,0.6892934810309711,0,0.0,83,compte_admin,36.7,critique
1,1,12,3.8333333333333335,0.937366717981535,0.6892934810309711,0,0.0,83,internet,28.1,élevé
5,2,11,3.727272727272727,0.6834455109191264,0.6892934810309711,0,0.0,83,pare_feu,20.9,élevé
4,0,0,0.0,0.0,0.6892934810309711,0,0.0,83,serveur_web,0.0,faible
3,1,3,5.0,0.6571767544109149,0.6892934810309711,0,0.0,83,serveur_app,19.2,moyen
5,2,2,5.0,0.7860431928410794,0.6892934810309711,0,0.0,83,base_donnees,18.7,moyen
5,0,0,0.0,0.0,0.6892934810309711,0,0.0,83,donnees_sensibles,0.0,faible
5,0,0,0.0,0.0,0.6892934810309711,0,0.0,83,sauvegardes,0.0,faible
2,1,9,3.888888888888889,0.5861824000714527,0.6892934810309711,0,0.0,83,vpn,18.1,moyen
2,1,8,4.125,0.7068093941385495,0.6892934810309711,0,0.0,83,routeur,26.4,élevé
4,3,7,4.142857142857143,0.6809339236533652,0.6892934810309711,0,0.0,83,switch,29.8,élevé
3,2,7,4.285714285714286,0.5295260442438168,0.6892934810309711,0,0.0,83,postes,25.4,élevé
3,0,0,0.0,0.0,0.6892934810309711,0,0.0,83,serveur_rh,0.0,faible
5,4,5,4.2,0.6974056609889789,0.6892934810309711,0,0.0,83,compte_admin,36.7,critique
1,1,12,3.8333333333333335,0.937366717981535,0.3526414756244325,3,0.8823529411764706,83,internet,18.3,moyen
5,2,11,3.727272727272727,0.5216871411407815,0.3526414756244325,3,0.8823529411764706,83,pare_feu,9.5,faible
4,0,0,0.0,0.0,0.3526414756244325,3,0.8823529411764706,83,serveur_web,0.0,faible
3,1,3,5.0,0.19715302632327447,0.3526414756244325,3,0.8823529411764706,83,serveur_app,4.2,faible
5,2,2,5.0,0.44302159642053973,0.3526414756244325,3,0.8823529411764706,83,base_donnees,10.5,moyen
5,0,0,0.0,0.0,0.3526414756244325,3,0.8823529411764706,83,donnees_sensibles,0.0,faible
5,0,0,0.0,0.0,0.3526414756244325,3,0.8823529411764706,83,sauvegardes,0.0,faible
2,1,9,3.888888888888889,0.2344729600285811,0.3526414756244325,3,0.8823529411764706,83,vpn,2.4,faible
2,1,8,4.125,0.35340469706927474,0.3526414756244325,3,0.8823529411764706,83,routeur,5.9,faible
4,3,7,4.142857142857143,0.3046314907451953,0.3526414756244325,3,0.8823529411764706,83,switch,8.1,faible
3,2,7,4.285714285714286,0.22414145388716905,0.3526414756244325,3,0.8823529411764706,83,postes,6.1,faible
3,0,0,0.0,0.0,0.3526414756244325,3,0.8823529411764706,83,serveur_rh,0.0,faible
5,4,5,4.2,0.24522820727003025,0.3526414756244325,3,0.8823529411764706,83,compte_admin,10.5,moyen
1,1,11,3.8181818181818183,1.0,0.7079753099052098,0,0.0,84,internet,40.2,critique
5,2,10,3.7,0.6250843386905799,0.7079753099052098,0,0.0,84,pare_feu,32.2,élevé
4,1,3,4.333333333333333,0.7514753377546833,0.7079753099052098,0,0.0,84,serveur_web,16.7,moyen
3,1,2,5.0,0.6826299162879853,0.7079753099052098,0,0.0,84,serveur_app,14.9,moyen
5,1,1,5.0,0.923490626186322,0.7079753099052098,0,0.0,84,base_donnees,11.0,moyen
5,0,0,0.0,0.0,0.7079753099052098,0,0.0,84,donnees_sensibles,0.0,faible
4,0,0,0.0,0.0,0.7079753099052098,0,0.0,84,sauvegardes,0.0,faible
3,1,8,3.75,0.6741816099293488,0.7079753099052098,0,0.0,84,vpn,22.8,élevé
3,1,7,3.857142857142857,0.8868844744937031,0.7079753099052098,0,0.0,84,routeur,26.9,élevé
3,3,6,4.0,0.600529333014682,0.7079753099052098,0,0.0,84,switch,23.6,élevé
1,2,6,4.333333333333333,0.5027497789600232,0.7079753099052098,0,0.0,84,postes,23.2,élevé
5,0,0,0.0,0.0,0.7079753099052098,0,0.0,84,serveur_rh,0.0,faible
5,2,3,5.0,0.8218557247904259,0.7079753099052098,0,0.0,84,compte_admin,29.2,élevé
1,1,11,3.8181818181818183,1.0,0.7079753099052098,0,0.0,84,internet,40.2,critique
5,2,10,3.7,0.6250843386905799,0.7079753099052098,0,0.0,84,pare_feu,32.2,élevé
4,1,3,4.333333333333333,0.7514753377546833,0.7079753099052098,0,0.0,84,serveur_web,16.7,moyen
3,1,2,5.0,0.6826299162879853,0.7079753099052098,0,0.0,84,serveur_app,14.9,moyen
5,1,1,5.0,0.923490626186322,0.7079753099052098,0,0.0,84,base_donnees,11.0,moyen
5,0,0,0.0,0.0,0.7079753099052098,0,0.0,84,donnees_sensibles,0.0,faible
4,0,0,0.0,0.0,0.7079753099052098,0,0.0,84,sauvegardes,0.0,faible
3,1,8,3.75,0.6741816099293488,0.7079753099052098,0,0.0,84,vpn,22.8,élevé
3,1,7,3.857142857142857,0.8868844744937031,0.7079753099052098,0,0.0,84,routeur,26.9,élevé
3,3,6,4.0,0.600529333014682,0.7079753099052098,0,0.0,84,switch,23.6,élevé
1,2,6,4.333333333333333,0.5027497789600232,0.7079753099052098,0,0.0,84,postes,23.2,élevé
5,0,0,0.0,0.0,0.7079753099052098,0,0.0,84,serveur_rh,0.0,faible
5,2,3,5.0,0.8218557247904259,0.7079753099052098,0,0.0,84,compte_admin,29.2,élevé
1,1,11,3.8181818181818183,1.0,0.7079753099052098,0,0.0,84,internet,40.2,critique
5,2,10,3.7,0.6250843386905799,0.7079753099052098,0,0.0,84,pare_feu,32.2,élevé
4,1,3,4.333333333333333,0.7514753377546833,0.7079753099052098,0,0.0,84,serveur_web,16.7,moyen
3,1,2,5.0,0.6826299162879853,0.7079753099052098,0,0.0,84,serveur_app,14.9,moyen
5,1,1,5.0,0.923490626186322,0.7079753099052098,0,0.0,84,base_donnees,11.0,moyen
5,0,0,0.0,0.0,0.7079753099052098,0,0.0,84,donnees_sensibles,0.0,faible
4,0,0,0.0,0.0,0.7079753099052098,0,0.0,84,sauvegardes,0.0,faible
3,1,8,3.75,0.6741816099293488,0.7079753099052098,0,0.0,84,vpn,22.8,élevé
3,1,7,3.857142857142857,0.8868844744937031,0.7079753099052098,0,0.0,84,routeur,26.9,élevé
3,3,6,4.0,0.600529333014682,0.7079753099052098,0,0.0,84,switch,23.6,élevé
1,2,6,4.333333333333333,0.5027497789600232,0.7079753099052098,0,0.0,84,postes,23.2,élevé
5,0,0,0.0,0.0,0.7079753099052098,0,0.0,84,serveur_rh,0.0,faible
5,2,3,5.0,0.8218557247904259,0.7079753099052098,0,0.0,84,compte_admin,29.2,élevé
1,1,11,3.8181818181818183,1.0,0.39258615397311863,3,0.8666666666666667,84,internet,18.5,moyen
5,2,10,3.7,0.3361034722599854,0.39258615397311863,3,0.8666666666666667,84,pare_feu,8.3,faible
4,1,3,4.333333333333333,0.22544260132640498,0.39258615397311863,3,0.8666666666666667,84,serveur_web,3.3,faible
3,1,2,5.0,0.34131495814399265,0.39258615397311863,3,0.8666666666666667,84,serveur_app,7.5,faible
5,1,1,5.0,0.923490626186322,0.39258615397311863,3,0.8666666666666667,84,base_donnees,11.0,moyen
5,0,0,0.0,0.0,0.39258615397311863,3,0.8666666666666667,84,donnees_sensibles,0.0,faible
4,0,0,0.0,0.0,0.39258615397311863,3,0.8666666666666667,84,sauvegardes,0.0,faible
3,1,8,3.75,0.26967264397173957,0.39258615397311863,3,0.8666666666666667,84,vpn,3.7,faible
3,1,7,3.857142857142857,0.44344223724685156,0.39258615397311863,3,0.8666666666666667,84,routeur,6.9,faible
3,3,6,4.0,0.300264666507341,0.39258615397311863,3,0.8666666666666667,84,switch,8.7,faible
1,2,6,4.333333333333333,0.2274718594235674,0.39258615397311863,3,0.8666666666666667,84,postes,6.5,faible
5,0,0,0.0,0.0,0.39258615397311863,3,0.8666666666666667,84,serveur_rh,0.0,faible
5,2,3,5.0,0.3287422899161704,0.39258615397311863,3,0.8666666666666667,84,compte_admin,11.7,moyen
1,1,12,3.6666666666666665,0.7732139380035673,0.3229388228649633,4,0.9444444444444444,85,internet,13.2,moyen
5,2,11,3.5454545454545454,0.29799675003920023,0.3229388228649633,4,0.9444444444444444,85,pare_feu,6.2,faible
3,1,4,4.0,0.15433125799724515,0.3229388228649633,4,0.9444444444444444,85,serveur_web,1.8,faible
3,1,3,4.333333333333333,0.27039809315838886,0.3229388228649633,4,0.9444444444444444,85,serveur_app,4.7,faible
4,2,2,4.5,0.36263251997831203,0.3229388228649633,4,0.9444444444444444,85,base_donnees,8.1,faible
5,0,0,0.0,0.0,0.3229388228649633,4,0.9444444444444444,85,donnees_sensibles,0.0,faible
4,0,0,0.0,0.0,0.3229388228649633,4,0.9444444444444444,85,sauvegardes,0.0,faible
3,1,9,3.6666666666666665,0.35970668309286213,0.3229388228649633,4,0.9444444444444444,85,vpn,5.9,faible
4,1,8,3.625,0.5,0.3229388228649633,4,0.9444444444444444,85,routeur,6.9,faible
2,3,7,3.857142857142857,0.327854447079093,0.3229388228649633,4,0.9444444444444444,85,switch,8.5,faible
3,2,7,3.7142857142857144,0.17159471936333864,0.3229388228649633,4,0.9444444444444444,85,postes,3.7,faible
3,0,0,0.0,0.0,0.3229388228649633,4,0.9444444444444444,85,serveur_rh,0.0,faible
5,4,5,3.8,0.27680937982957377,0.3229388228649633,4,0.9444444444444444,85,compte_admin,10.1,moyen
1,1,12,3.6666666666666665,0.7732139380035673,0.3892164448146327,2,0.8333333333333334,85,internet,16.4,moyen
5,2,11,3.5454545454545454,0.4416007686275425,0.3892164448146327,2,0.8333333333333334,85,pare_feu,10.8,moyen
3,1,4,4.0,0.25721876332874194,0.3892164448146327,2,0.8333333333333334,85,serveur_web,4.2,faible
3,1,3,4.333333333333333,0.4506634885973148,0.3892164448146327,2,0.8333333333333334,85,serveur_app,9.3,faible
4,2,2,4.5,0.49810085203229826,0.3892164448146327,2,0.8333333333333334,85,base_donnees,11.4,moyen
5,0,0,0.0,0.0,0.3892164448146327,2,0.8333333333333334,85,donnees_sensibles,0.0,faible
4,0,0,0.0,0.0,0.3892164448146327,2,0.8333333333333334,85,sauvegardes,0.0,faible
3,1,9,3.6666666666666665,0.35970668309286213,0.3892164448146327,2,0.8333333333333334,85,vpn,6.4,faible
4,1,8,3.625,0.5,0.3892164448146327,2,0.8333333333333334,85,routeur,8.3,faible
2,3,7,3.857142857142857,0.3864800640539631,0.3892164448146327,2,0.8333333333333334,85,switch,11.2,moyen
3,2,7,3.7142857142857144,0.20355134875775133,0.3892164448146327,2,0.8333333333333334,85,postes,5.4,faible
3,0,0,0.0,0.0,0.3892164448146327,2,0.8333333333333334,85,serveur_rh,0.0,faible
5,4,5,3.8,0.3047867506609572,0.3892164448146327,2,0.8333333333333334,85,compte_admin,12.8,moyen
1,1,12,3.6666666666666665,0.7732139380035673,0.6317970804723161,1,0.2777777777777778,85,internet,27.2,élevé
5,2,11,3.5454545454545454,0.5654868518625727,0.6317970804723161,1,0.2777777777777778,85,pare_feu,26.2,élevé
3,1,4,4.0,0.5144375266574839,0.6317970804723161,1,0.2777777777777778,85,serveur_web,9.3,faible
3,1,3,4.333333333333333,0.5407961863167777,0.6317970804723161,1,0.2777777777777778,85,serveur_app,11.1,moyen
4,2,2,4.5,0.5220625418756448,0.6317970804723161,1,0.2777777777777778,85,base_donnees,11.2,moyen
5,0,0,0.0,0.0,0.6317970804723161,1,0.2777777777777778,85,donnees_sensibles,0.0,faible
4,0,0,0.0,0.0,0.6317970804723161,1,0.2777777777777778,85,sauvegardes,0.0,faible
3,1,9,3.6666666666666665,0.8992667077321553,0.6317970804723161,1,0.2777777777777778,85,vpn,32.9,élevé
4,1,8,3.625,1.0,0.6317970804723161,1,0.2777777777777778,85,routeur,27.7,élevé
2,3,7,3.857142857142857,0.655708894158186,0.6317970804723161,1,0.2777777777777778,85,switch,21.7,élevé
3,2,7,3.7142857142857144,0.3671569107724868,0.6317970804723161,1,0.2777777777777778,85,postes,12.0,moyen
3,0,0,0.0,0.0,0.6317970804723161,1,0.2777777777777778,85,serveur_rh,0.0,faible
5,4,5,3.8,0.6920234495739345,0.6317970804723161,1,0.2777777777777778,85,compte_admin,27.0,élevé
1,1,12,3.6666666666666665,0.7732139380035673,0.3892164448146327,2,0.8333333333333334,85,internet,16.4,moyen
5,2,11,3.5454545454545454,0.4416007686275425,0.3892164448146327,2,0.8333333333333334,85,pare_feu,10.8,moyen
3,1,4,4.0,0.25721876332874194,0.3892164448146327,2,0.8333333333333334,85,serveur_web,4.2,faible
3,1,3,4.333333333333333,0.4506634885973148,0.3892164448146327,2,0.8333333333333334,85,serveur_app,9.3,faible
4,2,2,4.5,0.49810085203229826,0.3892164448146327,2,0.8333333333333334,85,base_donnees,11.4,moyen
5,0,0,0.0,0.0,0.3892164448146327,2,0.8333333333333334,85,donnees_sensibles,0.0,faible
4,0,0,0.0,0.0,0.3892164448146327,2,0.8333333333333334,85,sauvegardes,0.0,faible
3,1,9,3.6666666666666665,0.35970668309286213,0.3892164448146327,2,0.8333333333333334,85,vpn,6.4,faible
4,1,8,3.625,0.5,0.3892164448146327,2,0.8333333333333334,85,routeur,8.3,faible
2,3,7,3.857142857142857,0.3864800640539631,0.3892164448146327,2,0.8333333333333334,85,switch,11.2,moyen
3,2,7,3.7142857142857144,0.20355134875775133,0.3892164448146327,2,0.8333333333333334,85,postes,5.4,faible
3,0,0,0.0,0.0,0.3892164448146327,2,0.8333333333333334,85,serveur_rh,0.0,faible
5,4,5,3.8,0.3047867506609572,0.3892164448146327,2,0.8333333333333334,85,compte_admin,12.8,moyen
1,1,12,3.5833333333333335,1.0,0.4090408826017392,3,0.8823529411764706,86,internet,15.2,moyen
4,2,11,3.5454545454545454,0.36085885493672704,0.4090408826017392,3,0.8823529411764706,86,pare_feu,6.4,faible
2,1,4,4.5,0.1892238164713325,0.4090408826017392,3,0.8823529411764706,86,serveur_web,3.1,faible
3,1,3,5.0,0.331930143720179,0.4090408826017392,3,0.8823529411764706,86,serveur_app,9.5,faible
5,2,2,5.0,0.6702467738914325,0.4090408826017392,3,0.8823529411764706,86,base_donnees,17.2,moyen
5,0,0,0.0,0.0,0.4090408826017392,3,0.8823529411764706,86,donnees_sensibles,0.0,faible
5,0,0,0.0,0.0,0.4090408826017392,3,0.8823529411764706,86,sauvegardes,0.0,faible
2,1,9,3.888888888888889,0.32689001133735435,0.4090408826017392,3,0.8823529411764706,86,vpn,5.3,faible
3,1,8,4.0,0.5,0.4090408826017392,3,0.8823529411764706,86,routeur,9.1,faible
3,3,7,4.142857142857143,0.3760982553716175,0.4090408826017392,3,0.8823529411764706,86,switch,11.0,moyen
2,1,6,4.5,0.1721450413710641,0.4090408826017392,3,0.8823529411764706,86,postes,4.9,faible
4,0,0,0.0,0.0,0.4090408826017392,3,0.8823529411764706,86,serveur_rh,0.0,faible
5,4,5,4.4,0.3107499918896162,0.4090408826017392,3,0.8823529411764706,86,compte_admin,17.9,moyen
1,1,12,3.5833333333333335,1.0,0.584548119614828,2,0.47058823529411764,86,internet,24.1,élevé
4,2,11,3.5454545454545454,0.5461441043478197,0.584548119614828,2,0.47058823529411764,86,pare_feu,16.0,moyen
2,1,4,4.5,0.1892238164713325,0.584548119614828,2,0.47058823529411764,86,serveur_web,3.1,faible
3,1,3,5.0,0.331930143720179,0.584548119614828,2,0.47058823529411764,86,serveur_app,9.5,faible
5,2,2,5.0,0.6702467738914325,0.584548119614828,2,0.47058823529411764,86,base_donnees,17.2,moyen
5,0,0,0.0,0.0,0.584548119614828,2,0.47058823529411764,86,donnees_sensibles,0.0,faible
5,0,0,0.0,0.0,0.584548119614828,2,0.47058823529411764,86,sauvegardes,0.0,faible
2,1,9,3.888888888888889,0.8172250283433858,0.584548119614828,2,0.47058823529411764,86,vpn,15.6,moyen
3,1,8,4.0,0.5,0.584548119614828,2,0.47058823529411764,86,routeur,12.3,moyen
3,3,7,4.142857142857143,0.3760982553716175,0.584548119614828,2,0.47058823529411764,86,switch,17.3,moyen
2,1,6,4.5,0.4303626034276602,0.584548119614828,2,0.47058823529411764,86,postes,23.0,élevé
4,0,0,0.0,0.0,0.584548119614828,2,0.47058823529411764,86,serveur_rh,0.0,faible
5,4,5,4.4,0.7768749797240405,0.584548119614828,2,0.47058823529411764,86,compte_admin,44.8,critique
1,1,12,3.5833333333333335,1.0,0.6741849907056497,1,0.29411764705882354,86,internet,38.0,critique
4,2,11,3.5454545454545454,0.7043676745673744,0.6741849907056497,1,0.29411764705882354,86,pare_feu,30.9,élevé
2,1,4,4.5,0.6307460549044417,0.6741849907056497,1,0.29411764705882354,86,serveur_web,11.3,moyen
3,1,3,5.0,0.39831617246421475,0.6741849907056497,1,0.29411764705882354,86,serveur_app,11.1,moyen
5,2,2,5.0,0.6404935477828649,0.6741849907056497,1,0.29411764705882354,86,base_donnees,16.4,moyen
5,0,0,0.0,0.0,0.6741849907056497,1,0.29411764705882354,86,donnees_sensibles,0.0,faible
5,0,0,0.0,0.0,0.6741849907056497,1,0.29411764705882354,86,sauvegardes,0.0,faible
2,1,9,3.888888888888889,0.8172250283433858,0.6741849907056497,1,0.29411764705882354,86,vpn,28.6,élevé
3,1,8,4.0,1.0,0.6741849907056497,1,0.29411764705882354,86,routeur,28.5,élevé
3,3,7,4.142857142857143,0.6325648330335084,0.6741849907056497,1,0.29411764705882354,86,switch,21.2,élevé
2,1,6,4.5,0.25821756205659613,0.6741849907056497,1,0.29411764705882354,86,postes,11.1,moyen
4,0,0,0.0,0.0,0.6741849907056497,1,0.29411764705882354,86,serveur_rh,0.0,faible
5,4,5,4.4,0.6923057701066005,0.6741849907056497,1,0.29411764705882354,86,compte_admin,33.5,élevé
1,1,12,3.5833333333333335,1.0,0.5889636965129225,1,0.4117647058823529,86,internet,30.3,élevé
4,2,11,3.5454545454545454,0.5190824251562817,0.5889636965129225,1,0.4117647058823529,86,pare_feu,22.5,élevé
2,1,4,4.5,0.6307460549044417,0.5889636965129225,1,0.4117647058823529,86,serveur_web,17.9,moyen
3,1,3,5.0,0.663860287440358,0.5889636965129225,1,0.4117647058823529,86,serveur_app,21.7,élevé
5,2,2,5.0,0.840493547782865,0.5889636965129225,1,0.4117647058823529,86,base_donnees,21.6,élevé
5,0,0,0.0,0.0,0.5889636965129225,1,0.4117647058823529,86,donnees_sensibles,0.0,faible
5,0,0,0.0,0.0,0.5889636965129225,1,0.4117647058823529,86,sauvegardes,0.0,faible
2,1,9,3.888888888888889,0.32689001133735435,0.5889636965129225,1,0.4117647058823529,86,vpn,13.0,moyen
3,1,8,4.0,1.0,0.5889636965129225,1,0.4117647058823529,86,routeur,33.5,élevé
3,3,7,4.142857142857143,0.752196510743235,0.5889636965129225,1,0.4117647058823529,86,switch,26.2,élevé
2,1,6,4.5,0.1721450413710641,0.5889636965129225,1,0.4117647058823529,86,postes,4.9,faible
4,0,0,0.0,0.0,0.5889636965129225,1,0.4117647058823529,86,serveur_rh,0.0,faible
5,4,5,4.4,0.3107499918896162,0.5889636965129225,1,0.4117647058823529,86,compte_admin,17.9,moyen
1,1,11,3.6363636363636362,1.0,0.6221412526345175,1,0.25,87,internet,31.1,élevé
3,2,10,3.7,0.6949075734673296,0.6221412526345175,1,0.25,87,pare_feu,25.4,élevé
3,1,3,4.333333333333333,0.6829347324578988,0.6221412526345175,1,0.25,87,serveur_web,10.7,moyen
3,1,2,5.0,0.42563090805106363,0.6221412526345175,1,0.25,87,serveur_app,8.5,faible
5,1,1,5.0,0.667338839063977,0.6221412526345175,1,0.25,87,base_donnees,8.3,faible
4,0,0,0.0,0.0,0.6221412526345175,1,0.25,87,donnees_sensibles,0.0,faible
5,0,0,0.0,0.0,0.6221412526345175,1,0.25,87,sauvegardes,0.0,faible
3,1,8,3.875,0.6017964279650083,0.6221412526345175,1,0.25,87,vpn,16.2,moyen
3,1,7,4.0,0.654915475813117,0.6221412526345175,1,0.25,87,routeur,19.8,moyen
3,3,6,4.166666666666667,0.6810124228017869,0.6221412526345175,1,0.25,87,switch,23.2,élevé
3,2,6,4.166666666666667,0.40039420520559255,0.6221412526345175,1,0.25,87,postes,15.2,moyen
4,0,0,0.0,0.0,0.6221412526345175,1,0.25,87,serveur_rh,0.0,faible
5,3,3,4.333333333333333,0.5626676110166698,0.6221412526345175,1,0.25,87,compte_admin,17.5,moyen
1,1,11,3.6363636363636362,1.0,0.3220630610361884,4,0.9375,87,internet,13.6,moyen
3,2,10,3.7,0.3779630293869318,0.3220630610361884,4,0.9375,87,pare_feu,7.1,faible
3,1,3,4.333333333333333,0.20488041973736965,0.3220630610361884,4,0.9375,87,serveur_web,2.2,faible
3,1,2,5.0,0.21281545402553181,0.3220630610361884,4,0.9375,87,serveur_app,3.4,faible
5,1,1,5.0,0.3336694195319885,0.3220630610361884,4,0.9375,87,base_donnees,4.2,faible
4,0,0,0.0,0.0,0.3220630610361884,4,0.9375,87,donnees_sensibles,0.0,faible
5,0,0,0.0,0.0,0.3220630610361884,4,0.9375,87,sauvegardes,0.0,faible
3,1,8,3.875,0.24071857118600334,0.3220630610361884,4,0.9375,87,vpn,3.0,faible
3,1,7,4.0,0.3274577379065585,0.3220630610361884,4,0.9375,87,routeur,5.4,faible
3,3,6,4.166666666666667,0.34050621140089343,0.3220630610361884,4,0.9375,87,switch,9.3,faible
3,2,6,4.166666666666667,0.19041077399750736,0.3220630610361884,4,0.9375,87,postes,4.8,faible
4,0,0,0.0,0.0,0.3220630610361884,4,0.9375,87,serveur_rh,0.0,faible
5,3,3,4.333333333333333,0.22506704440666794,0.3220630610361884,4,0.9375,87,compte_admin,7.0,faible
1,1,11,3.6363636363636362,1.0,0.3220630610361884,4,0.9375,87,internet,13.6,moyen
3,2,10,3.7,0.3779630293869318,0.3220630610361884,4,0.9375,87,pare_feu,7.1,faible
3,1,3,4.333333333333333,0.20488041973736965,0.3220630610361884,4,0.9375,87,serveur_web,2.2,faible
3,1,2,5.0,0.21281545402553181,0.3220630610361884,4,0.9375,87,serveur_app,3.4,faible
5,1,1,5.0,0.3336694195319885,0.3220630610361884,4,0.9375,87,base_donnees,4.2,faible
4,0,0,0.0,0.0,0.3220630610361884,4,0.9375,87,donnees_sensibles,0.0,faible
5,0,0,0.0,0.0,0.3220630610361884,4,0.9375,87,sauvegardes,0.0,faible
3,1,8,3.875,0.24071857118600334,0.3220630610361884,4,0.9375,87,vpn,3.0,faible
3,1,7,4.0,0.3274577379065585,0.3220630610361884,4,0.9375,87,routeur,5.4,faible
3,3,6,4.166666666666667,0.34050621140089343,0.3220630610361884,4,0.9375,87,switch,9.3,faible
3,2,6,4.166666666666667,0.19041077399750736,0.3220630610361884,4,0.9375,87,postes,4.8,faible
4,0,0,0.0,0.0,0.3220630610361884,4,0.9375,87,serveur_rh,0.0,faible
5,3,3,4.333333333333333,0.22506704440666794,0.3220630610361884,4,0.9375,87,compte_admin,7.0,faible
1,1,11,3.6363636363636362,1.0,0.3220630610361884,4,0.9375,87,internet,13.6,moyen
3,2,10,3.7,0.3779630293869318,0.3220630610361884,4,0.9375,87,pare_feu,7.1,faible
3,1,3,4.333333333333333,0.20488041973736965,0.3220630610361884,4,0.9375,87,serveur_web,2.2,faible
3,1,2,5.0,0.21281545402553181,0.3220630610361884,4,0.9375,87,serveur_app,3.4,faible
5,1,1,5.0,0.3336694195319885,0.3220630610361884,4,0.9375,87,base_donnees,4.2,faible
4,0,0,0.0,0.0,0.3220630610361884,4,0.9375,87,donnees_sensibles,0.0,faible
5,0,0,0.0,0.0,0.3220630610361884,4,0.9375,87,sauvegardes,0.0,faible
3,1,8,3.875,0.24071857118600334,0.3220630610361884,4,0.9375,87,vpn,3.0,faible
3,1,7,4.0,0.3274577379065585,0.3220630610361884,4,0.9375,87,routeur,5.4,faible
3,3,6,4.166666666666667,0.34050621140089343,0.3220630610361884,4,0.9375,87,switch,9.3,faible
3,2,6,4.166666666666667,0.19041077399750736,0.3220630610361884,4,0.9375,87,postes,4.8,faible
4,0,0,0.0,0.0,0.3220630610361884,4,0.9375,87,serveur_rh,0.0,faible
5,3,3,4.333333333333333,0.22506704440666794,0.3220630610361884,4,0.9375,87,compte_admin,7.0,faible
1,1,12,3.6666666666666665,1.0,0.7138699922748856,0,0.0,88,internet,48.3,critique
3,2,11,3.727272727272727,0.7620611470390078,0.7138699922748856,0,0.0,88,pare_feu,43.4,critique
4,1,4,3.75,0.6855920524781308,0.7138699922748856,0,0.0,88,serveur_web,19.5,moyen
3,1,3,4.0,0.8313974274470449,0.7138699922748856,0,0.0,88,serveur_app,20.6,élevé
4,2,2,4.0,0.7746405299176005,0.7138699922748856,0,0.0,88,base_donnees,15.6,moyen
5,0,0,0.0,0.0,0.7138699922748856,0,0.0,88,donnees_sensibles,0.0,faible
3,0,0,0.0,0.0,0.7138699922748856,0,0.0,88,sauvegardes,0.0,faible
2,1,9,3.888888888888889,0.7833903508325073,0.7138699922748856,0,0.0,88,vpn,31.9,élevé
4,1,8,3.875,0.7508490051151044,0.7138699922748856,0,0.0,88,routeur,32.9,élevé
4,3,7,3.857142857142857,0.7224584061291197,0.7138699922748856,0,0.0,88,switch,34.1,élevé
2,2,7,4.142857142857143,0.4744162646829695,0.7138699922748856,0,0.0,88,postes,25.1,élevé
5,0,0,0.0,0.0,0.7138699922748856,0,0.0,88,serveur_rh,0.0,faible
5,4,5,4.0,0.6522049808521593,0.7138699922748856,0,0.0,88,compte_admin,33.2,élevé
1,1,12,3.6666666666666665,1.0,0.40859245062078825,2,0.8333333333333334,88,internet,22.0,élevé
3,2,11,3.727272727272727,0.56942977703809,0.40859245062078825,2,0.8333333333333334,88,pare_feu,15.9,moyen
4,1,4,3.75,0.3427960262390654,0.40859245062078825,2,0.8333333333333334,88,serveur_web,5.8,faible
3,1,3,4.0,0.41569871372352246,0.40859245062078825,2,0.8333333333333334,88,serveur_app,9.3,faible
4,2,2,4.0,0.6080375121851167,0.40859245062078825,2,0.8333333333333334,88,base_donnees,13.2,moyen
5,0,0,0.0,0.0,0.40859245062078825,2,0.8333333333333334,88,donnees_sensibles,0.0,faible
3,0,0,0.0,0.0,0.40859245062078825,2,0.8333333333333334,88,sauvegardes,0.0,faible
2,1,9,3.888888888888889,0.31335614033300296,0.40859245062078825,2,0.8333333333333334,88,vpn,5.4,faible
4,1,8,3.875,0.3754245025575522,0.40859245062078825,2,0.8333333333333334,88,routeur,8.2,faible
4,3,7,3.857142857142857,0.36122920306455986,0.40859245062078825,2,0.8333333333333334,88,switch,12.1,moyen
2,2,7,4.142857142857143,0.212619285658749,0.40859245062078825,2,0.8333333333333334,88,postes,7.2,faible
5,0,0,0.0,0.0,0.40859245062078825,2,0.8333333333333334,88,serveur_rh,0.0,faible
5,4,5,4.0,0.2608819923408637,0.40859245062078825,2,0.8333333333333334,88,compte_admin,13.3,moyen
1,1,12,3.6666666666666665,1.0,0.3343945612837953,4,0.9444444444444444,88,internet,15.2,moyen
3,2,11,3.727272727272727,0.39302623155643207,0.3343945612837953,4,0.9444444444444444,88,pare_feu,8.7,faible
4,1,4,3.75,0.20567761574343923,0.3343945612837953,4,0.9444444444444444,88,serveur_web,2.5,faible
3,1,3,4.0,0.24941922823411347,0.3343945612837953,4,0.9444444444444444,88,serveur_app,4.5,faible
4,2,2,4.0,0.4314637144040635,0.3343945612837953,4,0.9444444444444444,88,base_donnees,8.9,faible
5,0,0,0.0,0.0,0.3343945612837953,4,0.9444444444444444,88,donnees_sensibles,0.0,faible
3,0,0,0.0,0.0,0.3343945612837953,4,0.9444444444444444,88,sauvegardes,0.0,faible
2,1,9,3.888888888888889,0.31335614033300296,0.3343945612837953,4,0.9444444444444444,88,vpn,5.0,faible
4,1,8,3.875,0.3754245025575522,0.3343945612837953,4,0.9444444444444444,88,routeur,6.9,faible
4,3,7,3.857142857142857,0.31758438268384814,0.3343945612837953,4,0.9444444444444444,88,switch,8.7,faible
2,2,7,4.142857142857143,0.1732771309663717,0.3343945612837953,4,0.9444444444444444,88,postes,5.0,faible
5,0,0,0.0,0.0,0.3343945612837953,4,0.9444444444444444,88,serveur_rh,0.0,faible
5,4,5,4.0,0.2317343285837323,0.3343945612837953,4,0.9444444444444444,88,compte_admin,10.0,moyen
1,1,12,3.6666666666666665,1.0,0.3343945612837953,4,0.9444444444444444,88,internet,15.2,moyen
3,2,11,3.727272727272727,0.39302623155643207,0.3343945612837953,4,0.9444444444444444,88,pare_feu,8.7,faible
4,1,4,3.75,0.20567761574343923,0.3343945612837953,4,0.9444444444444444,88,serveur_web,2.5,faible
3,1,3,4.0,0.24941922823411347,0.3343945612837953,4,0.9444444444444444,88,serveur_app,4.5,faible
4,2,2,4.0,0.4314637144040635,0.3343945612837953,4,0.9444444444444444,88,base_donnees,8.9,faible
5,0,0,0.0,0.0,0.3343945612837953,4,0.9444444444444444,88,donnees_sensibles,0.0,faible
3,0,0,0.0,0.0,0.3343945612837953,4,0.9444444444444444,88,sauvegardes,0.0,faible
2,1,9,3.888888888888889,0.31335614033300296,0.3343945612837953,4,0.9444444444444444,88,vpn,5.0,faible
4,1,8,3.875,0.3754245025575522,0.3343945612837953,4,0.9444444444444444,88,routeur,6.9,faible
4,3,7,3.857142857142857,0.31758438268384814,0.3343945612837953,4,0.9444444444444444,88,switch,8.7,faible
2,2,7,4.142857142857143,0.1732771309663717,0.3343945612837953,4,0.9444444444444444,88,postes,5.0,faible
5,0,0,0.0,0.0,0.3343945612837953,4,0.9444444444444444,88,serveur_rh,0.0,faible
5,4,5,4.0,0.2317343285837323,0.3343945612837953,4,0.9444444444444444,88,compte_admin,10.0,moyen
2,1,12,3.5833333333333335,0.7585923455149965,0.6416042028690653,1,0.2777777777777778,89,internet,27.2,élevé
3,2,11,3.6363636363636362,0.6186674508878867,0.6416042028690653,1,0.2777777777777778,89,pare_feu,29.5,élevé
3,1,4,4.5,0.7404902743098453,0.6416042028690653,1,0.2777777777777778,89,serveur_web,12.9,moyen
4,1,3,4.666666666666667,0.37650687721790643,0.6416042028690653,1,0.2777777777777778,89,serveur_app,8.2,faible
5,2,2,4.5,0.4339651326415942,0.6416042028690653,1,0.2777777777777778,89,base_donnees,9.7,faible
5,0,0,0.0,0.0,0.6416042028690653,1,0.2777777777777778,89,donnees_sensibles,0.0,faible
4,0,0,0.0,0.0,0.6416042028690653,1,0.2777777777777778,89,sauvegardes,0.0,faible
3,1,9,3.7777777777777777,0.9223944853644354,0.6416042028690653,1,0.2777777777777778,89,vpn,29.1,élevé
3,1,8,3.875,1.0,0.6416042028690653,1,0.2777777777777778,89,routeur,24.5,élevé
2,3,7,4.142857142857143,0.5784762924735046,0.6416042028690653,1,0.2777777777777778,89,switch,19.2,moyen
3,2,7,4.0,0.40745724235337555,0.6416042028690653,1,0.2777777777777778,89,postes,13.6,moyen
3,0,0,0.0,0.0,0.6416042028690653,1,0.2777777777777778,89,serveur_rh,0.0,faible
5,4,5,4.2,0.7738207850124412,0.6416042028690653,1,0.2777777777777778,89,compte_admin,33.6,élevé
2,1,12,3.5833333333333335,0.7585923455149965,0.7169639506855368,0,0.0,89,internet,31.3,élevé
3,2,11,3.6363636363636362,0.6186674508878867,0.7169639506855368,0,0.0,89,pare_feu,35.1,critique
3,1,4,4.5,0.7404902743098453,0.7169639506855368,0,0.0,89,serveur_web,18.3,moyen
4,1,3,4.666666666666667,0.6275114620298441,0.7169639506855368,0,0.0,89,serveur_app,15.6,moyen
5,2,2,4.5,0.5666052125703617,0.7169639506855368,0,0.0,89,base_donnees,13.0,moyen
5,0,0,0.0,0.0,0.7169639506855368,0,0.0,89,donnees_sensibles,0.0,faible
4,0,0,0.0,0.0,0.7169639506855368,0,0.0,89,sauvegardes,0.0,faible
3,1,9,3.7777777777777777,0.9223944853644354,0.7169639506855368,0,0.0,89,vpn,36.7,critique
3,1,8,3.875,1.0,0.7169639506855368,0,0.0,89,routeur,32.6,élevé
2,3,7,4.142857142857143,0.6782816671184312,0.7169639506855368,0,0.0,89,switch,27.2,élevé
3,2,7,4.0,0.47784453839949304,0.7169639506855368,0,0.0,89,postes,23.2,élevé
3,0,0,0.0,0.0,0.7169639506855368,0,0.0,89,serveur_rh,0.0,faible
5,4,5,4.2,0.8738207850124413,0.7169639506855368,0,0.0,89,compte_admin,43.9,critique
2,1,12,3.5833333333333335,0.7585923455149965,0.5081420570901598,2,0.5,89,internet,13.6,moyen
3,2,11,3.6363636363636362,0.31825269508489884,0.5081420570901598,2,0.5,89,pare_feu,11.2,moyen
3,1,4,4.5,0.44429416458590715,0.5081420570901598,2,0.5,89,serveur_web,11.0,moyen
4,1,3,4.666666666666667,0.6275114620298441,0.5081420570901598,2,0.5,89,serveur_app,15.6,moyen
5,2,2,4.5,0.5666052125703617,0.5081420570901598,2,0.5,89,base_donnees,13.0,moyen
5,0,0,0.0,0.0,0.5081420570901598,2,0.5,89,donnees_sensibles,0.0,faible
4,0,0,0.0,0.0,0.5081420570901598,2,0.5,89,sauvegardes,0.0,faible
3,1,9,3.7777777777777777,0.3689577941457742,0.5081420570901598,2,0.5,89,vpn,13.0,moyen
3,1,8,3.875,1.0,0.5081420570901598,2,0.5,89,routeur,28.0,élevé
2,3,7,4.142857142857143,0.6782816671184312,0.5081420570901598,2,0.5,89,switch,22.7,élevé
3,2,7,4.0,0.37226359433031686,0.5081420570901598,2,0.5,89,postes,13.9,moyen
3,0,0,0.0,0.0,0.5081420570901598,2,0.5,89,serveur_rh,0.0,faible
5,4,5,4.2,0.3495283140049765,0.5081420570901598,2,0.5,89,compte_admin,17.6,moyen
2,1,12,3.5833333333333335,0.7585923455149965,0.3221972250853847,4,0.9444444444444444,89,internet,10.3,moyen
3,2,11,3.6363636363636362,0.31825269508489884,0.3221972250853847,4,0.9444444444444444,89,pare_feu,6.7,faible
3,1,4,4.5,0.22214708229295357,0.3221972250853847,4,0.9444444444444444,89,serveur_web,2.9,faible
4,1,3,4.666666666666667,0.18825343860895322,0.3221972250853847,4,0.9444444444444444,89,serveur_app,3.6,faible
5,2,2,4.5,0.31646262626737265,0.3221972250853847,4,0.9444444444444444,89,base_donnees,7.3,faible
5,0,0,0.0,0.0,0.3221972250853847,4,0.9444444444444444,89,donnees_sensibles,0.0,faible
4,0,0,0.0,0.0,0.3221972250853847,4,0.9444444444444444,89,sauvegardes,0.0,faible
3,1,9,3.7777777777777777,0.3689577941457742,0.3221972250853847,4,0.9444444444444444,89,vpn,5.0,faible
3,1,8,3.875,0.5,0.3221972250853847,4,0.9444444444444444,89,routeur,6.3,faible
2,3,7,4.142857142857143,0.2892381462367523,0.3221972250853847,4,0.9444444444444444,89,switch,7.7,faible
3,2,7,4.0,0.19317052676977015,0.3221972250853847,4,0.9444444444444444,89,postes,4.1,faible
3,0,0,0.0,0.0,0.3221972250853847,4,0.9444444444444444,89,serveur_rh,0.0,faible
5,4,5,4.2,0.3095283140049765,0.3221972250853847,4,0.9444444444444444,89,compte_admin,13.4,moyen
1,1,12,4.166666666666667,1.0,0.7199446886275523,0,0.0,90,internet,44.8,critique
5,2,11,4.090909090909091,0.6860468724931335,0.7199446886275523,0,0.0,90,pare_feu,37.8,critique
4,1,4,4.75,0.49487315602699894,0.7199446886275523,0,0.0,90,serveur_web,11.3,moyen
4,1,3,5.0,0.5504782723111098,0.7199446886275523,0,0.0,90,serveur_app,14.4,moyen
5,2,2,5.0,0.7270798423376523,0.7199446886275523,0,0.0,90,base_donnees,15.8,moyen
5,0,0,0.0,0.0,0.7199446886275523,0,0.0,90,donnees_sensibles,0.0,faible
5,0,0,0.0,0.0,0.7199446886275523,0,0.0,90,sauvegardes,0.0,faible
4,1,9,4.111111111111111,0.9468519750208455,0.7199446886275523,0,0.0,90,vpn,40.4,critique
3,1,8,4.25,1.0,0.7199446886275523,0,0.0,90,routeur,35.5,critique
3,3,7,4.428571428571429,0.7589556861146489,0.7199446886275523,0,0.0,90,switch,29.3,élevé
3,1,6,4.666666666666667,0.3341778204186994,0.7199446886275523,0,0.0,90,postes,15.5,moyen
4,0,0,0.0,0.0,0.7199446886275523,0,0.0,90,serveur_rh,0.0,faible
5,4,5,4.6,0.7023894987213047,0.7199446886275523,0,0.0,90,compte_admin,37.5,critique
1,1,12,4.166666666666667,1.0,0.33996484342561734,4,0.9411764705882353,90,internet,17.4,moyen
5,2,11,4.090909090909091,0.35044605274810237,0.33996484342561734,4,0.9411764705882353,90,pare_feu,8.1,faible
4,1,4,4.75,0.14846194680809968,0.33996484342561734,4,0.9411764705882353,90,serveur_web,1.7,faible
4,1,3,5.0,0.16514348169333293,0.33996484342561734,4,0.9411764705882353,90,serveur_app,3.2,faible
5,2,2,5.0,0.41280394198276693,0.33996484342561734,4,0.9411764705882353,90,base_donnees,9.0,faible
5,0,0,0.0,0.0,0.33996484342561734,4,0.9411764705882353,90,donnees_sensibles,0.0,faible
5,0,0,0.0,0.0,0.33996484342561734,4,0.9411764705882353,90,sauvegardes,0.0,faible
4,1,9,4.111111111111111,0.3787407900083382,0.33996484342561734,4,0.9411764705882353,90,vpn,5.3,faible
3,1,8,4.25,0.5,0.33996484342561734,4,0.9411764705882353,90,routeur,7.5,faible
3,3,7,4.428571428571429,0.33408813433272927,0.33996484342561734,4,0.9411764705882353,90,switch,8.7,faible
3,1,6,4.666666666666667,0.08020267690048787,0.33996484342561734,4,0.9411764705882353,90,postes,1.7,faible
4,0,0,0.0,0.0,0.33996484342561734,4,0.9411764705882353,90,serveur_rh,0.0,faible
5,4,5,4.6,0.24452226259132753,0.33996484342561734,4,0.9411764705882353,90,compte_admin,10.9,moyen
1,1,12,4.166666666666667,1.0,0.33996484342561734,4,0.9411764705882353,90,internet,17.4,moyen
5,2,11,4.090909090909091,0.35044605274810237,0.33996484342561734,4,0.9411764705882353,90,pare_feu,8.1,faible
4,1,4,4.75,0.14846194680809968,0.33996484342561734,4,0.9411764705882353,90,serveur_web,1.7,faible
4,1,3,5.0,0.16514348169333293,0.33996484342561734,4,0.9411764705882353,90,serveur_app,3.2,faible
5,2,2,5.0,0.41280394198276693,0.33996484342561734,4,0.9411764705882353,90,base_donnees,9.0,faible
5,0,0,0.0,0.0,0.33996484342561734,4,0.9411764705882353,90,donnees_sensibles,0.0,faible
5,0,0,0.0,0.0,0.33996484342561734,4,0.9411764705882353,90,sauvegardes,0.0,faible
4,1,9,4.111111111111111,0.3787407900083382,0.33996484342561734,4,0.9411764705882353,90,vpn,5.3,faible
3,1,8,4.25,0.5,0.33996484342561734,4,0.9411764705882353,90,routeur,7.5,faible
3,3,7,4.428571428571429,0.33408813433272927,0.33996484342561734,4,0.9411764705882353,90,switch,8.7,faible
3,1,6,4.666666666666667,0.08020267690048787,0.33996484342561734,4,0.9411764705882353,90,postes,1.7,faible
4,0,0,0.0,0.0,0.33996484342561734,4,0.9411764705882353,90,serveur_rh,0.0,faible
5,4,5,4.6,0.24452226259132753,0.33996484342561734,4,0.9411764705882353,90,compte_admin,10.9,moyen
1,1,12,4.166666666666667,1.0,0.33996484342561734,4,0.9411764705882353,90,internet,17.4,moyen
5,2,11,4.090909090909091,0.35044605274810237,0.33996484342561734,4,0.9411764705882353,90,pare_feu,8.1,faible
4,1,4,4.75,0.14846194680809968,0.33996484342561734,4,0.9411764705882353,90,serveur_web,1.7,faible
4,1,3,5.0,0.16514348169333293,0.33996484342561734,4,0.9411764705882353,90,serveur_app,3.2,faible
5,2,2,5.0,0.41280394198276693,0.33996484342561734,4,0.9411764705882353,90,base_donnees,9.0,faible
5,0,0,0.0,0.0,0.33996484342561734,4,0.9411764705882353,90,donnees_sensibles,0.0,faible
5,0,0,0.0,0.0,0.33996484342561734,4,0.9411764705882353,90,sauvegardes,0.0,faible
4,1,9,4.111111111111111,0.3787407900083382,0.33996484342561734,4,0.9411764705882353,90,vpn,5.3,faible
3,1,8,4.25,0.5,0.33996484342561734,4,0.9411764705882353,90,routeur,7.5,faible
3,3,7,4.428571428571429,0.33408813433272927,0.33996484342561734,4,0.9411764705882353,90,switch,8.7,faible
3,1,6,4.666666666666667,0.08020267690048787,0.33996484342561734,4,0.9411764705882353,90,postes,1.7,faible
4,0,0,0.0,0.0,0.33996484342561734,4,0.9411764705882353,90,serveur_rh,0.0,faible
5,4,5,4.6,0.24452226259132753,0.33996484342561734,4,0.9411764705882353,90,compte_admin,10.9,moyen
1,1,12,3.9166666666666665,1.0,0.6973853079803065,0,0.0,91,internet,37.1,critique
5,2,11,3.8181818181818183,0.5758920895488776,0.6973853079803065,0,0.0,91,pare_feu,28.9,élevé
2,1,1,4.0,0.7267566347821512,0.6973853079803065,0,0.0,91,serveur_web,6.3,faible
4,0,0,0.0,0.0,0.6973853079803065,0,0.0,91,serveur_app,0.0,faible
4,1,1,5.0,0.7213027901153594,0.6973853079803065,0,0.0,91,base_donnees,8.2,faible
5,0,0,0.0,0.0,0.6973853079803065,0,0.0,91,donnees_sensibles,0.0,faible
3,0,0,0.0,0.0,0.6973853079803065,0,0.0,91,sauvegardes,0.0,faible
4,1,9,4.0,0.9482699742461922,0.6973853079803065,0,0.0,91,vpn,31.8,élevé
4,1,8,4.0,0.784880453361351,0.6973853079803065,0,0.0,91,routeur,24.5,élevé
4,3,7,4.0,0.6480033243942562,0.6973853079803065,0,0.0,91,switch,22.1,élevé
2,2,7,4.285714285714286,0.495591322361689,0.6973853079803065,0,0.0,91,postes,21.1,élevé
5,0,0,0.0,0.0,0.6973853079803065,0,0.0,91,serveur_rh,0.0,faible
5,4,5,4.2,0.7224945695439872,0.6973853079803065,0,0.0,91,compte_admin,32.1,élevé
1,1,12,3.9166666666666665,1.0,0.48867430627923797,2,0.5625,91,internet,17.5,moyen
5,2,11,3.8181818181818183,0.28805249534794397,0.48867430627923797,2,0.5625,91,pare_feu,7.5,faible
2,1,1,4.0,0.43605398086929076,0.48867430627923797,2,0.5625,91,serveur_web,3.8,faible
4,0,0,0.0,0.0,0.48867430627923797,2,0.5625,91,serveur_app,0.0,faible
4,1,1,5.0,0.7213027901153594,0.48867430627923797,2,0.5625,91,base_donnees,8.2,faible
5,0,0,0.0,0.0,0.48867430627923797,2,0.5625,91,donnees_sensibles,0.0,faible
3,0,0,0.0,0.0,0.48867430627923797,2,0.5625,91,sauvegardes,0.0,faible
4,1,9,4.0,0.3793079896984769,0.48867430627923797,2,0.5625,91,vpn,11.2,moyen
4,1,8,4.0,0.784880453361351,0.48867430627923797,2,0.5625,91,routeur,20.3,élevé
4,3,7,4.0,0.6480033243942562,0.48867430627923797,2,0.5625,91,switch,16.8,moyen
2,2,7,4.285714285714286,0.4105687056371465,0.48867430627923797,2,0.5625,91,postes,15.4,moyen
5,0,0,0.0,0.0,0.48867430627923797,2,0.5625,91,serveur_rh,0.0,faible
5,4,5,4.2,0.28899782781759487,0.48867430627923797,2,0.5625,91,compte_admin,12.8,moyen
1,1,12,3.9166666666666665,1.0,0.3328760443698643,4,0.9375,91,internet,15.9,moyen
5,2,11,3.8181818181818183,0.28805249534794397,0.3328760443698643,4,0.9375,91,pare_feu,5.7,faible
2,1,1,4.0,0.21802699043464538,0.3328760443698643,4,0.9375,91,serveur_web,1.9,faible
4,0,0,0.0,0.0,0.3328760443698643,4,0.9375,91,serveur_app,0.0,faible
4,1,1,5.0,0.4327816740692156,0.3328760443698643,4,0.9375,91,base_donnees,4.9,faible
5,0,0,0.0,0.0,0.3328760443698643,4,0.9375,91,donnees_sensibles,0.0,faible
3,0,0,0.0,0.0,0.3328760443698643,4,0.9375,91,sauvegardes,0.0,faible
4,1,9,4.0,0.3793079896984769,0.3328760443698643,4,0.9375,91,vpn,5.8,faible
4,1,8,4.0,0.3924402266806755,0.3328760443698643,4,0.9375,91,routeur,6.1,faible
4,3,7,4.0,0.2835552292163019,0.3328760443698643,4,0.9375,91,switch,6.6,faible
2,2,7,4.285714285714286,0.21095252726687608,0.3328760443698643,4,0.9375,91,postes,5.5,faible
5,0,0,0.0,0.0,0.3328760443698643,4,0.9375,91,serveur_rh,0.0,faible
5,4,5,4.2,0.2636960240390673,0.3328760443698643,4,0.9375,91,compte_admin,10.5,moyen
1,1,12,3.9166666666666665,1.0,0.6647924772286545,1,0.125,91,internet,34.1,élevé
5,2,11,3.8181818181818183,0.4605007704920917,0.6647924772286545,1,0.125,91,pare_feu,25.7,élevé
2,1,1,4.0,0.43605398086929076,0.6647924772286545,1,0.125,91,serveur_web,3.8,faible
4,0,0,0.0,0.0,0.6647924772286545,1,0.125,91,serveur_app,0.0,faible
4,1,1,5.0,0.7213027901153594,0.6647924772286545,1,0.125,91,base_donnees,8.2,faible
5,0,0,0.0,0.0,0.6647924772286545,1,0.125,91,donnees_sensibles,0.0,faible
3,0,0,0.0,0.0,0.6647924772286545,1,0.125,91,sauvegardes,0.0,faible
4,1,9,4.0,0.9482699742461922,0.6647924772286545,1,0.125,91,vpn,31.8,élevé
4,1,8,4.0,0.784880453361351,0.6647924772286545,1,0.125,91,routeur,24.5,élevé
4,3,7,4.0,0.6480033243942562,0.6647924772286545,1,0.125,91,switch,22.1,élevé
2,2,7,4.285714285714286,0.495591322361689,0.6647924772286545,1,0.125,91,postes,21.1,élevé
5,0,0,0.0,0.0,0.6647924772286545,1,0.125,91,serveur_rh,0.0,faible
5,4,5,4.2,0.7224945695439872,0.6647924772286545,1,0.125,91,compte_admin,32.1,élevé
1,1,12,3.75,1.0,0.7456496917392703,0,0.0,92,internet,33.5,élevé
4,2,11,3.727272727272727,0.6173406277107907,0.7456496917392703,0,0.0,92,pare_feu,26.4,élevé
3,1,1,3.0,0.8555166490568848,0.7456496917392703,0,0.0,92,serveur_web,6.0,faible
3,0,0,0.0,0.0,0.7456496917392703,0,0.0,92,serveur_app,0.0,faible
5,2,2,3.5,0.8192988584830367,0.7456496917392703,0,0.0,92,base_donnees,14.1,moyen
4,0,0,0.0,0.0,0.7456496917392703,0,0.0,92,donnees_sensibles,0.0,faible
3,0,0,0.0,0.0,0.7456496917392703,0,0.0,92,sauvegardes,0.0,faible
3,1,9,3.888888888888889,0.5796884552146112,0.7456496917392703,0,0.0,92,vpn,27.6,élevé
4,1,8,3.875,0.9742090416779159,0.7456496917392703,0,0.0,92,routeur,39.2,critique
4,3,7,3.857142857142857,0.714600033970786,0.7456496917392703,0,0.0,92,switch,30.7,élevé
3,2,7,4.0,0.5270914537609015,0.7456496917392703,0,0.0,92,postes,28.6,élevé
4,0,0,0.0,0.0,0.7456496917392703,0,0.0,92,serveur_rh,0.0,faible
5,4,5,3.8,0.798842157949092,0.7456496917392703,0,0.0,92,compte_admin,38.4,critique
1,1,12,3.75,1.0,0.7456496917392703,0,0.0,92,internet,33.5,élevé
4,2,11,3.727272727272727,0.6173406277107907,0.7456496917392703,0,0.0,92,pare_feu,26.4,élevé
3,1,1,3.0,0.8555166490568848,0.7456496917392703,0,0.0,92,serveur_web,6.0,faible
3,0,0,0.0,0.0,0.7456496917392703,0,0.0,92,serveur_app,0.0,faible
5,2,2,3.5,0.8192988584830367,0.7456496917392703,0,0.0,92,base_donnees,14.1,moyen
4,0,0,0.0,0.0,0.7456496917392703,0,0.0,92,donnees_sensibles,0.0,faible
3,0,0,0.0,0.0,0.7456496917392703,0,0.0,92,sauvegardes,0.0,faible
3,1,9,3.888888888888889,0.5796884552146112,0.7456496917392703,0,0.0,92,vpn,27.6,élevé
4,1,8,3.875,0.9742090416779159,0.7456496917392703,0,0.0,92,routeur,39.2,critique
4,3,7,3.857142857142857,0.714600033970786,0.7456496917392703,0,0.0,92,switch,30.7,élevé
3,2,7,4.0,0.5270914537609015,0.7456496917392703,0,0.0,92,postes,28.6,élevé
4,0,0,0.0,0.0,0.7456496917392703,0,0.0,92,serveur_rh,0.0,faible
5,4,5,3.8,0.798842157949092,0.7456496917392703,0,0.0,92,compte_admin,38.4,critique
1,1,12,3.75,1.0,0.7456496917392703,0,0.0,92,internet,33.5,élevé
4,2,11,3.727272727272727,0.6173406277107907,0.7456496917392703,0,0.0,92,pare_feu,26.4,élevé
3,1,1,3.0,0.8555166490568848,0.7456496917392703,0,0.0,92,serveur_web,6.0,faible
3,0,0,0.0,0.0,0.7456496917392703,0,0.0,92,serveur_app,0.0,faible
5,2,2,3.5,0.8192988584830367,0.7456496917392703,0,0.0,92,base_donnees,14.1,moyen
4,0,0,0.0,0.0,0.7456496917392703,0,0.0,92,donnees_sensibles,0.0,faible
3,0,0,0.0,0.0,0.7456496917392703,0,0.0,92,sauvegardes,0.0,faible
3,1,9,3.888888888888889,0.5796884552146112,0.7456496917392703,0,0.0,92,vpn,27.6,élevé
4,1,8,3.875,0.9742090416779159,0.7456496917392703,0,0.0,92,routeur,39.2,critique
4,3,7,3.857142857142857,0.714600033970786,0.7456496917392703,0,0.0,92,switch,30.7,élevé
3,2,7,4.0,0.5270914537609015,0.7456496917392703,0,0.0,92,postes,28.6,élevé
4,0,0,0.0,0.0,0.7456496917392703,0,0.0,92,serveur_rh,0.0,faible
5,4,5,3.8,0.798842157949092,0.7456496917392703,0,0.0,92,compte_admin,38.4,critique
1,1,12,3.75,1.0,0.48877408676257766,3,0.6470588235294118,92,internet,16.0,moyen
4,2,11,3.727272727272727,0.3211666892035525,0.48877408676257766,3,0.6470588235294118,92,pare_feu,7.6,faible
3,1,1,3.0,0.5133099894341309,0.48877408676257766,3,0.6470588235294118,92,serveur_web,3.6,faible
3,0,0,0.0,0.0,0.48877408676257766,3,0.6470588235294118,92,serveur_app,0.0,faible
5,2,2,3.5,0.6448262311319282,0.48877408676257766,3,0.6470588235294118,92,base_donnees,10.7,moyen
4,0,0,0.0,0.0,0.48877408676257766,3,0.6470588235294118,92,donnees_sensibles,0.0,faible
3,0,0,0.0,0.0,0.48877408676257766,3,0.6470588235294118,92,sauvegardes,0.0,faible
3,1,9,3.888888888888889,0.2318753820858445,0.48877408676257766,3,0.6470588235294118,92,vpn,7.7,faible
4,1,8,3.875,0.9742090416779159,0.48877408676257766,3,0.6470588235294118,92,routeur,24.5,élevé
4,3,7,3.857142857142857,0.601198782938346,0.48877408676257766,3,0.6470588235294118,92,switch,15.7,moyen
3,2,7,4.0,0.3610153464818622,0.48877408676257766,3,0.6470588235294118,92,postes,12.3,moyen
4,0,0,0.0,0.0,0.48877408676257766,3,0.6470588235294118,92,serveur_rh,0.0,faible
5,4,5,3.8,0.28303804482905137,0.48877408676257766,3,0.6470588235294118,92,compte_admin,11.2,moyen
2,1,12,3.25,1.0,0.7232343197948695,0,0.0,93,internet,46.7,critique
4,2,11,3.1818181818181817,0.7588058737743657,0.7232343197948695,0,0.0,93,pare_feu,38.4,critique
3,1,4,4.25,0.5365549364102968,0.7232343197948695,0,0.0,93,serveur_web,14.9,moyen
4,1,3,4.333333333333333,0.6137188189932803,0.7232343197948695,0,0.0,93,serveur_app,17.7,moyen
5,2,2,4.0,0.7245873546765728,0.7232343197948695,0,0.0,93,base_donnees,15.8,moyen
5,0,0,0.0,0.0,0.7232343197948695,0,0.0,93,donnees_sensibles,0.0,faible
3,0,0,0.0,0.0,0.7232343197948695,0,0.0,93,sauvegardes,0.0,faible
2,1,9,3.3333333333333335,0.8922663160683805,0.7232343197948695,0,0.0,93,vpn,37.6,critique
2,1,8,3.5,1.0,0.7232343197948695,0,0.0,93,routeur,37.1,critique
2,3,7,3.7142857142857144,0.7216634232272535,0.7232343197948695,0,0.0,93,switch,31.9,élevé
2,2,7,3.7142857142857144,0.5580500360396552,0.7232343197948695,0,0.0,93,postes,24.5,élevé
3,0,0,0.0,0.0,0.7232343197948695,0,0.0,93,serveur_rh,0.0,faible
4,4,5,4.0,0.6819502215431863,0.7232343197948695,0,0.0,93,compte_admin,33.2,élevé
2,1,12,3.25,1.0,0.48444053458388353,3,0.6666666666666666,93,internet,20.8,élevé
4,2,11,3.1818181818181817,0.39618752228926957,0.48444053458388353,3,0.6666666666666666,93,pare_feu,11.1,moyen
3,1,4,4.25,0.3219329618461781,0.48444053458388353,3,0.6666666666666666,93,serveur_web,6.3,faible
4,1,3,4.333333333333333,0.36823129139596816,0.48444053458388353,3,0.6666666666666666,93,serveur_app,9.3,faible
5,2,2,4.0,0.5904102237018307,0.48444053458388353,3,0.6666666666666666,93,base_donnees,12.1,moyen
5,0,0,0.0,0.0,0.48444053458388353,3,0.6666666666666666,93,donnees_sensibles,0.0,faible
3,0,0,0.0,0.0,0.48444053458388353,3,0.6666666666666666,93,sauvegardes,0.0,faible
2,1,9,3.3333333333333335,0.3569065264273522,0.48444053458388353,3,0.6666666666666666,93,vpn,11.2,moyen
2,1,8,3.5,1.0,0.48444053458388353,3,0.6666666666666666,93,routeur,26.2,élevé
2,3,7,3.7142857142857144,0.6528363966208769,0.48444053458388353,3,0.6666666666666666,93,switch,21.1,élevé
2,2,7,3.7142857142857144,0.37752259725498566,0.48444053458388353,3,0.6666666666666666,93,postes,13.9,moyen
3,0,0,0.0,0.0,0.48444053458388353,3,0.6666666666666666,93,serveur_rh,0.0,faible
4,4,5,4.0,0.2465272416214008,0.48444053458388353,3,0.6666666666666666,93,compte_admin,10.3,moyen
2,1,12,3.25,1.0,0.7232343197948695,0,0.0,93,internet,46.7,critique
4,2,11,3.1818181818181817,0.7588058737743657,0.7232343197948695,0,0.0,93,pare_feu,38.4,critique
3,1,4,4.25,0.5365549364102968,0.7232343197948695,0,0.0,93,serveur_web,14.9,moyen
4,1,3,4.333333333333333,0.6137188189932803,0.7232343197948695,0,0.0,93,serveur_app,17.7,moyen
5,2,2,4.0,0.7245873546765728,0.7232343197948695,0,0.0,93,base_donnees,15.8,moyen
5,0,0,0.0,0.0,0.7232343197948695,0,0.0,93,donnees_sensibles,0.0,faible
3,0,0,0.0,0.0,0.7232343197948695,0,0.0,93,sauvegardes,0.0,faible
2,1,9,3.3333333333333335,0.8922663160683805,0.7232343197948695,0,0.0,93,vpn,37.6,critique
2,1,8,3.5,1.0,0.7232343197948695,0,0.0,93,routeur,37.1,critique
2,3,7,3.7142857142857144,0.7216634232272535,0.7232343197948695,0,0.0,93,switch,31.9,élevé
2,2,7,3.7142857142857144,0.5580500360396552,0.7232343197948695,0,0.0,93,postes,24.5,élevé
3,0,0,0.0,0.0,0.7232343197948695,0,0.0,93,serveur_rh,0.0,faible
4,4,5,4.0,0.6819502215431863,0.7232343197948695,0,0.0,93,compte_admin,33.2,élevé
2,1,12,3.25,1.0,0.7232343197948695,0,0.0,93,internet,46.7,critique
4,2,11,3.1818181818181817,0.7588058737743657,0.7232343197948695,0,0.0,93,pare_feu,38.4,critique
3,1,4,4.25,0.5365549364102968,0.7232343197948695,0,0.0,93,serveur_web,14.9,moyen
4,1,3,4.333333333333333,0.6137188189932803,0.7232343197948695,0,0.0,93,serveur_app,17.7,moyen
5,2,2,4.0,0.7245873546765728,0.7232343197948695,0,0.0,93,base_donnees,15.8,moyen
5,0,0,0.0,0.0,0.7232343197948695,0,0.0,93,donnees_sensibles,0.0,faible
3,0,0,0.0,0.0,0.7232343197948695,0,0.0,93,sauvegardes,0.0,faible
2,1,9,3.3333333333333335,0.8922663160683805,0.7232343197948695,0,0.0,93,vpn,37.6,critique
2,1,8,3.5,1.0,0.7232343197948695,0,0.0,93,routeur,37.1,critique
2,3,7,3.7142857142857144,0.7216634232272535,0.7232343197948695,0,0.0,93,switch,31.9,élevé
2,2,7,3.7142857142857144,0.5580500360396552,0.7232343197948695,0,0.0,93,postes,24.5,élevé
3,0,0,0.0,0.0,0.7232343197948695,0,0.0,93,serveur_rh,0.0,faible
4,4,5,4.0,0.6819502215431863,0.7232343197948695,0,0.0,93,compte_admin,33.2,élevé
1,1,10,3.6,1.0,0.7160469419634845,0,0.0,94,internet,37.7,critique
5,2,9,3.4444444444444446,0.6767943957357139,0.7160469419634845,0,0.0,94,pare_feu,29.2,élevé
2,1,1,5.0,0.7168540611479854,0.7160469419634845,0,0.0,94,serveur_web,8.1,faible
5,0,0,0.0,0.0,0.7160469419634845,0,0.0,94,serveur_app,0.0,faible
5,2,2,3.5,0.8121038993921483,0.7160469419634845,0,0.0,94,base_donnees,14.3,moyen
4,0,0,0.0,0.0,0.7160469419634845,0,0.0,94,donnees_sensibles,0.0,faible
3,0,0,0.0,0.0,0.7160469419634845,0,0.0,94,sauvegardes,0.0,faible
4,1,7,3.5714285714285716,0.7322807967666616,0.7160469419634845,0,0.0,94,vpn,24.6,élevé
3,1,6,3.6666666666666665,0.8463319911793256,0.7160469419634845,0,0.0,94,routeur,25.8,élevé
3,3,5,3.8,0.696226693319177,0.7160469419634845,0,0.0,94,switch,23.5,élevé
2,2,5,4.0,0.5066479726311988,0.7160469419634845,0,0.0,94,postes,17.7,moyen
5,0,0,0.0,0.0,0.7160469419634845,0,0.0,94,serveur_rh,0.0,faible
4,3,3,4.333333333333333,0.693837202282042,0.7160469419634845,0,0.0,94,compte_admin,22.1,élevé
1,1,10,3.6,1.0,0.3818552069201292,3,0.875,94,internet,20.5,élevé
5,2,9,3.4444444444444446,0.5015100624090105,0.3818552069201292,3,0.875,94,pare_feu,10.3,moyen
2,1,1,5.0,0.3584270305739927,0.3818552069201292,3,0.875,94,serveur_web,4.1,faible
5,0,0,0.0,0.0,0.3818552069201292,3,0.875,94,serveur_app,0.0,faible
5,2,2,3.5,0.4560519496960742,0.3818552069201292,3,0.875,94,base_donnees,8.1,faible
4,0,0,0.0,0.0,0.3818552069201292,3,0.875,94,donnees_sensibles,0.0,faible
3,0,0,0.0,0.0,0.3818552069201292,3,0.875,94,sauvegardes,0.0,faible
4,1,7,3.5714285714285716,0.2929123187066646,0.3818552069201292,3,0.875,94,vpn,4.0,faible
3,1,6,3.6666666666666665,0.4231659955896628,0.3818552069201292,3,0.875,94,routeur,6.2,faible
3,3,5,3.8,0.30047714368924083,0.3818552069201292,3,0.875,94,switch,7.6,faible
2,2,5,4.0,0.1930089339177022,0.3818552069201292,3,0.875,94,postes,4.3,faible
5,0,0,0.0,0.0,0.3818552069201292,3,0.875,94,serveur_rh,0.0,faible
4,3,3,4.333333333333333,0.27753488091281686,0.3818552069201292,3,0.875,94,compte_admin,8.8,faible
1,1,10,3.6,1.0,0.5712206123550813,1,0.375,94,internet,24.4,élevé
5,2,9,3.4444444444444446,0.5015100624090105,0.5712206123550813,1,0.375,94,pare_feu,14.6,moyen
2,1,1,5.0,0.7168540611479854,0.5712206123550813,1,0.375,94,serveur_web,8.1,faible
5,0,0,0.0,0.0,0.5712206123550813,1,0.375,94,serveur_app,0.0,faible
5,2,2,3.5,0.8121038993921483,0.5712206123550813,1,0.375,94,base_donnees,14.3,moyen
4,0,0,0.0,0.0,0.5712206123550813,1,0.375,94,donnees_sensibles,0.0,faible
3,0,0,0.0,0.0,0.5712206123550813,1,0.375,94,sauvegardes,0.0,faible
4,1,7,3.5714285714285716,0.2929123187066646,0.5712206123550813,1,0.375,94,vpn,8.8,faible
3,1,6,3.6666666666666665,0.8463319911793256,0.5712206123550813,1,0.375,94,routeur,22.3,élevé
3,3,5,3.8,0.696226693319177,0.5712206123550813,1,0.375,94,switch,19.3,moyen
2,2,5,4.0,0.36745939017451296,0.5712206123550813,1,0.375,94,postes,12.5,moyen
5,0,0,0.0,0.0,0.5712206123550813,1,0.375,94,serveur_rh,0.0,faible
4,3,3,4.333333333333333,0.27753488091281686,0.5712206123550813,1,0.375,94,compte_admin,8.8,faible
1,1,10,3.6,1.0,0.35366183914621896,4,0.9375,94,internet,17.1,moyen
5,2,9,3.4444444444444446,0.3476485263325272,0.35366183914621896,4,0.9375,94,pare_feu,6.6,faible
2,1,1,5.0,0.21505621834439562,0.35366183914621896,4,0.9375,94,serveur_web,2.4,faible
5,0,0,0.0,0.0,0.35366183914621896,4,0.9375,94,serveur_app,0.0,faible
5,2,2,3.5,0.4560519496960742,0.35366183914621896,4,0.9375,94,base_donnees,8.1,faible
4,0,0,0.0,0.0,0.35366183914621896,4,0.9375,94,donnees_sensibles,0.0,faible
3,0,0,0.0,0.0,0.35366183914621896,4,0.9375,94,sauvegardes,0.0,faible
4,1,7,3.5714285714285716,0.2929123187066646,0.35366183914621896,4,0.9375,94,vpn,4.0,faible
3,1,6,3.6666666666666665,0.4231659955896628,0.35366183914621896,4,0.9375,94,routeur,6.2,faible
3,3,5,3.8,0.30047714368924083,0.35366183914621896,4,0.9375,94,switch,7.6,faible
2,2,5,4.0,0.1930089339177022,0.35366183914621896,4,0.9375,94,postes,4.3,faible
5,0,0,0.0,0.0,0.35366183914621896,4,0.9375,94,serveur_rh,0.0,faible
4,3,3,4.333333333333333,0.27753488091281686,0.35366183914621896,4,0.9375,94,compte_admin,8.8,faible
1,1,4,3.75,1.0,0.3661208892652939,4,0.9285714285714286,95,internet,18.6,moyen
5,2,3,3.3333333333333335,0.34903342427043943,0.3661208892652939,4,0.9285714285714286,95,pare_feu,7.7,faible
4,1,1,3.0,0.2086007338790802,0.3661208892652939,4,0.9285714285714286,95,serveur_web,1.6,faible
3,0,0,0.0,0.0,0.3661208892652939,4,0.9285714285714286,95,serveur_app,0.0,faible
4,2,2,4.0,0.45256705517447193,0.3661208892652939,4,0.9285714285714286,95,base_donnees,9.7,faible
5,0,0,0.0,0.0,0.3661208892652939,4,0.9285714285714286,95,donnees_sensibles,0.0,faible
3,0,0,0.0,0.0,0.3661208892652939,4,0.9285714285714286,95,sauvegardes,0.0,faible
3,0,0,0.0,0.0,0.3661208892652939,4,0.9285714285714286,95,vpn,0.0,faible
2,1,6,3.3333333333333335,0.5,0.3661208892652939,4,0.9285714285714286,95,routeur,6.6,faible
4,2,5,3.2,0.29676163834199754,0.3661208892652939,4,0.9285714285714286,95,switch,3.8,faible
1,2,5,3.8,0.1527605944018403,0.3661208892652939,4,0.9285714285714286,95,postes,3.9,faible
4,0,0,0.0,0.0,0.3661208892652939,4,0.9285714285714286,95,serveur_rh,0.0,faible
5,3,3,3.3333333333333335,0.30494876381917874,0.3661208892652939,4,0.9285714285714286,95,compte_admin,7.9,faible
1,1,4,3.75,1.0,0.3661208892652939,4,0.9285714285714286,95,internet,18.6,moyen
5,2,3,3.3333333333333335,0.34903342427043943,0.3661208892652939,4,0.9285714285714286,95,pare_feu,7.7,faible
4,1,1,3.0,0.2086007338790802,0.3661208892652939,4,0.9285714285714286,95,serveur_web,1.6,faible
3,0,0,0.0,0.0,0.3661208892652939,4,0.9285714285714286,95,serveur_app,0.0,faible
4,2,2,4.0,0.45256705517447193,0.3661208892652939,4,0.9285714285714286,95,base_donnees,9.7,faible
5,0,0,0.0,0.0,0.3661208892652939,4,0.9285714285714286,95,donnees_sensibles,0.0,faible
3,0,0,0.0,0.0,0.3661208892652939,4,0.9285714285714286,95,sauvegardes,0.0,faible
3,0,0,0.0,0.0,0.3661208892652939,4,0.9285714285714286,95,vpn,0.0,faible
2,1,6,3.3333333333333335,0.5,0.3661208892652939,4,0.9285714285714286,95,routeur,6.6,faible
4,2,5,3.2,0.29676163834199754,0.3661208892652939,4,0.9285714285714286,95,switch,3.8,faible
1,2,5,3.8,0.1527605944018403,0.3661208892652939,4,0.9285714285714286,95,postes,3.9,faible
4,0,0,0.0,0.0,0.3661208892652939,4,0.9285714285714286,95,serveur_rh,0.0,faible
5,3,3,3.3333333333333335,0.30494876381917874,0.3661208892652939,4,0.9285714285714286,95,compte_admin,7.9,faible
1,1,4,3.75,1.0,0.5363065883636607,2,0.5,95,internet,20.1,élevé
5,2,3,3.3333333333333335,0.46051643680749405,0.5363065883636607,2,0.5,95,pare_feu,9.4,faible
4,1,1,3.0,0.2086007338790802,0.5363065883636607,2,0.5,95,serveur_web,1.6,faible
3,0,0,0.0,0.0,0.5363065883636607,2,0.5,95,serveur_app,0.0,faible
4,2,2,4.0,0.6453512401440356,0.5363065883636607,2,0.5,95,base_donnees,14.5,moyen
5,0,0,0.0,0.0,0.5363065883636607,2,0.5,95,donnees_sensibles,0.0,faible
3,0,0,0.0,0.0,0.5363065883636607,2,0.5,95,sauvegardes,0.0,faible
3,0,0,0.0,0.0,0.5363065883636607,2,0.5,95,vpn,0.0,faible
2,1,6,3.3333333333333335,0.5,0.5363065883636607,2,0.5,95,routeur,8.3,faible
4,2,5,3.2,0.3808464289355604,0.5363065883636607,2,0.5,95,switch,7.5,faible
1,2,5,3.8,0.26957378139707455,0.5363065883636607,2,0.5,95,postes,11.2,moyen
4,0,0,0.0,0.0,0.5363065883636607,2,0.5,95,serveur_rh,0.0,faible
5,3,3,3.3333333333333335,0.7623719095479466,0.5363065883636607,2,0.5,95,compte_admin,19.7,moyen
1,1,4,3.75,1.0,0.6669042315245797,1,0.21428571428571427,95,internet,27.2,élevé
5,2,3,3.3333333333333335,0.6436573807490961,0.6669042315245797,1,0.21428571428571427,95,pare_feu,17.2,moyen
4,1,1,3.0,0.695335779596934,0.6669042315245797,1,0.21428571428571427,95,serveur_web,5.2,faible
3,0,0,0.0,0.0,0.6669042315245797,1,0.21428571428571427,95,serveur_app,0.0,faible
4,2,2,4.0,0.6159578328945984,0.6669042315245797,1,0.21428571428571427,95,base_donnees,12.1,moyen
5,0,0,0.0,0.0,0.6669042315245797,1,0.21428571428571427,95,donnees_sensibles,0.0,faible
3,0,0,0.0,0.0,0.6669042315245797,1,0.21428571428571427,95,sauvegardes,0.0,faible
3,0,0,0.0,0.0,0.6669042315245797,1,0.21428571428571427,95,vpn,0.0,faible
2,1,6,3.3333333333333335,1.0,0.6669042315245797,1,0.21428571428571427,95,routeur,18.8,moyen
4,2,5,3.2,0.5935232766839951,0.6669042315245797,1,0.21428571428571427,95,switch,9.7,faible
1,2,5,3.8,0.32396537622398075,0.6669042315245797,1,0.21428571428571427,95,postes,10.5,moyen
4,0,0,0.0,0.0,0.6669042315245797,1,0.21428571428571427,95,serveur_rh,0.0,faible
5,3,3,3.3333333333333335,0.7623719095479466,0.6669042315245797,1,0.21428571428571427,95,compte_admin,19.7,moyen
1,1,7,4.0,0.7534847440126892,0.6774735468041935,1,0.125,96,internet,21.2,élevé
5,2,6,3.8333333333333335,0.5918275509304811,0.6774735468041935,1,0.125,96,pare_feu,17.9,moyen
3,1,4,4.25,0.4684742993710704,0.6774735468041935,1,0.125,96,serveur_web,13.8,moyen
3,1,3,4.666666666666667,0.7587267955675637,0.6774735468041935,1,0.125,96,serveur_app,22.0,élevé
5,2,2,4.5,0.7461452955685537,0.6774735468041935,1,0.125,96,base_donnees,17.4,moyen
4,0,0,0.0,0.0,0.6774735468041935,1,0.125,96,donnees_sensibles,0.0,faible
5,0,0,0.0,0.0,0.6774735468041935,1,0.125,96,sauvegardes,0.0,faible
3,0,0,0.0,0.0,0.6774735468041935,1,0.125,96,vpn,0.0,faible
2,1,8,3.625,0.8999393228479244,0.6774735468041935,1,0.125,96,routeur,26.0,élevé
4,2,7,3.5714285714285716,0.8023909956298441,0.6774735468041935,1,0.125,96,switch,20.1,élevé
1,2,7,4.0,0.3989703574677904,0.6774735468041935,1,0.125,96,postes,19.0,moyen
3,0,0,0.0,0.0,0.6774735468041935,1,0.125,96,serveur_rh,0.0,faible
4,4,5,4.0,0.7200707969686274,0.6774735468041935,1,0.125,96,compte_admin,38.1,critique
1,1,7,4.0,0.7534847440126892,0.36709619730815923,3,0.875,96,internet,19.0,moyen
5,2,6,3.8333333333333335,0.6113043422671409,0.36709619730815923,3,0.875,96,pare_feu,14.7,moyen
3,1,4,4.25,0.390395249475892,0.36709619730815923,3,0.875,96,serveur_web,4.8,faible
3,1,3,4.666666666666667,0.2276180386702691,0.36709619730815923,3,0.875,96,serveur_app,4.9,faible
5,2,2,4.5,0.41569749354578345,0.36709619730815923,3,0.875,96,base_donnees,9.6,faible
4,0,0,0.0,0.0,0.36709619730815923,3,0.875,96,donnees_sensibles,0.0,faible
5,0,0,0.0,0.0,0.36709619730815923,3,0.875,96,sauvegardes,0.0,faible
3,0,0,0.0,0.0,0.36709619730815923,3,0.875,96,vpn,0.0,faible
2,1,8,3.625,0.4499696614239622,0.36709619730815923,3,0.875,96,routeur,5.9,faible
4,2,7,3.5714285714285716,0.3375856480073839,0.36709619730815923,3,0.875,96,switch,3.4,faible
1,2,7,4.0,0.15941893466528728,0.36709619730815923,3,0.875,96,postes,4.0,faible
3,0,0,0.0,0.0,0.36709619730815923,3,0.875,96,serveur_rh,0.0,faible
4,4,5,4.0,0.25101465659413613,0.36709619730815923,3,0.875,96,compte_admin,11.2,moyen
1,1,7,4.0,0.7534847440126892,0.7216362909816031,0,0.0,96,internet,33.8,élevé
5,2,6,3.8333333333333335,0.7889714045594013,0.7216362909816031,0,0.0,96,pare_feu,36.4,critique
3,1,4,4.25,0.780790498951784,0.7216362909816031,0,0.0,96,serveur_web,23.0,élevé
3,1,3,4.666666666666667,0.7587267955675637,0.7216362909816031,0,0.0,96,serveur_app,22.0,élevé
5,2,2,4.5,0.7461452955685537,0.7216362909816031,0,0.0,96,base_donnees,17.4,moyen
4,0,0,0.0,0.0,0.7216362909816031,0,0.0,96,donnees_sensibles,0.0,faible
5,0,0,0.0,0.0,0.7216362909816031,0,0.0,96,sauvegardes,0.0,faible
3,0,0,0.0,0.0,0.7216362909816031,0,0.0,96,vpn,0.0,faible
2,1,8,3.625,0.8999393228479244,0.7216362909816031,0,0.0,96,routeur,26.0,élevé
4,2,7,3.5714285714285716,0.8023909956298441,0.7216362909816031,0,0.0,96,switch,20.1,élevé
1,2,7,4.0,0.3989703574677904,0.7216362909816031,0,0.0,96,postes,19.0,moyen
3,0,0,0.0,0.0,0.7216362909816031,0,0.0,96,serveur_rh,0.0,faible
4,4,5,4.0,0.7200707969686274,0.7216362909816031,0,0.0,96,compte_admin,38.1,critique
1,1,7,4.0,0.7534847440126892,0.5113412287007063,2,0.5625,96,internet,26.1,élevé
5,2,6,3.8333333333333335,0.6113043422671409,0.5113412287007063,2,0.5625,96,pare_feu,25.2,élevé
3,1,4,4.25,0.780790498951784,0.5113412287007063,2,0.5625,96,serveur_web,15.0,moyen
3,1,3,4.666666666666667,0.4552360773405382,0.5113412287007063,2,0.5625,96,serveur_app,11.7,moyen
5,2,2,4.5,0.5756459125225271,0.5113412287007063,2,0.5625,96,base_donnees,13.8,moyen
4,0,0,0.0,0.0,0.5113412287007063,2,0.5625,96,donnees_sensibles,0.0,faible
5,0,0,0.0,0.0,0.5113412287007063,2,0.5625,96,sauvegardes,0.0,faible
3,0,0,0.0,0.0,0.5113412287007063,2,0.5625,96,vpn,0.0,faible
2,1,8,3.625,0.8999393228479244,0.5113412287007063,2,0.5625,96,routeur,14.6,moyen
4,2,7,3.5714285714285716,0.6751712960147678,0.5113412287007063,2,0.5625,96,switch,6.8,faible
1,2,7,4.0,0.28185364403647495,0.5113412287007063,2,0.5625,96,postes,7.3,faible
3,0,0,0.0,0.0,0.5113412287007063,2,0.5625,96,serveur_rh,0.0,faible
4,4,5,4.0,0.25101465659413613,0.5113412287007063,2,0.5625,96,compte_admin,11.2,moyen
2,1,12,3.4166666666666665,1.0,0.34220301992342306,4,0.9411764705882353,97,internet,16.8,moyen
4,2,11,3.3636363636363638,0.3255511660147302,0.34220301992342306,4,0.9411764705882353,97,pare_feu,7.5,faible
3,1,4,4.0,0.24515088514891817,0.34220301992342306,4,0.9411764705882353,97,serveur_web,3.8,faible
5,1,3,3.6666666666666665,0.15935608085898242,0.34220301992342306,4,0.9411764705882353,97,serveur_app,3.0,faible
4,2,2,3.5,0.4248596482471948,0.34220301992342306,4,0.9411764705882353,97,base_donnees,8.1,faible
4,0,0,0.0,0.0,0.34220301992342306,4,0.9411764705882353,97,donnees_sensibles,0.0,faible
3,0,0,0.0,0.0,0.34220301992342306,4,0.9411764705882353,97,sauvegardes,0.0,faible
3,1,9,3.4444444444444446,0.3170062814536181,0.34220301992342306,4,0.9411764705882353,97,vpn,3.9,faible
3,1,8,3.5,0.35413414342973076,0.34220301992342306,4,0.9411764705882353,97,routeur,5.0,faible
2,3,7,3.7142857142857144,0.2906125615227724,0.34220301992342306,4,0.9411764705882353,97,switch,8.8,faible
3,2,7,3.5714285714285716,0.22420048113046742,0.34220301992342306,4,0.9411764705882353,97,postes,4.8,faible
3,0,0,0.0,0.0,0.34220301992342306,4,0.9411764705882353,97,serveur_rh,0.0,faible
4,3,5,3.8,0.30691455748461355,0.34220301992342306,4,0.9411764705882353,97,compte_admin,9.8,faible
2,1,12,3.4166666666666665,1.0,0.7029523518052484,0,0.0,97,internet,42.2,critique
4,2,11,3.3636363636363638,0.6347612373183058,0.7029523518052484,0,0.0,97,pare_feu,34.1,élevé
3,1,4,4.0,0.8171696171630606,0.7029523518052484,0,0.0,97,serveur_web,20.5,élevé
5,1,3,3.6666666666666665,0.5311869361966081,0.7029523518052484,0,0.0,97,serveur_app,13.3,moyen
4,2,2,3.5,0.7497192964943897,0.7029523518052484,0,0.0,97,base_donnees,14.1,moyen
4,0,0,0.0,0.0,0.7029523518052484,0,0.0,97,donnees_sensibles,0.0,faible
3,0,0,0.0,0.0,0.7029523518052484,0,0.0,97,sauvegardes,0.0,faible
3,1,9,3.4444444444444446,0.7925157036340452,0.7029523518052484,0,0.0,97,vpn,24.4,élevé
3,1,8,3.5,0.7082682868594615,0.7029523518052484,0,0.0,97,routeur,23.3,élevé
2,3,7,3.7142857142857144,0.6541971147953985,0.7029523518052484,0,0.0,97,switch,27.2,élevé
3,2,7,3.5714285714285716,0.5338189218449297,0.7029523518052484,0,0.0,97,postes,21.3,élevé
3,0,0,0.0,0.0,0.7029523518052484,0,0.0,97,serveur_rh,0.0,faible
4,3,5,3.8,0.7672863937115336,0.7029523518052484,0,0.0,97,compte_admin,32.0,élevé
2,1,12,3.4166666666666665,1.0,0.3815124477510488,3,0.8823529411764706,97,internet,17.2,moyen
4,2,11,3.3636363636363638,0.3255511660147302,0.3815124477510488,3,0.8823529411764706,97,pare_feu,7.8,faible
3,1,4,4.0,0.24515088514891817,0.3815124477510488,3,0.8823529411764706,97,serveur_web,4.5,faible
5,1,3,3.6666666666666665,0.26559346809830403,0.3815124477510488,3,0.8823529411764706,97,serveur_app,6.1,faible
4,2,2,3.5,0.6248596482471949,0.3815124477510488,3,0.8823529411764706,97,base_donnees,12.2,moyen
4,0,0,0.0,0.0,0.3815124477510488,3,0.8823529411764706,97,donnees_sensibles,0.0,faible
3,0,0,0.0,0.0,0.3815124477510488,3,0.8823529411764706,97,sauvegardes,0.0,faible
3,1,9,3.4444444444444446,0.3170062814536181,0.3815124477510488,3,0.8823529411764706,97,vpn,4.1,faible
3,1,8,3.5,0.35413414342973076,0.3815124477510488,3,0.8823529411764706,97,routeur,5.6,faible
2,3,7,3.7142857142857144,0.3270985573976993,0.3815124477510488,3,0.8823529411764706,97,switch,10.6,moyen
3,2,7,3.5714285714285716,0.2504829302332351,0.3815124477510488,3,0.8823529411764706,97,postes,6.0,faible
3,0,0,0.0,0.0,0.3815124477510488,3,0.8823529411764706,97,serveur_rh,0.0,faible
4,3,5,3.8,0.30691455748461355,0.3815124477510488,3,0.8823529411764706,97,compte_admin,10.9,moyen
2,1,12,3.4166666666666665,1.0,0.3686748203812021,3,0.8823529411764706,97,internet,21.8,élevé
4,2,11,3.3636363636363638,0.4688445081895461,0.3686748203812021,3,0.8823529411764706,97,pare_feu,12.6,moyen
3,1,4,4.0,0.4085848085815303,0.3686748203812021,3,0.8823529411764706,97,serveur_web,6.3,faible
5,1,3,3.6666666666666665,0.15935608085898242,0.3686748203812021,3,0.8823529411764706,97,serveur_app,3.0,faible
4,2,2,3.5,0.4248596482471948,0.3686748203812021,3,0.8823529411764706,97,base_donnees,8.1,faible
4,0,0,0.0,0.0,0.3686748203812021,3,0.8823529411764706,97,donnees_sensibles,0.0,faible
3,0,0,0.0,0.0,0.3686748203812021,3,0.8823529411764706,97,sauvegardes,0.0,faible
3,1,9,3.4444444444444446,0.3170062814536181,0.3686748203812021,3,0.8823529411764706,97,vpn,3.9,faible
3,1,8,3.5,0.35413414342973076,0.3686748203812021,3,0.8823529411764706,97,routeur,5.0,faible
2,3,7,3.7142857142857144,0.2906125615227724,0.3686748203812021,3,0.8823529411764706,97,switch,8.8,faible
3,2,7,3.5714285714285716,0.22420048113046742,0.3686748203812021,3,0.8823529411764706,97,postes,4.8,faible
3,0,0,0.0,0.0,0.3686748203812021,3,0.8823529411764706,97,serveur_rh,0.0,faible
4,3,5,3.8,0.30691455748461355,0.3686748203812021,3,0.8823529411764706,97,compte_admin,9.8,faible
1,1,12,3.6666666666666665,0.9875616035299741,0.3244552382938179,4,0.9411764705882353,98,internet,16.1,moyen
4,2,11,3.6363636363636362,0.37069663973970246,0.3244552382938179,4,0.9411764705882353,98,pare_feu,7.8,faible
3,1,4,4.5,0.14856529692812365,0.3244552382938179,4,0.9411764705882353,98,serveur_web,2.5,faible
5,1,3,4.333333333333333,0.2666916708459616,0.3244552382938179,4,0.9411764705882353,98,serveur_app,5.4,faible
5,2,2,4.0,0.3500837048155204,0.3244552382938179,4,0.9411764705882353,98,base_donnees,7.6,faible
5,0,0,0.0,0.0,0.3244552382938179,4,0.9411764705882353,98,donnees_sensibles,0.0,faible
3,0,0,0.0,0.0,0.3244552382938179,4,0.9411764705882353,98,sauvegardes,0.0,faible
4,1,9,3.6666666666666665,0.2825286276270907,0.3244552382938179,4,0.9411764705882353,98,vpn,3.3,faible
2,1,8,3.875,0.5,0.3244552382938179,4,0.9411764705882353,98,routeur,6.4,faible
2,3,7,4.142857142857143,0.26721563490937666,0.3244552382938179,4,0.9411764705882353,98,switch,8.2,faible
3,2,7,4.0,0.17354915351627098,0.3244552382938179,4,0.9411764705882353,98,postes,3.9,faible
3,0,0,0.0,0.0,0.3244552382938179,4,0.9411764705882353,98,serveur_rh,0.0,faible
5,3,4,4.5,0.24669531706421208,0.3244552382938179,4,0.9411764705882353,98,compte_admin,8.9,faible
1,1,12,3.6666666666666665,0.9875616035299741,0.682330116815458,0,0.0,98,internet,40.6,critique
4,2,11,3.6363636363636362,0.6881866408585275,0.682330116815458,0,0.0,98,pare_feu,34.4,élevé
3,1,4,4.5,0.4952176564270788,0.682330116815458,0,0.0,98,serveur_web,16.7,moyen
5,1,3,4.333333333333333,0.8889722361532055,0.682330116815458,0,0.0,98,serveur_app,22.9,élevé
5,2,2,4.0,0.621194726507472,0.682330116815458,0,0.0,98,base_donnees,13.3,moyen
5,0,0,0.0,0.0,0.682330116815458,0,0.0,98,donnees_sensibles,0.0,faible
3,0,0,0.0,0.0,0.682330116815458,0,0.0,98,sauvegardes,0.0,faible
4,1,9,3.6666666666666665,0.7063215690677267,0.682330116815458,0,0.0,98,vpn,28.0,élevé
2,1,8,3.875,1.0,0.682330116815458,0,0.0,98,routeur,33.1,élevé
2,3,7,4.142857142857143,0.6429873635892395,0.682330116815458,0,0.0,98,switch,28.5,élevé
3,2,7,4.0,0.44301254377415183,0.682330116815458,0,0.0,98,postes,21.4,élevé
3,0,0,0.0,0.0,0.682330116815458,0,0.0,98,serveur_rh,0.0,faible
5,3,4,4.5,0.6959296692122597,0.682330116815458,0,0.0,98,compte_admin,32.7,élevé
1,1,12,3.6666666666666665,0.9875616035299741,0.3244552382938179,4,0.9411764705882353,98,internet,16.1,moyen
4,2,11,3.6363636363636362,0.37069663973970246,0.3244552382938179,4,0.9411764705882353,98,pare_feu,7.8,faible
3,1,4,4.5,0.14856529692812365,0.3244552382938179,4,0.9411764705882353,98,serveur_web,2.5,faible
5,1,3,4.333333333333333,0.2666916708459616,0.3244552382938179,4,0.9411764705882353,98,serveur_app,5.4,faible
5,2,2,4.0,0.3500837048155204,0.3244552382938179,4,0.9411764705882353,98,base_donnees,7.6,faible
5,0,0,0.0,0.0,0.3244552382938179,4,0.9411764705882353,98,donnees_sensibles,0.0,faible
3,0,0,0.0,0.0,0.3244552382938179,4,0.9411764705882353,98,sauvegardes,0.0,faible
4,1,9,3.6666666666666665,0.2825286276270907,0.3244552382938179,4,0.9411764705882353,98,vpn,3.3,faible
2,1,8,3.875,0.5,0.3244552382938179,4,0.9411764705882353,98,routeur,6.4,faible
2,3,7,4.142857142857143,0.26721563490937666,0.3244552382938179,4,0.9411764705882353,98,switch,8.2,faible
3,2,7,4.0,0.17354915351627098,0.3244552382938179,4,0.9411764705882353,98,postes,3.9,faible
3,0,0,0.0,0.0,0.3244552382938179,4,0.9411764705882353,98,serveur_rh,0.0,faible
5,3,4,4.5,0.24669531706421208,0.3244552382938179,4,0.9411764705882353,98,compte_admin,8.9,faible
1,1,12,3.6666666666666665,0.9875616035299741,0.5669149757392189,2,0.4117647058823529,98,internet,25.7,élevé
4,2,11,3.6363636363636362,0.4973426740659447,0.5669149757392189,2,0.4117647058823529,98,pare_feu,18.2,moyen
3,1,4,4.5,0.2971305938562473,0.5669149757392189,2,0.4117647058823529,98,serveur_web,6.8,faible
5,1,3,4.333333333333333,0.5333833416919233,0.5669149757392189,2,0.4117647058823529,98,serveur_app,11.6,moyen
5,2,2,4.0,0.46324936026033403,0.5669149757392189,2,0.4117647058823529,98,base_donnees,9.3,faible
5,0,0,0.0,0.0,0.5669149757392189,2,0.4117647058823529,98,donnees_sensibles,0.0,faible
3,0,0,0.0,0.0,0.5669149757392189,2,0.4117647058823529,98,sauvegardes,0.0,faible
4,1,9,3.6666666666666665,0.7063215690677267,0.5669149757392189,2,0.4117647058823529,98,vpn,21.8,élevé
2,1,8,3.875,1.0,0.5669149757392189,2,0.4117647058823529,98,routeur,24.8,élevé
2,3,7,4.142857142857143,0.5344312698187533,0.5669149757392189,2,0.4117647058823529,98,switch,20.1,élevé
3,2,7,4.0,0.3692323616652211,0.5669149757392189,2,0.4117647058823529,98,postes,13.1,moyen
3,0,0,0.0,0.0,0.5669149757392189,2,0.4117647058823529,98,serveur_rh,0.0,faible
5,3,4,4.5,0.6167382926605302,0.5669149757392189,2,0.4117647058823529,98,compte_admin,24.0,élevé
1,1,6,4.0,1.0,0.47877393851713745,3,0.7333333333333333,99,internet,13.5,moyen
4,1,5,4.0,0.4578035880313654,0.47877393851713745,3,0.7333333333333333,99,pare_feu,4.7,faible
3,1,4,4.25,0.20400374182510814,0.47877393851713745,3,0.7333333333333333,99,serveur_web,2.9,faible
4,1,3,4.333333333333333,0.25152453811065395,0.47877393851713745,3,0.7333333333333333,99,serveur_app,5.1,faible
4,2,2,4.5,0.46111913344405386,0.47877393851713745,3,0.7333333333333333,99,base_donnees,10.3,moyen
5,0,0,0.0,0.0,0.47877393851713745,3,0.7333333333333333,99,donnees_sensibles,0.0,faible
4,0,0,0.0,0.0,0.47877393851713745,3,0.7333333333333333,99,sauvegardes,0.0,faible
3,1,9,3.7777777777777777,0.7367100088592906,0.47877393851713745,3,0.7333333333333333,99,vpn,11.4,moyen
3,1,8,3.875,0.5,0.47877393851713745,3,0.7333333333333333,99,routeur,8.3,faible
2,3,7,4.142857142857143,0.33066124235188965,0.47877393851713745,3,0.7333333333333333,99,switch,11.6,moyen
3,1,5,4.4,0.305988936735349,0.47877393851713745,3,0.7333333333333333,99,postes,9.7,faible
4,0,0,0.0,0.0,0.47877393851713745,3,0.7333333333333333,99,serveur_rh,0.0,faible
5,3,4,4.25,0.6037854234171727,0.47877393851713745,3,0.7333333333333333,99,compte_admin,20.6,élevé
1,1,6,4.0,1.0,0.5192392780631747,3,0.6666666666666666,99,internet,16.0,moyen
4,1,5,4.0,0.4578035880313654,0.5192392780631747,3,0.6666666666666666,99,pare_feu,7.4,faible
3,1,4,4.25,0.4080074836502163,0.5192392780631747,3,0.6666666666666666,99,serveur_web,8.6,faible
4,1,3,4.333333333333333,0.5030490762213079,0.5192392780631747,3,0.6666666666666666,99,serveur_app,11.9,moyen
4,2,2,4.5,0.647069741297465,0.5192392780631747,3,0.6666666666666666,99,base_donnees,14.0,moyen
5,0,0,0.0,0.0,0.5192392780631747,3,0.6666666666666666,99,donnees_sensibles,0.0,faible
4,0,0,0.0,0.0,0.5192392780631747,3,0.6666666666666666,99,sauvegardes,0.0,faible
3,1,9,3.7777777777777777,0.29468400354371627,0.5192392780631747,3,0.6666666666666666,99,vpn,10.4,moyen
3,1,8,3.875,1.0,0.5192392780631747,3,0.6666666666666666,99,routeur,28.2,élevé
2,3,7,4.142857142857143,0.6613224847037793,0.5192392780631747,3,0.6666666666666666,99,switch,22.9,élevé
3,1,5,4.4,0.12239557469413961,0.5192392780631747,3,0.6666666666666666,99,postes,2.4,faible
4,0,0,0.0,0.0,0.5192392780631747,3,0.6666666666666666,99,serveur_rh,0.0,faible
5,3,4,4.25,0.2415141693668691,0.5192392780631747,3,0.6666666666666666,99,compte_admin,8.3,faible
1,1,6,4.0,1.0,0.4531339999796374,2,0.8,99,internet,19.1,moyen
4,1,5,4.0,0.7630059800522757,0.4531339999796374,2,0.8,99,pare_feu,10.8,moyen
3,1,4,4.25,0.34000623637518024,0.4531339999796374,2,0.8,99,serveur_web,6.7,faible
4,1,3,4.333333333333333,0.41920756351775657,0.4531339999796374,2,0.8,99,serveur_app,10.3,moyen
4,2,2,4.5,0.6445648171711491,0.4531339999796374,2,0.8,99,base_donnees,14.8,moyen
5,0,0,0.0,0.0,0.4531339999796374,2,0.8,99,donnees_sensibles,0.0,faible
4,0,0,0.0,0.0,0.4531339999796374,2,0.8,99,sauvegardes,0.0,faible
3,1,9,3.7777777777777777,0.29468400354371627,0.4531339999796374,2,0.8,99,vpn,4.8,faible
3,1,8,3.875,0.5,0.4531339999796374,2,0.8,99,routeur,9.1,faible
2,3,7,4.142857142857143,0.38807932049245997,0.4531339999796374,2,0.8,99,switch,13.2,moyen
3,1,5,4.4,0.2039926244902327,0.4531339999796374,2,0.8,99,postes,4.6,faible
4,0,0,0.0,0.0,0.4531339999796374,2,0.8,99,serveur_rh,0.0,faible
5,3,4,4.25,0.27424866529857367,0.4531339999796374,2,0.8,99,compte_admin,11.0,moyen
1,1,6,4.0,1.0,0.7716331275110803,0,0.0,99,internet,30.4,élevé
4,1,5,4.0,0.7630059800522757,0.7716331275110803,0,0.0,99,pare_feu,22.9,élevé
3,1,4,4.25,0.6800124727503605,0.7716331275110803,0,0.0,99,serveur_web,22.2,élevé
4,1,3,4.333333333333333,0.8384151270355131,0.7716331275110803,0,0.0,99,serveur_app,23.6,élevé
4,2,2,4.5,0.8305154250245602,0.7716331275110803,0,0.0,99,base_donnees,18.4,moyen
5,0,0,0.0,0.0,0.7716331275110803,0,0.0,99,donnees_sensibles,0.0,faible
4,0,0,0.0,0.0,0.7716331275110803,0,0.0,99,sauvegardes,0.0,faible
3,1,9,3.7777777777777777,0.7367100088592906,0.7716331275110803,0,0.0,99,vpn,35.8,critique
3,1,8,3.875,1.0,0.7716331275110803,0,0.0,99,routeur,41.4,critique
2,3,7,4.142857142857143,0.7761586409849199,0.7716331275110803,0,0.0,99,switch,35.8,critique
3,1,5,4.4,0.5099815612255817,0.7716331275110803,0,0.0,99,postes,19.5,moyen
4,0,0,0.0,0.0,0.7716331275110803,0,0.0,99,serveur_rh,0.0,faible
5,3,4,4.25,0.6856216632464341,0.7716331275110803,0,0.0,99,compte_admin,27.6,élevé
1,1,12,4.0,0.9231413899543466,0.5940991428892298,1,0.35294117647058826,100,internet,35.2,critique
4,2,11,4.0,0.5699862122439752,0.5940991428892298,1,0.35294117647058826,100,pare_feu,31.8,élevé
4,1,4,4.75,0.7498246965418405,0.5940991428892298,1,0.35294117647058826,100,serveur_web,21.4,élevé
4,1,3,5.0,0.7148330079004434,0.5940991428892298,1,0.35294117647058826,100,serveur_app,19.6,moyen
5,2,2,5.0,0.7351950295758518,0.5940991428892298,1,0.35294117647058826,100,base_donnees,16.7,moyen
5,0,0,0.0,0.0,0.5940991428892298,1,0.35294117647058826,100,donnees_sensibles,0.0,faible
5,0,0,0.0,0.0,0.5940991428892298,1,0.35294117647058826,100,sauvegardes,0.0,faible
4,1,9,4.0,0.2549609049385624,0.5940991428892298,1,0.35294117647058826,100,vpn,10.0,moyen
3,1,8,4.125,1.0,0.5940991428892298,1,0.35294117647058826,100,routeur,31.8,élevé
3,3,7,4.285714285714286,0.6646370336213401,0.5940991428892298,1,0.35294117647058826,100,switch,25.3,élevé
2,2,7,4.428571428571429,0.44010735445871313,0.5940991428892298,1,0.35294117647058826,100,postes,21.2,élevé
4,0,0,0.0,0.0,0.5940991428892298,1,0.35294117647058826,100,serveur_rh,0.0,faible
5,3,5,4.6,0.3241457121202047,0.5940991428892298,1,0.35294117647058826,100,compte_admin,14.6,moyen
1,1,12,4.0,0.9231413899543466,0.3462796855438382,4,0.9411764705882353,100,internet,15.4,moyen
4,2,11,4.0,0.3768168961567396,0.3462796855438382,4,0.9411764705882353,100,pare_feu,8.9,faible
4,1,4,4.75,0.22494740896255214,0.3462796855438382,4,0.9411764705882353,100,serveur_web,3.0,faible
4,1,3,5.0,0.214449902370133,0.3462796855438382,4,0.9411764705882353,100,serveur_app,4.3,faible
5,2,2,5.0,0.40383221709686346,0.3462796855438382,4,0.9411764705882353,100,base_donnees,9.2,faible
5,0,0,0.0,0.0,0.3462796855438382,4,0.9411764705882353,100,donnees_sensibles,0.0,faible
5,0,0,0.0,0.0,0.3462796855438382,4,0.9411764705882353,100,sauvegardes,0.0,faible
4,1,9,4.0,0.2549609049385624,0.3462796855438382,4,0.9411764705882353,100,vpn,3.5,faible
3,1,8,4.125,0.5,0.3462796855438382,4,0.9411764705882353,100,routeur,6.9,faible
3,3,7,4.285714285714286,0.2939075000105423,0.3462796855438382,4,0.9411764705882353,100,switch,7.3,faible
2,2,7,4.428571428571429,0.22636380946010026,0.3462796855438382,4,0.9411764705882353,100,postes,5.1,faible
4,0,0,0.0,0.0,0.3462796855438382,4,0.9411764705882353,100,serveur_rh,0.0,faible
5,3,5,4.6,0.2911689008535407,0.3462796855438382,4,0.9411764705882353,100,compte_admin,9.6,faible
1,1,12,4.0,0.9231413899543466,0.4994429872475242,2,0.6470588235294118,100,internet,25.5,élevé
4,2,11,4.0,0.7005805952828044,0.4994429872475242,2,0.6470588235294118,100,pare_feu,20.6,élevé
4,1,4,4.75,0.37491234827092024,0.4994429872475242,2,0.6470588235294118,100,serveur_web,4.9,faible
4,1,3,5.0,0.214449902370133,0.4994429872475242,2,0.6470588235294118,100,serveur_app,4.3,faible
5,2,2,5.0,0.40383221709686346,0.4994429872475242,2,0.6470588235294118,100,base_donnees,9.2,faible
5,0,0,0.0,0.0,0.4994429872475242,2,0.6470588235294118,100,donnees_sensibles,0.0,faible
5,0,0,0.0,0.0,0.4994429872475242,2,0.6470588235294118,100,sauvegardes,0.0,faible
4,1,9,4.0,0.637402262346406,0.4994429872475242,2,0.6470588235294118,100,vpn,8.9,faible
3,1,8,4.125,0.5,0.4994429872475242,2,0.6470588235294118,100,routeur,7.2,faible
3,3,7,4.285714285714286,0.2939075000105423,0.4994429872475242,2,0.6470588235294118,100,switch,7.8,faible
2,2,7,4.428571428571429,0.2831549995367936,0.4994429872475242,2,0.6470588235294118,100,postes,8.7,faible
4,0,0,0.0,0.0,0.4994429872475242,2,0.6470588235294118,100,serveur_rh,0.0,faible
5,3,5,4.6,0.7279222521338516,0.4994429872475242,2,0.6470588235294118,100,compte_admin,24.1,élevé
1,1,12,4.0,0.9231413899543466,0.49751344142631254,3,0.6470588235294118,100,internet,18.7,moyen
4,2,11,4.0,0.3768168961567396,0.49751344142631254,3,0.6470588235294118,100,pare_feu,12.7,moyen
4,1,4,4.75,0.4498948179251043,0.49751344142631254,3,0.6470588235294118,100,serveur_web,8.7,faible
4,1,3,5.0,0.428899804740266,0.49751344142631254,3,0.6470588235294118,100,serveur_app,10.4,moyen
5,2,2,5.0,0.5902562203401015,0.49751344142631254,3,0.6470588235294118,100,base_donnees,13.4,moyen
5,0,0,0.0,0.0,0.49751344142631254,3,0.6470588235294118,100,donnees_sensibles,0.0,faible
5,0,0,0.0,0.0,0.49751344142631254,3,0.6470588235294118,100,sauvegardes,0.0,faible
4,1,9,4.0,0.2549609049385624,0.49751344142631254,3,0.6470588235294118,100,vpn,8.1,faible
3,1,8,4.125,1.0,0.49751344142631254,3,0.6470588235294118,100,routeur,24.4,élevé
3,3,7,4.285714285714286,0.5878150000210846,0.49751344142631254,3,0.6470588235294118,100,switch,17.9,moyen
2,2,7,4.428571428571429,0.41486682553573834,0.49751344142631254,3,0.6470588235294118,100,postes,15.5,moyen
4,0,0,0.0,0.0,0.49751344142631254,3,0.6470588235294118,100,serveur_rh,0.0,faible
5,3,5,4.6,0.2911689008535407,0.49751344142631254,3,0.6470588235294118,100,compte_admin,10.9,moyen
2,1,12,3.5,0.8170898478482579,0.326449781472381,4,0.9444444444444444,101,internet,12.0,moyen
3,2,11,3.5454545454545454,0.3622477436370305,0.326449781472381,4,0.9444444444444444,101,pare_feu,7.7,faible
3,1,4,4.25,0.2540308749834278,0.326449781472381,4,0.9444444444444444,101,serveur_web,3.3,faible
3,1,3,4.666666666666667,0.26766058600701015,0.326449781472381,4,0.9444444444444444,101,serveur_app,5.6,faible
5,2,2,4.5,0.4121820940074169,0.326449781472381,4,0.9444444444444444,101,base_donnees,9.3,faible
4,0,0,0.0,0.0,0.326449781472381,4,0.9444444444444444,101,donnees_sensibles,0.0,faible
5,0,0,0.0,0.0,0.326449781472381,4,0.9444444444444444,101,sauvegardes,0.0,faible
3,1,9,3.6666666666666665,0.23476114259974518,0.326449781472381,4,0.9444444444444444,101,vpn,3.6,faible
4,1,8,3.625,0.42234065927524417,0.326449781472381,4,0.9444444444444444,101,routeur,5.7,faible
3,3,7,3.7142857142857144,0.2667372568157677,0.326449781472381,4,0.9444444444444444,101,switch,5.8,faible
1,2,7,4.0,0.19203519161555122,0.326449781472381,4,0.9444444444444444,101,postes,4.3,faible
4,0,0,0.0,0.0,0.326449781472381,4,0.9444444444444444,101,serveur_rh,0.0,faible
4,4,5,4.2,0.28676778170546835,0.326449781472381,4,0.9444444444444444,101,compte_admin,12.4,moyen
2,1,12,3.5,0.8170898478482579,0.356636465970351,3,0.8888888888888888,101,internet,16.8,moyen
3,2,11,3.5454545454545454,0.5492509457909505,0.356636465970351,3,0.8888888888888888,101,pare_feu,13.7,moyen
3,1,4,4.25,0.42338479163904635,0.356636465970351,3,0.8888888888888888,101,serveur_web,5.5,faible
3,1,3,4.666666666666667,0.26766058600701015,0.356636465970351,3,0.8888888888888888,101,serveur_app,5.6,faible
5,2,2,4.5,0.4121820940074169,0.356636465970351,3,0.8888888888888888,101,base_donnees,9.3,faible
4,0,0,0.0,0.0,0.356636465970351,3,0.8888888888888888,101,donnees_sensibles,0.0,faible
5,0,0,0.0,0.0,0.356636465970351,3,0.8888888888888888,101,sauvegardes,0.0,faible
3,1,9,3.6666666666666665,0.23476114259974518,0.356636465970351,3,0.8888888888888888,101,vpn,3.6,faible
4,1,8,3.625,0.42234065927524417,0.356636465970351,3,0.8888888888888888,101,routeur,5.7,faible
3,3,7,3.7142857142857144,0.2667372568157677,0.356636465970351,3,0.8888888888888888,101,switch,5.8,faible
1,2,7,4.0,0.19203519161555122,0.356636465970351,3,0.8888888888888888,101,postes,4.3,faible
4,0,0,0.0,0.0,0.356636465970351,3,0.8888888888888888,101,serveur_rh,0.0,faible
4,4,5,4.2,0.28676778170546835,0.356636465970351,3,0.8888888888888888,101,compte_admin,12.4,moyen
2,1,12,3.5,0.8170898478482579,0.7091783928985294,0,0.0,101,internet,38.9,critique
3,2,11,3.5454545454545454,0.6718653564001762,0.7091783928985294,0,0.0,101,pare_feu,41.5,critique
3,1,4,4.25,0.8467695832780927,0.7091783928985294,0,0.0,101,serveur_web,27.5,élevé
3,1,3,4.666666666666667,0.8922019533567005,0.7091783928985294,0,0.0,101,serveur_app,25.1,élevé
5,2,2,4.5,0.7400653129176461,0.7091783928985294,0,0.0,101,base_donnees,16.8,moyen
4,0,0,0.0,0.0,0.7091783928985294,0,0.0,101,donnees_sensibles,0.0,faible
5,0,0,0.0,0.0,0.7091783928985294,0,0.0,101,sauvegardes,0.0,faible
3,1,9,3.6666666666666665,0.5869028564993629,0.7091783928985294,0,0.0,101,vpn,21.6,élevé
4,1,8,3.625,0.8446813185504883,0.7091783928985294,0,0.0,101,routeur,27.8,élevé
3,3,7,3.7142857142857144,0.5994905312667549,0.7091783928985294,0,0.0,101,switch,24.8,élevé
1,2,7,4.0,0.4918788431259544,0.7091783928985294,0,0.0,101,postes,23.8,élevé
4,0,0,0.0,0.0,0.7091783928985294,0,0.0,101,serveur_rh,0.0,faible
4,4,5,4.2,0.7928687234882021,0.7091783928985294,0,0.0,101,compte_admin,41.5,critique
2,1,12,3.5,0.8170898478482579,0.7091783928985294,0,0.0,101,internet,38.9,critique
3,2,11,3.5454545454545454,0.6718653564001762,0.7091783928985294,0,0.0,101,pare_feu,41.5,critique
3,1,4,4.25,0.8467695832780927,0.7091783928985294,0,0.0,101,serveur_web,27.5,élevé
3,1,3,4.666666666666667,0.8922019533567005,0.7091783928985294,0,0.0,101,serveur_app,25.1,élevé
5,2,2,4.5,0.7400653129176461,0.7091783928985294,0,0.0,101,base_donnees,16.8,moyen
4,0,0,0.0,0.0,0.7091783928985294,0,0.0,101,donnees_sensibles,0.0,faible
5,0,0,0.0,0.0,0.7091783928985294,0,0.0,101,sauvegardes,0.0,faible
3,1,9,3.6666666666666665,0.5869028564993629,0.7091783928985294,0,0.0,101,vpn,21.6,élevé
4,1,8,3.625,0.8446813185504883,0.7091783928985294,0,0.0,101,routeur,27.8,élevé
3,3,7,3.7142857142857144,0.5994905312667549,0.7091783928985294,0,0.0,101,switch,24.8,élevé
1,2,7,4.0,0.4918788431259544,0.7091783928985294,0,0.0,101,postes,23.8,élevé
4,0,0,0.0,0.0,0.7091783928985294,0,0.0,101,serveur_rh,0.0,faible
4,4,5,4.2,0.7928687234882021,0.7091783928985294,0,0.0,101,compte_admin,41.5,critique
2,1,2,4.0,0.8823486275707206,0.6049534824243218,2,0.4,102,internet,11.0,moyen
4,1,1,4.0,0.46947412825123835,0.6049534824243218,2,0.4,102,pare_feu,4.2,faible
4,0,0,0.0,0.0,0.6049534824243218,2,0.4,102,serveur_web,0.0,faible
4,1,3,4.666666666666667,0.5349187022255355,0.6049534824243218,2,0.4,102,serveur_app,12.6,moyen
5,2,2,4.5,0.6362352440349809,0.6049534824243218,2,0.4,102,base_donnees,12.8,moyen
5,0,0,0.0,0.0,0.6049534824243218,2,0.4,102,donnees_sensibles,0.0,faible
4,0,0,0.0,0.0,0.6049534824243218,2,0.4,102,sauvegardes,0.0,faible
3,1,9,4.0,0.7961055215840096,0.6049534824243218,2,0.4,102,vpn,23.4,élevé
4,1,8,4.0,0.7621651412200853,0.6049534824243218,2,0.4,102,routeur,21.2,élevé
3,3,7,4.142857142857143,0.5382771952482897,0.6049534824243218,2,0.4,102,switch,20.6,élevé
3,1,6,4.333333333333333,0.2930418122197633,0.6049534824243218,2,0.4,102,postes,10.2,moyen
3,0,0,0.0,0.0,0.6049534824243218,2,0.4,102,serveur_rh,0.0,faible
5,4,5,4.2,0.612236557369661,0.6049534824243218,2,0.4,102,compte_admin,25.0,élevé
2,1,2,4.0,0.8823486275707206,0.625818999235488,1,0.3333333333333333,102,internet,13.4,moyen
4,1,1,4.0,0.7824568804187306,0.625818999235488,1,0.3333333333333333,102,pare_feu,7.0,faible
4,0,0,0.0,0.0,0.625818999235488,1,0.3333333333333333,102,serveur_web,0.0,faible
4,1,3,4.666666666666667,0.5349187022255355,0.625818999235488,1,0.3333333333333333,102,serveur_app,12.6,moyen
5,2,2,4.5,0.6362352440349809,0.625818999235488,1,0.3333333333333333,102,base_donnees,12.8,moyen
5,0,0,0.0,0.0,0.625818999235488,1,0.3333333333333333,102,donnees_sensibles,0.0,faible
4,0,0,0.0,0.0,0.625818999235488,1,0.3333333333333333,102,sauvegardes,0.0,faible
3,1,9,4.0,0.7961055215840096,0.625818999235488,1,0.3333333333333333,102,vpn,23.4,élevé
4,1,8,4.0,0.7621651412200853,0.625818999235488,1,0.3333333333333333,102,routeur,21.2,élevé
3,3,7,4.142857142857143,0.5382771952482897,0.625818999235488,1,0.3333333333333333,102,switch,20.6,élevé
3,1,6,4.333333333333333,0.2930418122197633,0.625818999235488,1,0.3333333333333333,102,postes,10.2,moyen
3,0,0,0.0,0.0,0.625818999235488,1,0.3333333333333333,102,serveur_rh,0.0,faible
5,4,5,4.2,0.612236557369661,0.625818999235488,1,0.3333333333333333,102,compte_admin,25.0,élevé
2,1,2,4.0,0.8823486275707206,0.5572832328197435,1,0.4,102,internet,13.4,moyen
4,1,1,4.0,0.7824568804187306,0.5572832328197435,1,0.4,102,pare_feu,7.0,faible
4,0,0,0.0,0.0,0.5572832328197435,1,0.4,102,serveur_web,0.0,faible
4,1,3,4.666666666666667,0.8915311703758925,0.5572832328197435,1,0.4,102,serveur_app,24.6,élevé
5,2,2,4.5,0.8132696903147683,0.5572832328197435,1,0.4,102,base_donnees,16.8,moyen
5,0,0,0.0,0.0,0.5572832328197435,1,0.4,102,donnees_sensibles,0.0,faible
4,0,0,0.0,0.0,0.5572832328197435,1,0.4,102,sauvegardes,0.0,faible
3,1,9,4.0,0.31844220863360384,0.5572832328197435,1,0.4,102,vpn,11.0,moyen
4,1,8,4.0,0.7621651412200853,0.5572832328197435,1,0.4,102,routeur,26.3,élevé
3,3,7,4.142857142857143,0.607347118859309,0.5572832328197435,1,0.4,102,switch,27.3,élevé
3,1,6,4.333333333333333,0.19536120814650887,0.5572832328197435,1,0.4,102,postes,4.6,faible
3,0,0,0.0,0.0,0.5572832328197435,1,0.4,102,serveur_rh,0.0,faible
5,4,5,4.2,0.26959062968078634,0.5572832328197435,1,0.4,102,compte_admin,13.1,moyen
2,1,2,4.0,0.8823486275707206,0.5040429132881183,2,0.6,102,internet,13.4,moyen
4,1,1,4.0,0.7824568804187306,0.5040429132881183,2,0.6,102,pare_feu,7.0,faible
4,0,0,0.0,0.0,0.5040429132881183,2,0.6,102,serveur_web,0.0,faible
4,1,3,4.666666666666667,0.26745935111276775,0.5040429132881183,2,0.6,102,serveur_app,5.4,faible
5,2,2,4.5,0.45089345672733094,0.5040429132881183,2,0.6,102,base_donnees,9.4,faible
5,0,0,0.0,0.0,0.5040429132881183,2,0.6,102,donnees_sensibles,0.0,faible
4,0,0,0.0,0.0,0.5040429132881183,2,0.6,102,sauvegardes,0.0,faible
3,1,9,4.0,0.7961055215840096,0.5040429132881183,2,0.6,102,vpn,11.6,moyen
4,1,8,4.0,0.38108257061004264,0.5040429132881183,2,0.6,102,routeur,6.0,faible
3,3,7,4.142857142857143,0.2691385976241448,0.5040429132881183,2,0.6,102,switch,9.0,faible
3,1,6,4.333333333333333,0.2930418122197633,0.5040429132881183,2,0.6,102,postes,9.9,faible
3,0,0,0.0,0.0,0.5040429132881183,2,0.6,102,serveur_rh,0.0,faible
5,4,5,4.2,0.612236557369661,0.5040429132881183,2,0.6,102,compte_admin,24.1,élevé
1,1,11,3.3636363636363638,1.0,0.5262693794881477,2,0.5294117647058824,103,internet,24.2,élevé
3,2,10,3.4,0.4899850537822248,0.5262693794881477,2,0.5294117647058824,103,pare_feu,17.9,moyen
3,1,4,4.25,0.6466659619443065,0.5262693794881477,2,0.5294117647058824,103,serveur_web,11.4,moyen
4,1,3,4.333333333333333,0.37975889900377874,0.5262693794881477,2,0.5294117647058824,103,serveur_app,7.8,faible
4,2,2,4.5,0.45539212331905354,0.5262693794881477,2,0.5294117647058824,103,base_donnees,10.4,moyen
5,0,0,0.0,0.0,0.5262693794881477,2,0.5294117647058824,103,donnees_sensibles,0.0,faible
4,0,0,0.0,0.0,0.5262693794881477,2,0.5294117647058824,103,sauvegardes,0.0,faible
2,1,8,3.625,0.39623489269064227,0.5262693794881477,2,0.5294117647058824,103,vpn,12.8,moyen
3,1,7,3.7142857142857144,1.0,0.5262693794881477,2,0.5294117647058824,103,routeur,25.5,élevé
3,3,6,3.8333333333333335,0.6300227866516387,0.5262693794881477,2,0.5294117647058824,103,switch,18.0,moyen
2,1,6,4.0,0.5431362466662718,0.5262693794881477,2,0.5294117647058824,103,postes,11.1,moyen
4,0,0,0.0,0.0,0.5262693794881477,2,0.5294117647058824,103,serveur_rh,0.0,faible
5,4,5,4.2,0.2999901842090095,0.5262693794881477,2,0.5294117647058824,103,compte_admin,13.5,moyen
1,1,11,3.3636363636363638,1.0,0.7463159394196787,0,0.0,103,internet,36.9,critique
3,2,10,3.4,0.5961458435277154,0.7463159394196787,0,0.0,103,pare_feu,31.3,élevé
3,1,4,4.25,0.6466659619443065,0.7463159394196787,0,0.0,103,serveur_web,16.1,moyen
4,1,3,4.333333333333333,0.6329314983396312,0.7463159394196787,0,0.0,103,serveur_app,15.3,moyen
4,2,2,4.5,0.5924532519914941,0.7463159394196787,0,0.0,103,base_donnees,13.9,moyen
5,0,0,0.0,0.0,0.7463159394196787,0,0.0,103,donnees_sensibles,0.0,faible
4,0,0,0.0,0.0,0.7463159394196787,0,0.0,103,sauvegardes,0.0,faible
2,1,8,3.625,0.9905872317266056,0.7463159394196787,0,0.0,103,vpn,38.5,critique
3,1,7,3.7142857142857144,1.0,0.7463159394196787,0,0.0,103,routeur,32.3,élevé
3,3,6,3.8333333333333335,0.7377092976288709,0.7463159394196787,0,0.0,103,switch,24.8,élevé
2,1,6,4.0,0.5431362466662718,0.7463159394196787,0,0.0,103,postes,14.7,moyen
4,0,0,0.0,0.0,0.7463159394196787,0,0.0,103,serveur_rh,0.0,faible
5,4,5,4.2,0.8209309868831729,0.7463159394196787,0,0.0,103,compte_admin,41.0,critique
1,1,11,3.3636363636363638,1.0,0.583508219994455,1,0.47058823529411764,103,internet,23.9,élevé
3,2,10,3.4,0.5961458435277154,0.583508219994455,1,0.47058823529411764,103,pare_feu,17.6,moyen
3,1,4,4.25,0.32333298097215324,0.583508219994455,1,0.47058823529411764,103,serveur_web,5.4,faible
4,1,3,4.333333333333333,0.3164657491698156,0.583508219994455,1,0.47058823529411764,103,serveur_app,6.8,faible
4,2,2,4.5,0.4675530368362978,0.583508219994455,1,0.47058823529411764,103,base_donnees,11.3,moyen
5,0,0,0.0,0.0,0.583508219994455,1,0.47058823529411764,103,donnees_sensibles,0.0,faible
4,0,0,0.0,0.0,0.583508219994455,1,0.47058823529411764,103,sauvegardes,0.0,faible
2,1,8,3.625,0.9905872317266056,0.583508219994455,1,0.47058823529411764,103,vpn,15.9,moyen
3,1,7,3.7142857142857144,0.5,0.583508219994455,1,0.47058823529411764,103,routeur,8.9,faible
3,3,6,3.8333333333333335,0.36885464881443547,0.583508219994455,1,0.47058823529411764,103,switch,10.4,moyen
2,1,6,4.0,0.2715681233331359,0.583508219994455,1,0.47058823529411764,103,postes,4.1,faible
4,0,0,0.0,0.0,0.583508219994455,1,0.47058823529411764,103,serveur_rh,0.0,faible
5,4,5,4.2,0.8209309868831729,0.583508219994455,1,0.47058823529411764,103,compte_admin,41.0,critique
1,1,11,3.3636363636363638,1.0,0.583508219994455,1,0.47058823529411764,103,internet,23.9,élevé
3,2,10,3.4,0.5961458435277154,0.583508219994455,1,0.47058823529411764,103,pare_feu,17.6,moyen
3,1,4,4.25,0.32333298097215324,0.583508219994455,1,0.47058823529411764,103,serveur_web,5.4,faible
4,1,3,4.333333333333333,0.3164657491698156,0.583508219994455,1,0.47058823529411764,103,serveur_app,6.8,faible
4,2,2,4.5,0.4675530368362978,0.583508219994455,1,0.47058823529411764,103,base_donnees,11.3,moyen
5,0,0,0.0,0.0,0.583508219994455,1,0.47058823529411764,103,donnees_sensibles,0.0,faible
4,0,0,0.0,0.0,0.583508219994455,1,0.47058823529411764,103,sauvegardes,0.0,faible
2,1,8,3.625,0.9905872317266056,0.583508219994455,1,0.47058823529411764,103,vpn,15.9,moyen
3,1,7,3.7142857142857144,0.5,0.583508219994455,1,0.47058823529411764,103,routeur,8.9,faible
3,3,6,3.8333333333333335,0.36885464881443547,0.583508219994455,1,0.47058823529411764,103,switch,10.4,moyen
2,1,6,4.0,0.2715681233331359,0.583508219994455,1,0.47058823529411764,103,postes,4.1,faible
4,0,0,0.0,0.0,0.583508219994455,1,0.47058823529411764,103,serveur_rh,0.0,faible
5,4,5,4.2,0.8209309868831729,0.583508219994455,1,0.47058823529411764,103,compte_admin,41.0,critique
1,1,12,3.5,1.0,0.7427761429237834,0,0.0,104,internet,30.6,élevé
4,2,11,3.4545454545454546,0.5071755275806188,0.7427761429237834,0,0.0,104,pare_feu,22.7,élevé
3,0,0,0.0,0.0,0.7427761429237834,0,0.0,104,serveur_web,0.0,faible
4,1,3,4.0,0.8069111140111946,0.7427761429237834,0,0.0,104,serveur_app,23.2,élevé
4,2,2,4.0,0.872211476087603,0.7427761429237834,0,0.0,104,base_donnees,18.5,moyen
5,0,0,0.0,0.0,0.7427761429237834,0,0.0,104,donnees_sensibles,0.0,faible
3,0,0,0.0,0.0,0.7427761429237834,0,0.0,104,sauvegardes,0.0,faible
2,1,9,3.6666666666666665,0.728736159906122,0.7427761429237834,0,0.0,104,vpn,35.9,critique
2,1,8,3.875,1.0,0.7427761429237834,0,0.0,104,routeur,44.4,critique
4,3,7,3.857142857142857,0.7086667693233611,0.7427761429237834,0,0.0,104,switch,36.4,critique
3,2,7,4.0,0.5936726255622754,0.7427761429237834,0,0.0,104,postes,30.4,élevé
3,0,0,0.0,0.0,0.7427761429237834,0,0.0,104,serveur_rh,0.0,faible
5,3,5,3.8,0.7588838154773798,0.7427761429237834,0,0.0,104,compte_admin,36.2,critique
1,1,12,3.5,1.0,0.7280649600789285,1,0.0625,104,internet,29.0,élevé
4,2,11,3.4545454545454546,0.38948606482178033,0.7280649600789285,1,0.0625,104,pare_feu,20.9,élevé
3,0,0,0.0,0.0,0.7280649600789285,1,0.0625,104,serveur_web,0.0,faible
4,1,3,4.0,0.8069111140111946,0.7280649600789285,1,0.0625,104,serveur_app,23.2,élevé
4,2,2,4.0,0.872211476087603,0.7280649600789285,1,0.0625,104,base_donnees,18.5,moyen
5,0,0,0.0,0.0,0.7280649600789285,1,0.0625,104,donnees_sensibles,0.0,faible
3,0,0,0.0,0.0,0.7280649600789285,1,0.0625,104,sauvegardes,0.0,faible
2,1,9,3.6666666666666665,0.728736159906122,0.7280649600789285,1,0.0625,104,vpn,35.9,critique
2,1,8,3.875,1.0,0.7280649600789285,1,0.0625,104,routeur,44.4,critique
4,3,7,3.857142857142857,0.7086667693233611,0.7280649600789285,1,0.0625,104,switch,36.4,critique
3,2,7,4.0,0.5936726255622754,0.7280649600789285,1,0.0625,104,postes,30.4,élevé
3,0,0,0.0,0.0,0.7280649600789285,1,0.0625,104,serveur_rh,0.0,faible
5,3,5,3.8,0.7588838154773798,0.7280649600789285,1,0.0625,104,compte_admin,36.2,critique
1,1,12,3.5,1.0,0.5578204869678786,2,0.5,104,internet,19.2,moyen
4,2,11,3.4545454545454546,0.38948606482178033,0.5578204869678786,2,0.5,104,pare_feu,10.4,moyen
3,0,0,0.0,0.0,0.5578204869678786,2,0.5,104,serveur_web,0.0,faible
4,1,3,4.0,0.4034555570055973,0.5578204869678786,2,0.5,104,serveur_app,10.5,moyen
4,2,2,4.0,0.6861057380438015,0.5578204869678786,2,0.5,104,base_donnees,15.7,moyen
5,0,0,0.0,0.0,0.5578204869678786,2,0.5,104,donnees_sensibles,0.0,faible
3,0,0,0.0,0.0,0.5578204869678786,2,0.5,104,sauvegardes,0.0,faible
2,1,9,3.6666666666666665,0.728736159906122,0.5578204869678786,2,0.5,104,vpn,12.4,moyen
2,1,8,3.875,0.5,0.5578204869678786,2,0.5,104,routeur,12.1,moyen
4,3,7,3.857142857142857,0.3543333846616806,0.5578204869678786,2,0.5,104,switch,15.1,moyen
3,2,7,4.0,0.4010504342129967,0.5578204869678786,2,0.5,104,postes,20.2,élevé
3,0,0,0.0,0.0,0.5578204869678786,2,0.5,104,serveur_rh,0.0,faible
5,3,5,3.8,0.7588838154773798,0.5578204869678786,2,0.5,104,compte_admin,28.2,élevé
1,1,12,3.5,1.0,0.7427761429237834,0,0.0,104,internet,30.6,élevé
4,2,11,3.4545454545454546,0.5071755275806188,0.7427761429237834,0,0.0,104,pare_feu,22.7,élevé
3,0,0,0.0,0.0,0.7427761429237834,0,0.0,104,serveur_web,0.0,faible
4,1,3,4.0,0.8069111140111946,0.7427761429237834,0,0.0,104,serveur_app,23.2,élevé
4,2,2,4.0,0.872211476087603,0.7427761429237834,0,0.0,104,base_donnees,18.5,moyen
5,0,0,0.0,0.0,0.7427761429237834,0,0.0,104,donnees_sensibles,0.0,faible
3,0,0,0.0,0.0,0.7427761429237834,0,0.0,104,sauvegardes,0.0,faible
2,1,9,3.6666666666666665,0.728736159906122,0.7427761429237834,0,0.0,104,vpn,35.9,critique
2,1,8,3.875,1.0,0.7427761429237834,0,0.0,104,routeur,44.4,critique
4,3,7,3.857142857142857,0.7086667693233611,0.7427761429237834,0,0.0,104,switch,36.4,critique
3,2,7,4.0,0.5936726255622754,0.7427761429237834,0,0.0,104,postes,30.4,élevé
3,0,0,0.0,0.0,0.7427761429237834,0,0.0,104,serveur_rh,0.0,faible
5,3,5,3.8,0.7588838154773798,0.7427761429237834,0,0.0,104,compte_admin,36.2,critique
1,1,12,3.8333333333333335,0.9167502747687589,0.6938013839245797,1,0.11764705882352941,105,internet,31.6,élevé
4,2,11,3.8181818181818183,0.5210445862055274,0.6938013839245797,1,0.11764705882352941,105,pare_feu,27.5,élevé
4,1,4,5.0,0.4091503331608932,0.6938013839245797,1,0.11764705882352941,105,serveur_web,14.1,moyen
5,1,3,5.0,0.7785595541447043,0.6938013839245797,1,0.11764705882352941,105,serveur_app,23.4,élevé
5,2,2,5.0,0.7632790451014274,0.6938013839245797,1,0.11764705882352941,105,base_donnees,18.2,moyen
5,0,0,0.0,0.0,0.6938013839245797,1,0.11764705882352941,105,donnees_sensibles,0.0,faible
5,0,0,0.0,0.0,0.6938013839245797,1,0.11764705882352941,105,sauvegardes,0.0,faible
2,1,9,4.0,0.9712513997660012,0.6938013839245797,1,0.11764705882352941,105,vpn,38.7,critique
3,1,8,4.125,1.0,0.6938013839245797,1,0.11764705882352941,105,routeur,33.9,élevé
2,2,7,4.428571428571429,0.6900234983428273,0.6938013839245797,1,0.11764705882352941,105,switch,28.7,élevé
3,2,7,4.285714285714286,0.44855503454789136,0.6938013839245797,1,0.11764705882352941,105,postes,22.4,élevé
3,0,0,0.0,0.0,0.6938013839245797,1,0.11764705882352941,105,serveur_rh,0.0,faible
5,4,5,4.6,0.7182769091205377,0.6938013839245797,1,0.11764705882352941,105,compte_admin,39.5,critique
1,1,12,3.8333333333333335,0.9167502747687589,0.7311788610220307,0,0.0,105,internet,44.9,critique
4,2,11,3.8181818181818183,0.702369697146896,0.7311788610220307,0,0.0,105,pare_feu,43.0,critique
4,1,4,5.0,0.6819172219348221,0.7311788610220307,0,0.0,105,serveur_web,23.5,élevé
5,1,3,5.0,0.7785595541447043,0.7311788610220307,0,0.0,105,serveur_app,23.4,élevé
5,2,2,5.0,0.7632790451014274,0.7311788610220307,0,0.0,105,base_donnees,18.2,moyen
5,0,0,0.0,0.0,0.7311788610220307,0,0.0,105,donnees_sensibles,0.0,faible
5,0,0,0.0,0.0,0.7311788610220307,0,0.0,105,sauvegardes,0.0,faible
2,1,9,4.0,0.9712513997660012,0.7311788610220307,0,0.0,105,vpn,38.7,critique
3,1,8,4.125,1.0,0.7311788610220307,0,0.0,105,routeur,33.9,élevé
2,2,7,4.428571428571429,0.6900234983428273,0.7311788610220307,0,0.0,105,switch,28.7,élevé
3,2,7,4.285714285714286,0.44855503454789136,0.7311788610220307,0,0.0,105,postes,22.4,élevé
3,0,0,0.0,0.0,0.7311788610220307,0,0.0,105,serveur_rh,0.0,faible
5,4,5,4.6,0.7182769091205377,0.7311788610220307,0,0.0,105,compte_admin,39.5,critique
1,1,12,3.8333333333333335,0.9167502747687589,0.6938013839245797,1,0.11764705882352941,105,internet,31.6,élevé
4,2,11,3.8181818181818183,0.5210445862055274,0.6938013839245797,1,0.11764705882352941,105,pare_feu,27.5,élevé
4,1,4,5.0,0.4091503331608932,0.6938013839245797,1,0.11764705882352941,105,serveur_web,14.1,moyen
5,1,3,5.0,0.7785595541447043,0.6938013839245797,1,0.11764705882352941,105,serveur_app,23.4,élevé
5,2,2,5.0,0.7632790451014274,0.6938013839245797,1,0.11764705882352941,105,base_donnees,18.2,moyen
5,0,0,0.0,0.0,0.6938013839245797,1,0.11764705882352941,105,donnees_sensibles,0.0,faible
5,0,0,0.0,0.0,0.6938013839245797,1,0.11764705882352941,105,sauvegardes,0.0,faible
2,1,9,4.0,0.9712513997660012,0.6938013839245797,1,0.11764705882352941,105,vpn,38.7,critique
3,1,8,4.125,1.0,0.6938013839245797,1,0.11764705882352941,105,routeur,33.9,élevé
2,2,7,4.428571428571429,0.6900234983428273,0.6938013839245797,1,0.11764705882352941,105,switch,28.7,élevé
3,2,7,4.285714285714286,0.44855503454789136,0.6938013839245797,1,0.11764705882352941,105,postes,22.4,élevé
3,0,0,0.0,0.0,0.6938013839245797,1,0.11764705882352941,105,serveur_rh,0.0,faible
5,4,5,4.6,0.7182769091205377,0.6938013839245797,1,0.11764705882352941,105,compte_admin,39.5,critique
1,1,12,3.8333333333333335,0.9167502747687589,0.4942054723647645,3,0.6470588235294118,105,internet,20.8,élevé
4,2,11,3.8181818181818183,0.5210445862055274,0.4942054723647645,3,0.6470588235294118,105,pare_feu,14.9,moyen
4,1,4,5.0,0.2045751665804466,0.4942054723647645,3,0.6470588235294118,105,serveur_web,3.4,faible
5,1,3,5.0,0.2335678662434113,0.4942054723647645,3,0.6470588235294118,105,serveur_app,5.1,faible
5,2,2,5.0,0.4192381051534212,0.4942054723647645,3,0.6470588235294118,105,base_donnees,10.0,moyen
5,0,0,0.0,0.0,0.4942054723647645,3,0.6470588235294118,105,donnees_sensibles,0.0,faible
5,0,0,0.0,0.0,0.4942054723647645,3,0.6470588235294118,105,sauvegardes,0.0,faible
2,1,9,4.0,0.9712513997660012,0.4942054723647645,3,0.6470588235294118,105,vpn,13.1,moyen
3,1,8,4.125,0.5,0.4942054723647645,3,0.6470588235294118,105,routeur,7.0,faible
2,2,7,4.428571428571429,0.34501174917141364,0.4942054723647645,3,0.6470588235294118,105,switch,9.3,faible
3,2,7,4.285714285714286,0.2445494657895887,0.4942054723647645,3,0.6470588235294118,105,postes,10.9,moyen
3,0,0,0.0,0.0,0.4942054723647645,3,0.6470588235294118,105,serveur_rh,0.0,faible
5,4,5,4.6,0.6289151275506191,0.4942054723647645,3,0.6470588235294118,105,compte_admin,30.1,élevé
2,1,10,3.8,1.0,0.5547354430777782,2,0.5,106,internet,18.8,moyen
4,1,9,3.7777777777777777,0.5990937405859574,0.5547354430777782,2,0.5,106,pare_feu,10.8,moyen
4,1,4,4.75,0.15037035988629713,0.5547354430777782,2,0.5,106,serveur_web,2.9,faible
5,1,3,4.666666666666667,0.371962624062843,0.5547354430777782,2,0.5,106,serveur_app,8.8,faible
5,2,2,4.5,0.5701586349667428,0.5547354430777782,2,0.5,106,base_donnees,12.2,moyen
5,0,0,0.0,0.0,0.5547354430777782,2,0.5,106,donnees_sensibles,0.0,faible
4,0,0,0.0,0.0,0.5547354430777782,2,0.5,106,sauvegardes,0.0,faible
4,1,8,3.75,0.8095754781993822,0.5547354430777782,2,0.5,106,vpn,9.1,faible
2,1,7,4.0,0.44082589406163675,0.5547354430777782,2,0.5,106,routeur,6.5,faible
2,3,6,4.333333333333333,0.3548080313615995,0.5547354430777782,2,0.5,106,switch,10.6,moyen
2,1,6,4.333333333333333,0.3286939848576853,0.5547354430777782,2,0.5,106,postes,4.2,faible
5,0,0,0.0,0.0,0.5547354430777782,2,0.5,106,serveur_rh,0.0,faible
5,4,5,4.8,0.7426259108930916,0.5547354430777782,2,0.5,106,compte_admin,37.4,critique
2,1,10,3.8,1.0,0.5011968078192532,3,0.625,106,internet,18.3,moyen
4,1,9,3.7777777777777777,0.5990937405859574,0.5011968078192532,3,0.625,106,pare_feu,10.2,moyen
4,1,4,4.75,0.15037035988629713,0.5011968078192532,3,0.625,106,serveur_web,2.3,faible
5,1,3,4.666666666666667,0.22317757443770578,0.5011968078192532,3,0.625,106,serveur_app,4.4,faible
5,2,2,4.5,0.41146135295663155,0.5011968078192532,3,0.625,106,base_donnees,8.6,faible
5,0,0,0.0,0.0,0.5011968078192532,3,0.625,106,donnees_sensibles,0.0,faible
4,0,0,0.0,0.0,0.5011968078192532,3,0.625,106,sauvegardes,0.0,faible
4,1,8,3.75,0.8095754781993822,0.5011968078192532,3,0.625,106,vpn,8.2,faible
2,1,7,4.0,0.44082589406163675,0.5011968078192532,3,0.625,106,routeur,5.4,faible
2,3,6,4.333333333333333,0.3069530974816684,0.5011968078192532,3,0.625,106,switch,8.0,faible
2,1,6,4.333333333333333,0.3286939848576853,0.5011968078192532,3,0.625,106,postes,3.4,faible
5,0,0,0.0,0.0,0.5011968078192532,3,0.625,106,serveur_rh,0.0,faible
5,4,5,4.8,0.6809074736802799,0.5011968078192532,3,0.625,106,compte_admin,31.0,élevé
2,1,10,3.8,1.0,0.35250102272469014,3,0.9375,106,internet,11.3,moyen
4,1,9,3.7777777777777777,0.239637496234383,0.35250102272469014,3,0.9375,106,pare_feu,2.9,faible
4,1,4,4.75,0.25061726647716187,0.35250102272469014,3,0.9375,106,serveur_web,3.9,faible
5,1,3,4.666666666666667,0.22317757443770578,0.35250102272469014,3,0.9375,106,serveur_app,4.4,faible
5,2,2,4.5,0.41146135295663155,0.35250102272469014,3,0.9375,106,base_donnees,8.6,faible
5,0,0,0.0,0.0,0.35250102272469014,3,0.9375,106,donnees_sensibles,0.0,faible
4,0,0,0.0,0.0,0.35250102272469014,3,0.9375,106,sauvegardes,0.0,faible
4,1,8,3.75,0.32383019127975293,0.35250102272469014,3,0.9375,106,vpn,3.3,faible
2,1,7,4.0,0.44082589406163675,0.35250102272469014,3,0.9375,106,routeur,5.4,faible
2,3,6,4.333333333333333,0.3069530974816684,0.35250102272469014,3,0.9375,106,switch,8.0,faible
2,1,6,4.333333333333333,0.3286939848576853,0.35250102272469014,3,0.9375,106,postes,3.4,faible
5,0,0,0.0,0.0,0.35250102272469014,3,0.9375,106,serveur_rh,0.0,faible
5,4,5,4.8,0.27236298947211196,0.35250102272469014,3,0.9375,106,compte_admin,12.4,moyen
2,1,10,3.8,1.0,0.3462355910627611,4,0.9375,106,internet,11.3,moyen
4,1,9,3.7777777777777777,0.239637496234383,0.3462355910627611,4,0.9375,106,pare_feu,2.9,faible
4,1,4,4.75,0.15037035988629713,0.3462355910627611,4,0.9375,106,serveur_web,2.3,faible
5,1,3,4.666666666666667,0.22317757443770578,0.3462355910627611,4,0.9375,106,serveur_app,4.4,faible
5,2,2,4.5,0.41146135295663155,0.3462355910627611,4,0.9375,106,base_donnees,8.6,faible
5,0,0,0.0,0.0,0.3462355910627611,4,0.9375,106,donnees_sensibles,0.0,faible
4,0,0,0.0,0.0,0.3462355910627611,4,0.9375,106,sauvegardes,0.0,faible
4,1,8,3.75,0.32383019127975293,0.3462355910627611,4,0.9375,106,vpn,3.3,faible
2,1,7,4.0,0.44082589406163675,0.3462355910627611,4,0.9375,106,routeur,5.4,faible
2,3,6,4.333333333333333,0.3069530974816684,0.3462355910627611,4,0.9375,106,switch,8.0,faible
2,1,6,4.333333333333333,0.3286939848576853,0.3462355910627611,4,0.9375,106,postes,3.4,faible
5,0,0,0.0,0.0,0.3462355910627611,4,0.9375,106,serveur_rh,0.0,faible
5,4,5,4.8,0.27236298947211196,0.3462355910627611,4,0.9375,106,compte_admin,12.4,moyen
2,1,8,3.125,1.0,0.5082697393772053,2,0.5625,107,internet,25.8,élevé
4,2,7,3.0,0.6692589485918955,0.5082697393772053,2,0.5625,107,pare_feu,17.5,moyen
4,1,1,5.0,0.3315052165371667,0.5082697393772053,2,0.5625,107,serveur_web,4.0,faible
5,0,0,0.0,0.0,0.5082697393772053,2,0.5625,107,serveur_app,0.0,faible
5,2,2,4.5,0.33965353462788783,0.5082697393772053,2,0.5625,107,base_donnees,7.7,faible
5,0,0,0.0,0.0,0.5082697393772053,2,0.5625,107,donnees_sensibles,0.0,faible
4,0,0,0.0,0.0,0.5082697393772053,2,0.5625,107,sauvegardes,0.0,faible
2,1,5,3.0,0.9770911811765878,0.5082697393772053,2,0.5625,107,vpn,8.2,faible
2,1,4,3.25,0.3608403951326179,0.5082697393772053,2,0.5625,107,routeur,3.8,faible
2,3,3,3.6666666666666665,0.2544998183797116,0.5082697393772053,2,0.5625,107,switch,6.0,faible
2,1,3,3.6666666666666665,0.29941165142132586,0.5082697393772053,2,0.5625,107,postes,2.7,faible
4,0,0,0.0,0.0,0.5082697393772053,2,0.5625,107,serveur_rh,0.0,faible
5,4,5,4.6,0.5955357410472214,0.5082697393772053,2,0.5625,107,compte_admin,28.6,élevé
2,1,8,3.125,1.0,0.5082697393772053,2,0.5625,107,internet,25.8,élevé
4,2,7,3.0,0.6692589485918955,0.5082697393772053,2,0.5625,107,pare_feu,17.5,moyen
4,1,1,5.0,0.3315052165371667,0.5082697393772053,2,0.5625,107,serveur_web,4.0,faible
5,0,0,0.0,0.0,0.5082697393772053,2,0.5625,107,serveur_app,0.0,faible
5,2,2,4.5,0.33965353462788783,0.5082697393772053,2,0.5625,107,base_donnees,7.7,faible
5,0,0,0.0,0.0,0.5082697393772053,2,0.5625,107,donnees_sensibles,0.0,faible
4,0,0,0.0,0.0,0.5082697393772053,2,0.5625,107,sauvegardes,0.0,faible
2,1,5,3.0,0.9770911811765878,0.5082697393772053,2,0.5625,107,vpn,8.2,faible
2,1,4,3.25,0.3608403951326179,0.5082697393772053,2,0.5625,107,routeur,3.8,faible
2,3,3,3.6666666666666665,0.2544998183797116,0.5082697393772053,2,0.5625,107,switch,6.0,faible
2,1,3,3.6666666666666665,0.29941165142132586,0.5082697393772053,2,0.5625,107,postes,2.7,faible
4,0,0,0.0,0.0,0.5082697393772053,2,0.5625,107,serveur_rh,0.0,faible
5,4,5,4.6,0.5955357410472214,0.5082697393772053,2,0.5625,107,compte_admin,28.6,élevé
2,1,8,3.125,1.0,0.6504243895770336,1,0.125,107,internet,25.0,élevé
4,2,7,3.0,0.49724426057124427,0.6504243895770336,1,0.125,107,pare_feu,16.6,moyen
4,1,1,5.0,0.3978062598446,0.6504243895770336,1,0.125,107,serveur_web,4.7,faible
5,0,0,0.0,0.0,0.6504243895770336,1,0.125,107,serveur_app,0.0,faible
5,2,2,4.5,0.6036374764803975,0.6504243895770336,1,0.125,107,base_donnees,13.6,moyen
5,0,0,0.0,0.0,0.6504243895770336,1,0.125,107,donnees_sensibles,0.0,faible
4,0,0,0.0,0.0,0.6504243895770336,1,0.125,107,sauvegardes,0.0,faible
2,1,5,3.0,0.9770911811765878,0.6504243895770336,1,0.125,107,vpn,17.8,moyen
2,1,4,3.25,0.7216807902652358,0.6504243895770336,1,0.125,107,routeur,13.7,moyen
2,3,3,3.6666666666666665,0.5979914603319205,0.6504243895770336,1,0.125,107,switch,14.4,moyen
2,1,3,3.6666666666666665,0.5988233028426517,0.6504243895770336,1,0.125,107,postes,9.6,faible
4,0,0,0.0,0.0,0.6504243895770336,1,0.125,107,serveur_rh,0.0,faible
5,4,5,4.6,0.6789127110011044,0.6504243895770336,1,0.125,107,compte_admin,37.6,critique
2,1,8,3.125,1.0,0.6885014864064734,0,0.0,107,internet,32.3,élevé
4,2,7,3.0,0.6692589485918955,0.6885014864064734,0,0.0,107,pare_feu,24.3,élevé
4,1,1,5.0,0.6630104330743334,0.6885014864064734,0,0.0,107,serveur_web,7.9,faible
5,0,0,0.0,0.0,0.6885014864064734,0,0.0,107,serveur_app,0.0,faible
5,2,2,4.5,0.6036374764803975,0.6885014864064734,0,0.0,107,base_donnees,13.6,moyen
5,0,0,0.0,0.0,0.6885014864064734,0,0.0,107,donnees_sensibles,0.0,faible
4,0,0,0.0,0.0,0.6885014864064734,0,0.0,107,sauvegardes,0.0,faible
2,1,5,3.0,0.9770911811765878,0.6885014864064734,0,0.0,107,vpn,17.8,moyen
2,1,4,3.25,0.7216807902652358,0.6885014864064734,0,0.0,107,routeur,13.7,moyen
2,3,3,3.6666666666666665,0.5979914603319205,0.6885014864064734,0,0.0,107,switch,14.4,moyen
2,1,3,3.6666666666666665,0.5988233028426517,0.6885014864064734,0,0.0,107,postes,9.6,faible
4,0,0,0.0,0.0,0.6885014864064734,0,0.0,107,serveur_rh,0.0,faible
5,4,5,4.6,0.6789127110011044,0.6885014864064734,0,0.0,107,compte_admin,37.6,critique
1,1,11,3.4545454545454546,0.9083898922606636,0.48477294257493886,3,0.6470588235294118,108,internet,11.3,moyen
4,1,10,3.4,0.20055674416195757,0.48477294257493886,3,0.6470588235294118,108,pare_feu,2.9,faible
3,1,4,4.25,0.46119108772327594,0.48477294257493886,3,0.6470588235294118,108,serveur_web,8.3,faible
3,1,3,4.666666666666667,0.3984071911676216,0.48477294257493886,3,0.6470588235294118,108,serveur_app,10.4,moyen
5,2,2,4.5,0.5810510636264918,0.48477294257493886,3,0.6470588235294118,108,base_donnees,14.0,moyen
5,0,0,0.0,0.0,0.48477294257493886,3,0.6470588235294118,108,donnees_sensibles,0.0,faible
4,0,0,0.0,0.0,0.48477294257493886,3,0.6470588235294118,108,sauvegardes,0.0,faible
2,1,9,3.5555555555555554,0.34454603581905124,0.48477294257493886,3,0.6470588235294118,108,vpn,8.6,faible
2,1,8,3.75,0.7307310270629479,0.48477294257493886,3,0.6470588235294118,108,routeur,20.0,élevé
3,3,7,3.857142857142857,0.686205072932237,0.48477294257493886,3,0.6470588235294118,108,switch,20.4,élevé
2,2,7,4.0,0.420101869116132,0.48477294257493886,3,0.6470588235294118,108,postes,16.7,moyen
3,0,0,0.0,0.0,0.48477294257493886,3,0.6470588235294118,108,serveur_rh,0.0,faible
5,4,5,4.0,0.2840992403241208,0.48477294257493886,3,0.6470588235294118,108,compte_admin,12.1,moyen
1,1,11,3.4545454545454546,0.9083898922606636,0.34705264216146686,3,0.9411764705882353,108,internet,10.4,moyen
4,1,10,3.4,0.20055674416195757,0.34705264216146686,3,0.9411764705882353,108,pare_feu,1.8,faible
3,1,4,4.25,0.3843259064360633,0.34705264216146686,3,0.9411764705882353,108,serveur_web,4.7,faible
3,1,3,4.666666666666667,0.1992035955838108,0.34705264216146686,3,0.9411764705882353,108,serveur_app,4.6,faible
5,2,2,4.5,0.4267704396372818,0.34705264216146686,3,0.9411764705882353,108,base_donnees,10.7,moyen
5,0,0,0.0,0.0,0.34705264216146686,3,0.9411764705882353,108,donnees_sensibles,0.0,faible
4,0,0,0.0,0.0,0.34705264216146686,3,0.9411764705882353,108,sauvegardes,0.0,faible
2,1,9,3.5555555555555554,0.34454603581905124,0.34705264216146686,3,0.9411764705882353,108,vpn,3.7,faible
2,1,8,3.75,0.36536551353147395,0.34705264216146686,3,0.9411764705882353,108,routeur,5.8,faible
3,3,7,3.857142857142857,0.3431025364661185,0.34705264216146686,3,0.9411764705882353,108,switch,8.6,faible
2,2,7,4.0,0.23913088949125721,0.34705264216146686,3,0.9411764705882353,108,postes,6.3,faible
3,0,0,0.0,0.0,0.34705264216146686,3,0.9411764705882353,108,serveur_rh,0.0,faible
5,4,5,4.0,0.2840992403241208,0.34705264216146686,3,0.9411764705882353,108,compte_admin,11.8,moyen
1,1,11,3.4545454545454546,0.9083898922606636,0.5614811966827181,2,0.47058823529411764,108,internet,16.2,moyen
4,1,10,3.4,0.5013918604048939,0.5614811966827181,2,0.47058823529411764,108,pare_feu,8.8,faible
3,1,4,4.25,0.23059554386163797,0.5614811966827181,2,0.47058823529411764,108,serveur_web,3.9,faible
3,1,3,4.666666666666667,0.33200599263968467,0.5614811966827181,2,0.47058823529411764,108,serveur_app,9.2,faible
5,2,2,4.5,0.6084303167359962,0.5614811966827181,2,0.47058823529411764,108,base_donnees,15.6,moyen
5,0,0,0.0,0.0,0.5614811966827181,2,0.47058823529411764,108,donnees_sensibles,0.0,faible
4,0,0,0.0,0.0,0.5614811966827181,2,0.47058823529411764,108,sauvegardes,0.0,faible
2,1,9,3.5555555555555554,0.861365089547628,0.5614811966827181,2,0.47058823529411764,108,vpn,11.6,moyen
2,1,8,3.75,0.36536551353147395,0.5614811966827181,2,0.47058823529411764,108,routeur,8.5,faible
3,3,7,3.857142857142857,0.40203608696115894,0.5614811966827181,2,0.47058823529411764,108,switch,16.2,moyen
2,2,7,4.0,0.4233039374014682,0.5614811966827181,2,0.47058823529411764,108,postes,25.5,élevé
3,0,0,0.0,0.0,0.5614811966827181,2,0.47058823529411764,108,serveur_rh,0.0,faible
5,4,5,4.0,0.7691224205504554,0.5614811966827181,2,0.47058823529411764,108,compte_admin,37.2,critique
1,1,11,3.4545454545454546,0.9083898922606636,0.5707571798985285,1,0.4117647058823529,108,internet,11.7,moyen
4,1,10,3.4,0.20055674416195757,0.5707571798985285,1,0.4117647058823529,108,pare_feu,3.3,faible
3,1,4,4.25,0.7686518128721266,0.5707571798985285,1,0.4117647058823529,108,serveur_web,21.6,élevé
3,1,3,4.666666666666667,0.6640119852793693,0.5707571798985285,1,0.4117647058823529,108,serveur_app,20.4,élevé
5,2,2,4.5,0.7627109407252063,0.5707571798985285,1,0.4117647058823529,108,base_donnees,18.9,moyen
5,0,0,0.0,0.0,0.5707571798985285,1,0.4117647058823529,108,donnees_sensibles,0.0,faible
4,0,0,0.0,0.0,0.5707571798985285,1,0.4117647058823529,108,sauvegardes,0.0,faible
2,1,9,3.5555555555555554,0.34454603581905124,0.5707571798985285,1,0.4117647058823529,108,vpn,10.9,moyen
2,1,8,3.75,0.7307310270629479,0.5707571798985285,1,0.4117647058823529,108,routeur,26.5,élevé
3,3,7,3.857142857142857,0.8040721739223179,0.5707571798985285,1,0.4117647058823529,108,switch,29.5,élevé
2,2,7,4.0,0.45887514236038696,0.5707571798985285,1,0.4117647058823529,108,postes,23.4,élevé
3,0,0,0.0,0.0,0.5707571798985285,1,0.4117647058823529,108,serveur_rh,0.0,faible
5,4,5,4.0,0.3076489682201822,0.5707571798985285,1,0.4117647058823529,108,compte_admin,15.7,moyen
1,1,12,3.8333333333333335,0.8550381084814809,0.3790683640513908,3,0.8823529411764706,109,internet,12.9,moyen
4,2,11,3.8181818181818183,0.38399984367069323,0.3790683640513908,3,0.8823529411764706,109,pare_feu,6.8,faible
2,1,1,4.0,0.20821608765841612,0.3790683640513908,3,0.8823529411764706,109,serveur_web,1.8,faible
4,0,0,0.0,0.0,0.3790683640513908,3,0.8823529411764706,109,serveur_app,0.0,faible
5,2,2,5.0,0.520706436265086,0.3790683640513908,3,0.8823529411764706,109,base_donnees,12.4,moyen
5,0,0,0.0,0.0,0.3790683640513908,3,0.8823529411764706,109,donnees_sensibles,0.0,faible
5,0,0,0.0,0.0,0.3790683640513908,3,0.8823529411764706,109,sauvegardes,0.0,faible
4,1,9,4.0,0.3021453154994582,0.3790683640513908,3,0.8823529411764706,109,vpn,4.9,faible
4,1,8,4.0,0.4925062628771679,0.3790683640513908,3,0.8823529411764706,109,routeur,6.8,faible
2,3,7,4.285714285714286,0.35322989765456797,0.3790683640513908,3,0.8823529411764706,109,switch,8.7,faible
2,2,7,4.285714285714286,0.23864332267816138,0.3790683640513908,3,0.8823529411764706,109,postes,6.0,faible
4,0,0,0.0,0.0,0.3790683640513908,3,0.8823529411764706,109,serveur_rh,0.0,faible
5,4,5,4.6,0.30996687904138404,0.3790683640513908,3,0.8823529411764706,109,compte_admin,15.2,moyen
1,1,12,3.8333333333333335,0.8550381084814809,0.5596429470276733,1,0.4117647058823529,109,internet,18.6,moyen
4,2,11,3.8181818181818183,0.5592322320841507,0.5596429470276733,1,0.4117647058823529,109,pare_feu,13.9,moyen
2,1,1,4.0,0.6940536255280537,0.5596429470276733,1,0.4117647058823529,109,serveur_web,6.2,faible
4,0,0,0.0,0.0,0.5596429470276733,1,0.4117647058823529,109,serveur_app,0.0,faible
5,2,2,5.0,0.7037518964424654,0.5596429470276733,1,0.4117647058823529,109,base_donnees,16.8,moyen
5,0,0,0.0,0.0,0.5596429470276733,1,0.4117647058823529,109,donnees_sensibles,0.0,faible
5,0,0,0.0,0.0,0.5596429470276733,1,0.4117647058823529,109,sauvegardes,0.0,faible
4,1,9,4.0,0.3021453154994582,0.5596429470276733,1,0.4117647058823529,109,vpn,9.6,faible
4,1,8,4.0,0.9850125257543358,0.5596429470276733,1,0.4117647058823529,109,routeur,22.6,élevé
2,3,7,4.285714285714286,0.7064597953091359,0.5596429470276733,1,0.4117647058823529,109,switch,17.4,moyen
2,2,7,4.285714285714286,0.39623268253046995,0.5596429470276733,1,0.4117647058823529,109,postes,12.1,moyen
4,0,0,0.0,0.0,0.5596429470276733,1,0.4117647058823529,109,serveur_rh,0.0,faible
5,4,5,4.6,0.30996687904138404,0.5596429470276733,1,0.4117647058823529,109,compte_admin,15.2,moyen
1,1,12,3.8333333333333335,0.8550381084814809,0.5795925064666317,1,0.4117647058823529,109,internet,23.7,élevé
4,2,11,3.8181818181818183,0.7409591236599112,0.5795925064666317,1,0.4117647058823529,109,pare_feu,20.4,élevé
2,1,1,4.0,0.34702681276402686,0.5795925064666317,1,0.4117647058823529,109,serveur_web,3.1,faible
4,0,0,0.0,0.0,0.5795925064666317,1,0.4117647058823529,109,serveur_app,0.0,faible
5,2,2,5.0,0.520706436265086,0.5795925064666317,1,0.4117647058823529,109,base_donnees,12.4,moyen
5,0,0,0.0,0.0,0.5795925064666317,1,0.4117647058823529,109,donnees_sensibles,0.0,faible
5,0,0,0.0,0.0,0.5795925064666317,1,0.4117647058823529,109,sauvegardes,0.0,faible
4,1,9,4.0,0.7553632887486454,0.5795925064666317,1,0.4117647058823529,109,vpn,13.9,moyen
4,1,8,4.0,0.4925062628771679,0.5795925064666317,1,0.4117647058823529,109,routeur,9.2,faible
2,3,7,4.285714285714286,0.35322989765456797,0.5795925064666317,1,0.4117647058823529,109,switch,13.4,moyen
2,2,7,4.285714285714286,0.3602242669169406,0.5795925064666317,1,0.4117647058823529,109,postes,20.3,élevé
4,0,0,0.0,0.0,0.5795925064666317,1,0.4117647058823529,109,serveur_rh,0.0,faible
5,4,5,4.6,0.7749171976034601,0.5795925064666317,1,0.4117647058823529,109,compte_admin,38.0,critique
1,1,12,3.8333333333333335,0.8550381084814809,0.5508115945882479,2,0.47058823529411764,109,internet,21.0,élevé
4,2,11,3.8181818181818183,0.5657267352464537,0.5508115945882479,2,0.47058823529411764,109,pare_feu,17.0,moyen
2,1,1,4.0,0.20821608765841612,0.5508115945882479,2,0.47058823529411764,109,serveur_web,1.8,faible
4,0,0,0.0,0.0,0.5508115945882479,2,0.47058823529411764,109,serveur_app,0.0,faible
5,2,2,5.0,0.520706436265086,0.5508115945882479,2,0.47058823529411764,109,base_donnees,12.4,moyen
5,0,0,0.0,0.0,0.5508115945882479,2,0.47058823529411764,109,donnees_sensibles,0.0,faible
5,0,0,0.0,0.0,0.5508115945882479,2,0.47058823529411764,109,sauvegardes,0.0,faible
4,1,9,4.0,0.7553632887486454,0.5508115945882479,2,0.47058823529411764,109,vpn,13.9,moyen
4,1,8,4.0,0.4925062628771679,0.5508115945882479,2,0.47058823529411764,109,routeur,9.2,faible
2,3,7,4.285714285714286,0.35322989765456797,0.5508115945882479,2,0.47058823529411764,109,switch,13.4,moyen
2,2,7,4.285714285714286,0.3602242669169406,0.5508115945882479,2,0.47058823529411764,109,postes,20.3,élevé
4,0,0,0.0,0.0,0.5508115945882479,2,0.47058823529411764,109,serveur_rh,0.0,faible
5,4,5,4.6,0.7749171976034601,0.5508115945882479,2,0.47058823529411764,109,compte_admin,38.0,critique
1,1,11,3.8181818181818183,1.0,0.7222183239749873,0,0.0,110,internet,24.2,élevé
3,1,10,3.9,0.531744419861159,0.7222183239749873,0,0.0,110,pare_feu,18.5,moyen
4,1,4,4.5,0.7681338424649488,0.7222183239749873,0,0.0,110,serveur_web,21.7,élevé
4,1,3,4.666666666666667,0.7800866312185828,0.7222183239749873,0,0.0,110,serveur_app,19.0,moyen
4,2,2,5.0,0.6453808041909054,0.7222183239749873,0,0.0,110,base_donnees,15.0,moyen
5,0,0,0.0,0.0,0.7222183239749873,0,0.0,110,donnees_sensibles,0.0,faible
5,0,0,0.0,0.0,0.7222183239749873,0,0.0,110,sauvegardes,0.0,faible
4,1,9,3.888888888888889,0.7341704472416297,0.7222183239749873,0,0.0,110,vpn,26.3,élevé
3,1,8,4.0,0.6959090351227802,0.7222183239749873,0,0.0,110,routeur,28.2,élevé
3,3,7,4.142857142857143,0.8385030927729908,0.7222183239749873,0,0.0,110,switch,33.7,élevé
2,2,7,4.285714285714286,0.36692874194447145,0.7222183239749873,0,0.0,110,postes,19.8,moyen
4,0,0,0.0,0.0,0.7222183239749873,0,0.0,110,serveur_rh,0.0,faible
5,4,5,4.4,0.8068846902689895,0.7222183239749873,0,0.0,110,compte_admin,41.5,critique
1,1,11,3.8181818181818183,1.0,0.47721748939126474,3,0.6470588235294118,110,internet,15.9,moyen
3,1,10,3.9,0.531744419861159,0.47721748939126474,3,0.6470588235294118,110,pare_feu,9.8,faible
4,1,4,4.5,0.23044015273948462,0.47721748939126474,3,0.6470588235294118,110,serveur_web,3.1,faible
4,1,3,4.666666666666667,0.23402598936557484,0.47721748939126474,3,0.6470588235294118,110,serveur_app,4.1,faible
4,2,2,5.0,0.3606616494841027,0.47721748939126474,3,0.6470588235294118,110,base_donnees,8.4,faible
5,0,0,0.0,0.0,0.47721748939126474,3,0.6470588235294118,110,donnees_sensibles,0.0,faible
5,0,0,0.0,0.0,0.47721748939126474,3,0.6470588235294118,110,sauvegardes,0.0,faible
4,1,9,3.888888888888889,0.7341704472416297,0.47721748939126474,3,0.6470588235294118,110,vpn,9.6,faible
3,1,8,4.0,0.3479545175613901,0.47721748939126474,3,0.6470588235294118,110,routeur,6.0,faible
3,3,7,4.142857142857143,0.3611107849199157,0.47721748939126474,3,0.6470588235294118,110,switch,10.4,moyen
2,2,7,4.285714285714286,0.19854737490474056,0.47721748939126474,3,0.6470588235294118,110,postes,8.9,faible
4,0,0,0.0,0.0,0.47721748939126474,3,0.6470588235294118,110,serveur_rh,0.0,faible
5,4,5,4.4,0.7081528473362071,0.47721748939126474,3,0.6470588235294118,110,compte_admin,32.0,élevé
1,1,11,3.8181818181818183,1.0,0.5349052792053822,2,0.47058823529411764,110,internet,10.4,moyen
3,1,10,3.9,0.2126977679444636,0.5349052792053822,2,0.47058823529411764,110,pare_feu,4.0,faible
4,1,4,4.5,0.46088030547896924,0.5349052792053822,2,0.47058823529411764,110,serveur_web,13.0,moyen
4,1,3,4.666666666666667,0.7800866312185828,0.5349052792053822,2,0.47058823529411764,110,serveur_app,19.0,moyen
4,2,2,5.0,0.6453808041909054,0.5349052792053822,2,0.47058823529411764,110,base_donnees,15.0,moyen
5,0,0,0.0,0.0,0.5349052792053822,2,0.47058823529411764,110,donnees_sensibles,0.0,faible
5,0,0,0.0,0.0,0.5349052792053822,2,0.47058823529411764,110,sauvegardes,0.0,faible
4,1,9,3.888888888888889,0.2936681788966519,0.5349052792053822,2,0.47058823529411764,110,vpn,10.1,moyen
3,1,8,4.0,0.6959090351227802,0.5349052792053822,2,0.47058823529411764,110,routeur,26.8,élevé
3,3,7,4.142857142857143,0.8385030927729908,0.5349052792053822,2,0.47058823529411764,110,switch,31.6,élevé
2,2,7,4.285714285714286,0.2764307183494422,0.5349052792053822,2,0.47058823529411764,110,postes,15.1,moyen
4,0,0,0.0,0.0,0.5349052792053822,2,0.47058823529411764,110,serveur_rh,0.0,faible
5,4,5,4.4,0.3227538761075958,0.5349052792053822,2,0.47058823529411764,110,compte_admin,16.6,moyen
1,1,11,3.8181818181818183,1.0,0.6351453472933826,1,0.29411764705882354,110,internet,21.5,élevé
3,1,10,3.9,0.531744419861159,0.6351453472933826,1,0.29411764705882354,110,pare_feu,15.7,moyen
4,1,4,4.5,0.7681338424649488,0.6351453472933826,1,0.29411764705882354,110,serveur_web,14.6,moyen
4,1,3,4.666666666666667,0.4680519787311497,0.6351453472933826,1,0.29411764705882354,110,serveur_app,9.7,faible
4,2,2,5.0,0.4934958146363053,0.6351453472933826,1,0.29411764705882354,110,base_donnees,11.5,moyen
5,0,0,0.0,0.0,0.6351453472933826,1,0.29411764705882354,110,donnees_sensibles,0.0,faible
5,0,0,0.0,0.0,0.6351453472933826,1,0.29411764705882354,110,sauvegardes,0.0,faible
4,1,9,3.888888888888889,0.7341704472416297,0.6351453472933826,1,0.29411764705882354,110,vpn,20.9,élevé
3,1,8,4.0,0.6959090351227802,0.6351453472933826,1,0.29411764705882354,110,routeur,21.0,élevé
3,3,7,4.142857142857143,0.7222215698398314,0.6351453472933826,1,0.29411764705882354,110,switch,23.3,élevé
2,2,7,4.285714285714286,0.30659672621445194,0.6351453472933826,1,0.29411764705882354,110,postes,12.7,moyen
4,0,0,0.0,0.0,0.6351453472933826,1,0.29411764705882354,110,serveur_rh,0.0,faible
5,4,5,4.4,0.7081528473362071,0.6351453472933826,1,0.29411764705882354,110,compte_admin,32.0,élevé
1,1,12,3.75,0.888233081590277,0.41273704315384435,2,0.8333333333333334,111,internet,19.6,moyen
4,2,11,3.727272727272727,0.4460572606769301,0.41273704315384435,2,0.8333333333333334,111,pare_feu,14.1,moyen
4,1,4,4.0,0.4052641676911676,0.41273704315384435,2,0.8333333333333334,111,serveur_web,7.3,faible
4,1,3,4.0,0.38900820945327286,0.41273704315384435,2,0.8333333333333334,111,serveur_app,8.6,faible
5,2,2,3.5,0.5724032546871762,0.41273704315384435,2,0.8333333333333334,111,base_donnees,10.3,moyen
4,0,0,0.0,0.0,0.41273704315384435,2,0.8333333333333334,111,donnees_sensibles,0.0,faible
3,0,0,0.0,0.0,0.41273704315384435,2,0.8333333333333334,111,sauvegardes,0.0,faible
3,1,9,3.7777777777777777,0.35599363936379497,0.41273704315384435,2,0.8333333333333334,111,vpn,6.8,faible
4,1,8,3.75,0.5,0.41273704315384435,2,0.8333333333333334,111,routeur,9.9,faible
3,3,7,3.857142857142857,0.38786905063700594,0.41273704315384435,2,0.8333333333333334,111,switch,12.4,moyen
1,2,7,4.142857142857143,0.24511054555429448,0.41273704315384435,2,0.8333333333333334,111,postes,8.1,faible
5,0,0,0.0,0.0,0.41273704315384435,2,0.8333333333333334,111,serveur_rh,0.0,faible
5,4,5,4.2,0.30000460123071676,0.41273704315384435,2,0.8333333333333334,111,compte_admin,15.8,moyen
1,1,12,3.75,0.888233081590277,0.5112782920340435,2,0.6111111111111112,111,internet,27.2,élevé
4,2,11,3.727272727272727,0.6383270734924522,0.5112782920340435,2,0.6111111111111112,111,pare_feu,23.3,élevé
4,1,4,4.0,0.4052641676911676,0.5112782920340435,2,0.6111111111111112,111,serveur_web,5.7,faible
4,1,3,4.0,0.2334049256719637,0.5112782920340435,2,0.6111111111111112,111,serveur_app,4.4,faible
5,2,2,3.5,0.4119081487294826,0.5112782920340435,2,0.6111111111111112,111,base_donnees,7.2,faible
4,0,0,0.0,0.0,0.5112782920340435,2,0.6111111111111112,111,donnees_sensibles,0.0,faible
3,0,0,0.0,0.0,0.5112782920340435,2,0.6111111111111112,111,sauvegardes,0.0,faible
3,1,9,3.7777777777777777,0.8899840984094873,0.5112782920340435,2,0.6111111111111112,111,vpn,15.9,moyen
4,1,8,3.75,0.5,0.5112782920340435,2,0.6111111111111112,111,routeur,8.8,faible
3,3,7,3.857142857142857,0.3306634636083066,0.5112782920340435,2,0.6111111111111112,111,switch,10.1,moyen
1,2,7,4.142857142857143,0.29586516676611596,0.5112782920340435,2,0.6111111111111112,111,postes,13.5,moyen
5,0,0,0.0,0.0,0.5112782920340435,2,0.6111111111111112,111,serveur_rh,0.0,faible
5,4,5,4.2,0.6504829536122168,0.5112782920340435,2,0.6111111111111112,111,compte_admin,29.6,élevé
1,1,12,3.75,0.888233081590277,0.7522091839446561,0,0.0,111,internet,45.0,critique
4,2,11,3.727272727272727,0.6383270734924522,0.7522091839446561,0,0.0,111,pare_feu,44.8,critique
4,1,4,4.0,0.8105283353823352,0.7522091839446561,0,0.0,111,serveur_web,23.1,élevé
4,1,3,4.0,0.7780164189065457,0.7522091839446561,0,0.0,111,serveur_app,19.0,moyen
5,2,2,3.5,0.7435687444801184,0.7522091839446561,0,0.0,111,base_donnees,12.8,moyen
4,0,0,0.0,0.0,0.7522091839446561,0,0.0,111,donnees_sensibles,0.0,faible
3,0,0,0.0,0.0,0.7522091839446561,0,0.0,111,sauvegardes,0.0,faible
3,1,9,3.7777777777777777,0.8899840984094873,0.7522091839446561,0,0.0,111,vpn,44.9,critique
4,1,8,3.75,1.0,0.7522091839446561,0,0.0,111,routeur,42.1,critique
3,3,7,3.857142857142857,0.7757381012740119,0.7522091839446561,0,0.0,111,switch,34.1,élevé
1,2,7,4.142857142857143,0.5409757123204104,0.7522091839446561,0,0.0,111,postes,30.4,élevé
5,0,0,0.0,0.0,0.7522091839446561,0,0.0,111,serveur_rh,0.0,faible
5,4,5,4.2,0.7500115030767919,0.7522091839446561,0,0.0,111,compte_admin,40.3,critique
1,1,12,3.75,0.888233081590277,0.7522091839446561,0,0.0,111,internet,45.0,critique
4,2,11,3.727272727272727,0.6383270734924522,0.7522091839446561,0,0.0,111,pare_feu,44.8,critique
4,1,4,4.0,0.8105283353823352,0.7522091839446561,0,0.0,111,serveur_web,23.1,élevé
4,1,3,4.0,0.7780164189065457,0.7522091839446561,0,0.0,111,serveur_app,19.0,moyen
5,2,2,3.5,0.7435687444801184,0.7522091839446561,0,0.0,111,base_donnees,12.8,moyen
4,0,0,0.0,0.0,0.7522091839446561,0,0.0,111,donnees_sensibles,0.0,faible
3,0,0,0.0,0.0,0.7522091839446561,0,0.0,111,sauvegardes,0.0,faible
3,1,9,3.7777777777777777,0.8899840984094873,0.7522091839446561,0,0.0,111,vpn,44.9,critique
4,1,8,3.75,1.0,0.7522091839446561,0,0.0,111,routeur,42.1,critique
3,3,7,3.857142857142857,0.7757381012740119,0.7522091839446561,0,0.0,111,switch,34.1,élevé
1,2,7,4.142857142857143,0.5409757123204104,0.7522091839446561,0,0.0,111,postes,30.4,élevé
5,0,0,0.0,0.0,0.7522091839446561,0,0.0,111,serveur_rh,0.0,faible
5,4,5,4.2,0.7500115030767919,0.7522091839446561,0,0.0,111,compte_admin,40.3,critique
2,1,12,4.0,1.0,0.554898936173767,2,0.47058823529411764,112,internet,21.3,élevé
5,2,11,3.909090909090909,0.4464969319529939,0.554898936173767,2,0.47058823529411764,112,pare_feu,11.6,moyen
4,1,4,4.25,0.16538879936654424,0.554898936173767,2,0.47058823529411764,112,serveur_web,2.3,faible
3,1,3,4.666666666666667,0.29997788741776327,0.554898936173767,2,0.47058823529411764,112,serveur_app,7.2,faible
5,2,2,4.5,0.6665840377528309,0.554898936173767,2,0.47058823529411764,112,base_donnees,14.1,moyen
5,0,0,0.0,0.0,0.554898936173767,2,0.47058823529411764,112,donnees_sensibles,0.0,faible
4,0,0,0.0,0.0,0.554898936173767,2,0.47058823529411764,112,sauvegardes,0.0,faible
3,1,9,4.0,0.5649537162859974,0.554898936173767,2,0.47058823529411764,112,vpn,8.6,faible
3,1,8,4.125,0.40227641450679136,0.554898936173767,2,0.47058823529411764,112,routeur,8.9,faible
4,3,7,4.142857142857143,0.36906966802937147,0.554898936173767,2,0.47058823529411764,112,switch,14.0,moyen
3,1,6,4.333333333333333,0.2941005552746879,0.554898936173767,2,0.47058823529411764,112,postes,14.9,moyen
4,0,0,0.0,0.0,0.554898936173767,2,0.47058823529411764,112,serveur_rh,0.0,faible
5,4,5,4.2,0.8433033996506225,0.554898936173767,2,0.47058823529411764,112,compte_admin,41.8,critique
2,1,12,4.0,1.0,0.45615195673895886,3,0.7058823529411765,112,internet,18.0,moyen
5,2,11,3.909090909090909,0.30384714275202274,0.45615195673895886,3,0.7058823529411765,112,pare_feu,8.1,faible
4,1,4,4.25,0.3307775987330885,0.45615195673895886,3,0.7058823529411765,112,serveur_web,4.9,faible
3,1,3,4.666666666666667,0.35997346490131593,0.45615195673895886,3,0.7058823529411765,112,serveur_app,8.2,faible
5,2,2,4.5,0.6331680755056619,0.45615195673895886,3,0.7058823529411765,112,base_donnees,12.6,moyen
5,0,0,0.0,0.0,0.45615195673895886,3,0.7058823529411765,112,donnees_sensibles,0.0,faible
4,0,0,0.0,0.0,0.45615195673895886,3,0.7058823529411765,112,sauvegardes,0.0,faible
3,1,9,4.0,0.22598148651439898,0.45615195673895886,3,0.7058823529411765,112,vpn,6.2,faible
3,1,8,4.125,0.8045528290135827,0.45615195673895886,3,0.7058823529411765,112,routeur,20.8,élevé
4,3,7,4.142857142857143,0.6331326253925412,0.45615195673895886,3,0.7058823529411765,112,switch,17.8,moyen
3,1,6,4.333333333333333,0.07058413326592511,0.45615195673895886,3,0.7058823529411765,112,postes,1.6,faible
4,0,0,0.0,0.0,0.45615195673895886,3,0.7058823529411765,112,serveur_rh,0.0,faible
5,4,5,4.2,0.297321359860249,0.45615195673895886,3,0.7058823529411765,112,compte_admin,12.1,moyen
2,1,12,4.0,1.0,0.33670966497904903,4,0.9411764705882353,112,internet,16.3,moyen
5,2,11,3.909090909090909,0.30384714275202274,0.33670966497904903,4,0.9411764705882353,112,pare_feu,6.2,faible
4,1,4,4.25,0.16538879936654424,0.33670966497904903,4,0.9411764705882353,112,serveur_web,1.7,faible
3,1,3,4.666666666666667,0.17998673245065797,0.33670966497904903,4,0.9411764705882353,112,serveur_app,3.6,faible
5,2,2,4.5,0.46658403775283097,0.33670966497904903,4,0.9411764705882353,112,base_donnees,9.6,faible
5,0,0,0.0,0.0,0.33670966497904903,4,0.9411764705882353,112,donnees_sensibles,0.0,faible
4,0,0,0.0,0.0,0.33670966497904903,4,0.9411764705882353,112,sauvegardes,0.0,faible
3,1,9,4.0,0.22598148651439898,0.33670966497904903,4,0.9411764705882353,112,vpn,2.9,faible
3,1,8,4.125,0.40227641450679136,0.33670966497904903,4,0.9411764705882353,112,routeur,6.5,faible
4,3,7,4.142857142857143,0.3165663126962706,0.33670966497904903,4,0.9411764705882353,112,switch,7.9,faible
3,1,6,4.333333333333333,0.07058413326592511,0.33670966497904903,4,0.9411764705882353,112,postes,1.6,faible
4,0,0,0.0,0.0,0.33670966497904903,4,0.9411764705882353,112,serveur_rh,0.0,faible
5,4,5,4.2,0.297321359860249,0.33670966497904903,4,0.9411764705882353,112,compte_admin,12.1,moyen
2,1,12,4.0,1.0,0.524508340902298,2,0.5294117647058824,112,internet,19.2,moyen
5,2,11,3.909090909090909,0.30384714275202274,0.524508340902298,2,0.5294117647058824,112,pare_feu,9.3,faible
4,1,4,4.25,0.3307775987330885,0.524508340902298,2,0.5294117647058824,112,serveur_web,7.6,faible
3,1,3,4.666666666666667,0.5999557748355265,0.524508340902298,2,0.5294117647058824,112,serveur_app,16.2,moyen
5,2,2,4.5,0.833168075505662,0.524508340902298,2,0.5294117647058824,112,base_donnees,17.0,moyen
5,0,0,0.0,0.0,0.524508340902298,2,0.5294117647058824,112,donnees_sensibles,0.0,faible
4,0,0,0.0,0.0,0.524508340902298,2,0.5294117647058824,112,sauvegardes,0.0,faible
3,1,9,4.0,0.22598148651439898,0.524508340902298,2,0.5294117647058824,112,vpn,7.4,faible
3,1,8,4.125,0.8045528290135827,0.524508340902298,2,0.5294117647058824,112,routeur,26.1,élevé
4,3,7,4.142857142857143,0.7381393360587429,0.524508340902298,2,0.5294117647058824,112,switch,24.5,élevé
3,1,6,4.333333333333333,0.11764022210987518,0.524508340902298,2,0.5294117647058824,112,postes,3.1,faible
4,0,0,0.0,0.0,0.524508340902298,2,0.5294117647058824,112,serveur_rh,0.0,faible
5,4,5,4.2,0.337321359860249,0.524508340902298,2,0.5294117647058824,112,compte_admin,16.7,moyen
1,1,7,3.857142857142857,1.0,0.6300619768768259,1,0.3125,113,internet,30.6,élevé
4,2,6,3.8333333333333335,0.684726887924808,0.6300619768768259,1,0.3125,113,pare_feu,23.2,élevé
4,1,4,4.25,0.6225280261746426,0.6300619768768259,1,0.3125,113,serveur_web,13.3,moyen
4,1,3,4.333333333333333,0.4864462042407153,0.6300619768768259,1,0.3125,113,serveur_app,11.8,moyen
5,2,2,4.0,0.653679632985578,0.6300619768768259,1,0.3125,113,base_donnees,12.8,moyen
4,0,0,0.0,0.0,0.6300619768768259,1,0.3125,113,donnees_sensibles,0.0,faible
4,0,0,0.0,0.0,0.6300619768768259,1,0.3125,113,sauvegardes,0.0,faible
2,0,0,0.0,0.0,0.6300619768768259,1,0.3125,113,vpn,0.0,faible
3,1,6,4.166666666666667,0.7541246946073794,0.6300619768768259,1,0.3125,113,routeur,20.5,élevé
4,2,5,4.2,0.5602315821881221,0.6300619768768259,1,0.3125,113,switch,18.3,moyen
2,2,7,4.285714285714286,0.32945489655495486,0.6300619768768259,1,0.3125,113,postes,15.3,moyen
4,0,0,0.0,0.0,0.6300619768768259,1,0.3125,113,serveur_rh,0.0,faible
5,4,5,4.2,0.6904266764248874,0.6300619768768259,1,0.3125,113,compte_admin,30.9,élevé
1,1,7,3.857142857142857,1.0,0.341912306077493,4,0.9375,113,internet,16.0,moyen
4,2,6,3.8333333333333335,0.3664458232789766,0.341912306077493,4,0.9375,113,pare_feu,7.7,faible
4,1,4,4.25,0.18675840785239278,0.341912306077493,4,0.9375,113,serveur_web,2.7,faible
4,1,3,4.333333333333333,0.24322310212035764,0.341912306077493,4,0.9375,113,serveur_app,5.1,faible
5,2,2,4.0,0.47683981649278895,0.341912306077493,4,0.9375,113,base_donnees,9.3,faible
4,0,0,0.0,0.0,0.341912306077493,4,0.9375,113,donnees_sensibles,0.0,faible
4,0,0,0.0,0.0,0.341912306077493,4,0.9375,113,sauvegardes,0.0,faible
2,0,0,0.0,0.0,0.341912306077493,4,0.9375,113,vpn,0.0,faible
3,1,6,4.166666666666667,0.3770623473036897,0.341912306077493,4,0.9375,113,routeur,6.1,faible
4,2,5,4.2,0.28011579109406104,0.341912306077493,4,0.9375,113,switch,7.0,faible
2,2,7,4.285714285714286,0.15603374797598715,0.341912306077493,4,0.9375,113,postes,4.8,faible
4,0,0,0.0,0.0,0.341912306077493,4,0.9375,113,serveur_rh,0.0,faible
5,4,5,4.2,0.276170670569955,0.341912306077493,4,0.9375,113,compte_admin,12.4,moyen
1,1,7,3.857142857142857,1.0,0.39774215216824055,3,0.875,113,internet,16.5,moyen
4,2,6,3.8333333333333335,0.3664458232789766,0.39774215216824055,3,0.875,113,pare_feu,8.2,faible
4,1,4,4.25,0.18675840785239278,0.39774215216824055,3,0.875,113,serveur_web,3.7,faible
4,1,3,4.333333333333333,0.40537183686726275,0.39774215216824055,3,0.875,113,serveur_app,10.0,moyen
5,2,2,4.0,0.676839816492789,0.39774215216824055,3,0.875,113,base_donnees,13.2,moyen
4,0,0,0.0,0.0,0.39774215216824055,3,0.875,113,donnees_sensibles,0.0,faible
4,0,0,0.0,0.0,0.39774215216824055,3,0.875,113,sauvegardes,0.0,faible
2,0,0,0.0,0.0,0.39774215216824055,3,0.875,113,vpn,0.0,faible
3,1,6,4.166666666666667,0.3770623473036897,0.39774215216824055,3,0.875,113,routeur,7.2,faible
4,2,5,4.2,0.3587662313221923,0.39774215216824055,3,0.875,113,switch,10.1,moyen
2,2,7,4.285714285714286,0.17921694877996125,0.39774215216824055,3,0.875,113,postes,6.2,faible
4,0,0,0.0,0.0,0.39774215216824055,3,0.875,113,serveur_rh,0.0,faible
5,4,5,4.2,0.3080360507301662,0.39774215216824055,3,0.875,113,compte_admin,15.9,moyen
1,1,7,3.857142857142857,1.0,0.7221537916285957,0,0.0,113,internet,36.5,critique
4,2,6,3.8333333333333335,0.684726887924808,0.7221537916285957,0,0.0,113,pare_feu,29.6,élevé
4,1,4,4.25,0.6225280261746426,0.7221537916285957,0,0.0,113,serveur_web,20.2,élevé
4,1,3,4.333333333333333,0.8107436737345255,0.7221537916285957,0,0.0,113,serveur_app,22.8,élevé
5,2,2,4.0,0.853679632985578,0.7221537916285957,0,0.0,113,base_donnees,16.7,moyen
4,0,0,0.0,0.0,0.7221537916285957,0,0.0,113,donnees_sensibles,0.0,faible
4,0,0,0.0,0.0,0.7221537916285957,0,0.0,113,sauvegardes,0.0,faible
2,0,0,0.0,0.0,0.7221537916285957,0,0.0,113,vpn,0.0,faible
3,1,6,4.166666666666667,0.7541246946073794,0.7221537916285957,0,0.0,113,routeur,28.0,élevé
4,2,5,4.2,0.7175324626443846,0.7221537916285957,0,0.0,113,switch,28.5,élevé
2,2,7,4.285714285714286,0.38741289856489014,0.7221537916285957,0,0.0,113,postes,21.5,élevé
4,0,0,0.0,0.0,0.7221537916285957,0,0.0,113,serveur_rh,0.0,faible
5,4,5,4.2,0.7700901268254154,0.7221537916285957,0,0.0,113,compte_admin,39.8,critique
1,1,8,3.5,1.0,0.5559532750172651,2,0.4375,114,internet,17.8,moyen
3,2,7,3.5714285714285716,0.4422618854998961,0.5559532750172651,2,0.4375,114,pare_feu,11.0,moyen
3,1,4,4.0,0.18793934900592799,0.5559532750172651,2,0.4375,114,serveur_web,3.4,faible
3,1,3,4.333333333333333,0.3992071075025532,0.5559532750172651,2,0.4375,114,serveur_app,10.6,moyen
5,2,2,4.0,0.5780541800488284,0.5559532750172651,2,0.4375,114,base_donnees,14.4,moyen
5,0,0,0.0,0.0,0.5559532750172651,2,0.4375,114,donnees_sensibles,0.0,faible
3,0,0,0.0,0.0,0.5559532750172651,2,0.4375,114,sauvegardes,0.0,faible
3,1,1,3.0,0.7151220064096938,0.5559532750172651,2,0.4375,114,vpn,5.5,faible
3,0,0,0.0,0.0,0.5559532750172651,2,0.4375,114,routeur,0.0,faible
2,2,5,4.2,0.2633968576991846,0.5559532750172651,2,0.4375,114,switch,7.7,faible
1,2,7,4.0,0.38777411903515535,0.5559532750172651,2,0.4375,114,postes,27.7,élevé
5,0,0,0.0,0.0,0.5559532750172651,2,0.4375,114,serveur_rh,0.0,faible
5,4,5,4.2,0.8125024631979845,0.5559532750172651,2,0.4375,114,compte_admin,46.2,critique
1,1,8,3.5,1.0,0.6869675200227868,0,0.0,114,internet,28.4,élevé
3,2,7,3.5714285714285716,0.5548192001314252,0.6869675200227868,0,0.0,114,pare_feu,22.2,élevé
3,1,4,4.0,0.6264644966864267,0.6869675200227868,0,0.0,114,serveur_web,18.9,moyen
3,1,3,4.333333333333333,0.7984142150051065,0.6869675200227868,0,0.0,114,serveur_app,22.5,élevé
5,2,2,4.0,0.6874355824231869,0.6869675200227868,0,0.0,114,base_donnees,16.2,moyen
5,0,0,0.0,0.0,0.6869675200227868,0,0.0,114,donnees_sensibles,0.0,faible
3,0,0,0.0,0.0,0.6869675200227868,0,0.0,114,sauvegardes,0.0,faible
3,1,1,3.0,0.7151220064096938,0.6869675200227868,0,0.0,114,vpn,5.5,faible
3,0,0,0.0,0.0,0.6869675200227868,0,0.0,114,routeur,0.0,faible
2,2,5,4.2,0.5267937153983692,0.6869675200227868,0,0.0,114,switch,20.0,élevé
1,2,7,4.0,0.5316863767827313,0.6869675200227868,0,0.0,114,postes,30.4,élevé
5,0,0,0.0,0.0,0.6869675200227868,0,0.0,114,serveur_rh,0.0,faible
5,4,5,4.2,0.8125024631979845,0.6869675200227868,0,0.0,114,compte_admin,46.2,critique
1,1,8,3.5,1.0,0.5559532750172651,2,0.4375,114,internet,17.8,moyen
3,2,7,3.5714285714285716,0.4422618854998961,0.5559532750172651,2,0.4375,114,pare_feu,11.0,moyen
3,1,4,4.0,0.18793934900592799,0.5559532750172651,2,0.4375,114,serveur_web,3.4,faible
3,1,3,4.333333333333333,0.3992071075025532,0.5559532750172651,2,0.4375,114,serveur_app,10.6,moyen
5,2,2,4.0,0.5780541800488284,0.5559532750172651,2,0.4375,114,base_donnees,14.4,moyen
5,0,0,0.0,0.0,0.5559532750172651,2,0.4375,114,donnees_sensibles,0.0,faible
3,0,0,0.0,0.0,0.5559532750172651,2,0.4375,114,sauvegardes,0.0,faible
3,1,1,3.0,0.7151220064096938,0.5559532750172651,2,0.4375,114,vpn,5.5,faible
3,0,0,0.0,0.0,0.5559532750172651,2,0.4375,114,routeur,0.0,faible
2,2,5,4.2,0.2633968576991846,0.5559532750172651,2,0.4375,114,switch,7.7,faible
1,2,7,4.0,0.38777411903515535,0.5559532750172651,2,0.4375,114,postes,27.7,élevé
5,0,0,0.0,0.0,0.5559532750172651,2,0.4375,114,serveur_rh,0.0,faible
5,4,5,4.2,0.8125024631979845,0.5559532750172651,2,0.4375,114,compte_admin,46.2,critique
1,1,8,3.5,1.0,0.4788651524578139,3,0.625,114,internet,17.4,moyen
3,2,7,3.5714285714285716,0.4422618854998961,0.4788651524578139,3,0.625,114,pare_feu,10.6,moyen
3,1,4,4.0,0.18793934900592799,0.4788651524578139,3,0.625,114,serveur_web,2.4,faible
3,1,3,4.333333333333333,0.2395242645015319,0.4788651524578139,3,0.625,114,serveur_app,5.2,faible
5,2,2,4.0,0.3905850689790404,0.4788651524578139,3,0.625,114,base_donnees,9.4,faible
5,0,0,0.0,0.0,0.4788651524578139,3,0.625,114,donnees_sensibles,0.0,faible
3,0,0,0.0,0.0,0.4788651524578139,3,0.625,114,sauvegardes,0.0,faible
3,1,1,3.0,0.7151220064096938,0.4788651524578139,3,0.625,114,vpn,5.5,faible
3,0,0,0.0,0.0,0.4788651524578139,3,0.625,114,routeur,0.0,faible
2,2,5,4.2,0.19837843864289462,0.4788651524578139,3,0.625,114,switch,5.0,faible
1,2,7,4.0,0.2902293745201236,0.4788651524578139,3,0.625,114,postes,13.8,moyen
5,0,0,0.0,0.0,0.4788651524578139,3,0.625,114,serveur_rh,0.0,faible
5,4,5,4.2,0.7190868210309898,0.4788651524578139,3,0.625,114,compte_admin,33.5,élevé
2,1,12,3.75,1.0,0.3608696407168259,3,0.8823529411764706,115,internet,15.8,moyen
3,2,11,3.8181818181818183,0.37490381229073694,0.3608696407168259,3,0.8823529411764706,115,pare_feu,9.3,faible
4,1,4,4.75,0.30808258348112827,0.3608696407168259,3,0.8823529411764706,115,serveur_web,4.3,faible
4,1,3,5.0,0.23322355609957762,0.3608696407168259,3,0.8823529411764706,115,serveur_app,4.8,faible
5,2,2,5.0,0.38545007956800204,0.3608696407168259,3,0.8823529411764706,115,base_donnees,9.2,faible
5,0,0,0.0,0.0,0.3608696407168259,3,0.8823529411764706,115,donnees_sensibles,0.0,faible
5,0,0,0.0,0.0,0.3608696407168259,3,0.8823529411764706,115,sauvegardes,0.0,faible
2,1,9,4.0,0.4,0.3608696407168259,3,0.8823529411764706,115,vpn,4.6,faible
2,1,8,4.25,0.45287592772190755,0.3608696407168259,3,0.8823529411764706,115,routeur,7.1,faible
3,3,7,4.428571428571429,0.3175694516813315,0.3608696407168259,3,0.8823529411764706,115,switch,9.2,faible
3,2,7,4.428571428571429,0.2042370600151358,0.3608696407168259,3,0.8823529411764706,115,postes,5.1,faible
4,0,0,0.0,0.0,0.3608696407168259,3,0.8823529411764706,115,serveur_rh,0.0,faible
5,3,5,4.6,0.28623718869722753,0.3608696407168259,3,0.8823529411764706,115,compte_admin,10.9,moyen
2,1,12,3.75,1.0,0.5574223004813016,1,0.47058823529411764,115,internet,21.1,élevé
3,2,11,3.8181818181818183,0.4870302940595886,0.5574223004813016,1,0.47058823529411764,115,pare_feu,14.8,moyen
4,1,4,4.75,0.30808258348112827,0.5574223004813016,1,0.47058823529411764,115,serveur_web,5.8,faible
4,1,3,5.0,0.3887059268326294,0.5574223004813016,1,0.47058823529411764,115,serveur_app,9.4,faible
5,2,2,5.0,0.5383046581263125,0.5574223004813016,1,0.47058823529411764,115,base_donnees,12.8,moyen
5,0,0,0.0,0.0,0.5574223004813016,1,0.47058823529411764,115,donnees_sensibles,0.0,faible
5,0,0,0.0,0.0,0.5574223004813016,1,0.47058823529411764,115,sauvegardes,0.0,faible
2,1,9,4.0,1.0,0.5574223004813016,1,0.47058823529411764,115,vpn,13.4,moyen
2,1,8,4.25,0.45287592772190755,0.5574223004813016,1,0.47058823529411764,115,routeur,9.0,faible
3,3,7,4.428571428571429,0.372995211566255,0.5574223004813016,1,0.47058823529411764,115,switch,13.4,moyen
3,2,7,4.428571428571429,0.3121207648860074,0.5574223004813016,1,0.47058823529411764,115,postes,16.1,moyen
4,0,0,0.0,0.0,0.5574223004813016,1,0.47058823529411764,115,serveur_rh,0.0,faible
5,3,5,4.6,0.8442058671012931,0.5574223004813016,1,0.47058823529411764,115,compte_admin,38.8,critique
2,1,12,3.75,1.0,0.7292648616263148,0,0.0,115,internet,33.9,élevé
3,2,11,3.8181818181818183,0.4870302940595886,0.7292648616263148,0,0.0,115,pare_feu,27.9,élevé
4,1,4,4.75,0.6161651669622565,0.7292648616263148,0,0.0,115,serveur_web,19.0,moyen
4,1,3,5.0,0.7774118536652588,0.7292648616263148,0,0.0,115,serveur_app,21.6,élevé
5,2,2,5.0,0.6944728698568489,0.7292648616263148,0,0.0,115,base_donnees,16.5,moyen
5,0,0,0.0,0.0,0.7292648616263148,0,0.0,115,donnees_sensibles,0.0,faible
5,0,0,0.0,0.0,0.7292648616263148,0,0.0,115,sauvegardes,0.0,faible
2,1,9,4.0,1.0,0.7292648616263148,0,0.0,115,vpn,39.1,critique
2,1,8,4.25,0.9057518554438151,0.7292648616263148,0,0.0,115,routeur,34.6,élevé
3,3,7,4.428571428571429,0.74599042313251,0.7292648616263148,0,0.0,115,switch,32.3,élevé
3,2,7,4.428571428571429,0.48228928652086794,0.7292648616263148,0,0.0,115,postes,23.8,élevé
4,0,0,0.0,0.0,0.7292648616263148,0,0.0,115,serveur_rh,0.0,faible
5,3,5,4.6,0.8442058671012931,0.7292648616263148,0,0.0,115,compte_admin,42.4,critique
2,1,12,3.75,1.0,0.33949579995516,4,0.9411764705882353,115,internet,12.0,moyen
3,2,11,3.8181818181818183,0.25484268251280257,0.33949579995516,4,0.9411764705882353,115,pare_feu,5.5,faible
4,1,4,4.75,0.18484955008867696,0.33949579995516,4,0.9411764705882353,115,serveur_web,2.6,faible
4,1,3,5.0,0.23322355609957762,0.33949579995516,4,0.9411764705882353,115,serveur_app,4.8,faible
5,2,2,5.0,0.38545007956800204,0.33949579995516,4,0.9411764705882353,115,base_donnees,9.2,faible
5,0,0,0.0,0.0,0.33949579995516,4,0.9411764705882353,115,donnees_sensibles,0.0,faible
5,0,0,0.0,0.0,0.33949579995516,4,0.9411764705882353,115,sauvegardes,0.0,faible
2,1,9,4.0,0.4,0.33949579995516,4,0.9411764705882353,115,vpn,4.6,faible
2,1,8,4.25,0.45287592772190755,0.33949579995516,4,0.9411764705882353,115,routeur,7.1,faible
3,3,7,4.428571428571429,0.3175694516813315,0.33949579995516,4,0.9411764705882353,115,switch,9.2,faible
3,2,7,4.428571428571429,0.2042370600151358,0.33949579995516,4,0.9411764705882353,115,postes,5.1,faible
4,0,0,0.0,0.0,0.33949579995516,4,0.9411764705882353,115,serveur_rh,0.0,faible
5,3,5,4.6,0.28623718869722753,0.33949579995516,4,0.9411764705882353,115,compte_admin,10.9,moyen
1,1,12,3.9166666666666665,0.7525810783732957,0.32372755956395055,4,0.9444444444444444,116,internet,10.0,moyen
3,2,11,4.0,0.30723744650443363,0.32372755956395055,4,0.9444444444444444,116,pare_feu,7.3,faible
4,1,4,4.25,0.15037872739406608,0.32372755956395055,4,0.9444444444444444,116,serveur_web,1.5,faible
3,1,3,4.666666666666667,0.16528942799469243,0.32372755956395055,4,0.9444444444444444,116,serveur_app,3.1,faible
4,2,2,5.0,0.4534724281518333,0.32372755956395055,4,0.9444444444444444,116,base_donnees,10.3,moyen
5,0,0,0.0,0.0,0.32372755956395055,4,0.9444444444444444,116,donnees_sensibles,0.0,faible
5,0,0,0.0,0.0,0.32372755956395055,4,0.9444444444444444,116,sauvegardes,0.0,faible
4,1,9,4.0,0.371786460108889,0.32372755956395055,4,0.9444444444444444,116,vpn,5.8,faible
4,1,8,4.0,0.42890739065327155,0.32372755956395055,4,0.9444444444444444,116,routeur,6.7,faible
4,3,7,4.0,0.2936825587710159,0.32372755956395055,4,0.9444444444444444,116,switch,6.4,faible
2,2,7,4.285714285714286,0.19766724795270044,0.32372755956395055,4,0.9444444444444444,116,postes,5.0,faible
4,0,0,0.0,0.0,0.32372755956395055,4,0.9444444444444444,116,serveur_rh,0.0,faible
5,4,5,4.2,0.29008776652397816,0.32372755956395055,4,0.9444444444444444,116,compte_admin,11.9,moyen
1,1,12,3.9166666666666665,0.7525810783732957,0.4485457321637203,3,0.6666666666666666,116,internet,11.4,moyen
3,2,11,4.0,0.30723744650443363,0.4485457321637203,3,0.6666666666666666,116,pare_feu,9.1,faible
4,1,4,4.25,0.30075745478813215,0.4485457321637203,3,0.6666666666666666,116,serveur_web,4.3,faible
3,1,3,4.666666666666667,0.33057885598938486,0.4485457321637203,3,0.6666666666666666,116,serveur_app,7.4,faible
4,2,2,5.0,0.6069448563036666,0.4485457321637203,3,0.6666666666666666,116,base_donnees,13.8,moyen
5,0,0,0.0,0.0,0.4485457321637203,3,0.6666666666666666,116,donnees_sensibles,0.0,faible
5,0,0,0.0,0.0,0.4485457321637203,3,0.6666666666666666,116,sauvegardes,0.0,faible
4,1,9,4.0,0.371786460108889,0.4485457321637203,3,0.6666666666666666,116,vpn,10.9,moyen
4,1,8,4.0,0.8578147813065431,0.4485457321637203,3,0.6666666666666666,116,routeur,20.1,élevé
4,3,7,4.0,0.5873651175420318,0.4485457321637203,3,0.6666666666666666,116,switch,14.3,moyen
2,2,7,4.285714285714286,0.354746762021256,0.4485457321637203,3,0.6666666666666666,116,postes,11.6,moyen
4,0,0,0.0,0.0,0.4485457321637203,3,0.6666666666666666,116,serveur_rh,0.0,faible
5,4,5,4.2,0.29008776652397816,0.4485457321637203,3,0.6666666666666666,116,compte_admin,11.9,moyen
1,1,12,3.9166666666666665,0.7525810783732957,0.32372755956395055,4,0.9444444444444444,116,internet,10.0,moyen
3,2,11,4.0,0.30723744650443363,0.32372755956395055,4,0.9444444444444444,116,pare_feu,7.3,faible
4,1,4,4.25,0.15037872739406608,0.32372755956395055,4,0.9444444444444444,116,serveur_web,1.5,faible
3,1,3,4.666666666666667,0.16528942799469243,0.32372755956395055,4,0.9444444444444444,116,serveur_app,3.1,faible
4,2,2,5.0,0.4534724281518333,0.32372755956395055,4,0.9444444444444444,116,base_donnees,10.3,moyen
5,0,0,0.0,0.0,0.32372755956395055,4,0.9444444444444444,116,donnees_sensibles,0.0,faible
5,0,0,0.0,0.0,0.32372755956395055,4,0.9444444444444444,116,sauvegardes,0.0,faible
4,1,9,4.0,0.371786460108889,0.32372755956395055,4,0.9444444444444444,116,vpn,5.8,faible
4,1,8,4.0,0.42890739065327155,0.32372755956395055,4,0.9444444444444444,116,routeur,6.7,faible
4,3,7,4.0,0.2936825587710159,0.32372755956395055,4,0.9444444444444444,116,switch,6.4,faible
2,2,7,4.285714285714286,0.19766724795270044,0.32372755956395055,4,0.9444444444444444,116,postes,5.0,faible
4,0,0,0.0,0.0,0.32372755956395055,4,0.9444444444444444,116,serveur_rh,0.0,faible
5,4,5,4.2,0.29008776652397816,0.32372755956395055,4,0.9444444444444444,116,compte_admin,11.9,moyen
1,1,12,3.9166666666666665,0.7525810783732957,0.5361854639644599,2,0.5,116,internet,17.7,moyen
3,2,11,4.0,0.47488036627839103,0.5361854639644599,2,0.5,116,pare_feu,17.9,moyen
4,1,4,4.25,0.15037872739406608,0.5361854639644599,2,0.5,116,serveur_web,2.0,faible
3,1,3,4.666666666666667,0.27548237999115405,0.5361854639644599,2,0.5,116,serveur_app,6.4,faible
4,2,2,5.0,0.6534724281518333,0.5361854639644599,2,0.5,116,base_donnees,14.9,moyen
5,0,0,0.0,0.0,0.5361854639644599,2,0.5,116,donnees_sensibles,0.0,faible
5,0,0,0.0,0.0,0.5361854639644599,2,0.5,116,sauvegardes,0.0,faible
4,1,9,4.0,0.9294661502722225,0.5361854639644599,2,0.5,116,vpn,17.1,moyen
4,1,8,4.0,0.42890739065327155,0.5361854639644599,2,0.5,116,routeur,9.3,faible
4,3,7,4.0,0.33881667199577264,0.5361854639644599,2,0.5,116,switch,12.6,moyen
2,2,7,4.285714285714286,0.32619507191915936,0.5361854639644599,2,0.5,116,postes,18.4,moyen
4,0,0,0.0,0.0,0.5361854639644599,2,0.5,116,serveur_rh,0.0,faible
5,4,5,4.2,0.7972442189975454,0.5361854639644599,2,0.5,116,compte_admin,37.8,critique
1,1,12,4.0,1.0,0.7250658293089148,0,0.0,117,internet,54.4,critique
5,2,11,3.909090909090909,0.7822798743735531,0.7250658293089148,0,0.0,117,pare_feu,48.0,critique
3,1,4,4.5,0.860932825231742,0.7250658293089148,0,0.0,117,serveur_web,23.1,élevé
5,1,3,4.333333333333333,0.6539559178286598,0.7250658293089148,0,0.0,117,serveur_app,16.6,moyen
5,2,2,4.0,0.774846002185904,0.7250658293089148,0,0.0,117,base_donnees,14.1,moyen
4,0,0,0.0,0.0,0.7250658293089148,0,0.0,117,donnees_sensibles,0.0,faible
4,0,0,0.0,0.0,0.7250658293089148,0,0.0,117,sauvegardes,0.0,faible
3,1,9,4.111111111111111,1.0,0.7250658293089148,0,0.0,117,vpn,32.8,élevé
3,1,8,4.25,0.7418926390448726,0.7250658293089148,0,0.0,117,routeur,26.2,élevé
4,3,7,4.285714285714286,0.5789938695586347,0.7250658293089148,0,0.0,117,switch,27.3,élevé
2,2,7,4.571428571428571,0.5537927657738825,0.7250658293089148,0,0.0,117,postes,30.0,élevé
5,0,0,0.0,0.0,0.7250658293089148,0,0.0,117,serveur_rh,0.0,faible
5,4,5,4.6,0.7088961630281521,0.7250658293089148,0,0.0,117,compte_admin,40.0,critique
1,1,12,4.0,1.0,0.520162515577107,2,0.5,117,internet,25.3,élevé
5,2,11,3.909090909090909,0.41291194974942125,0.520162515577107,2,0.5,117,pare_feu,16.3,moyen
3,1,4,4.5,0.5165596951390452,0.520162515577107,2,0.5,117,serveur_web,13.8,moyen
5,1,3,4.333333333333333,0.6539559178286598,0.520162515577107,2,0.5,117,serveur_app,16.6,moyen
5,2,2,4.0,0.774846002185904,0.520162515577107,2,0.5,117,base_donnees,14.1,moyen
4,0,0,0.0,0.0,0.520162515577107,2,0.5,117,donnees_sensibles,0.0,faible
4,0,0,0.0,0.0,0.520162515577107,2,0.5,117,sauvegardes,0.0,faible
3,1,9,4.111111111111111,0.4,0.520162515577107,2,0.5,117,vpn,12.3,moyen
3,1,8,4.25,0.7418926390448726,0.520162515577107,2,0.5,117,routeur,24.2,élevé
4,3,7,4.285714285714286,0.5789938695586347,0.520162515577107,2,0.5,117,switch,24.4,élevé
2,2,7,4.571428571428571,0.40189282749187516,0.520162515577107,2,0.5,117,postes,18.7,moyen
5,0,0,0.0,0.0,0.520162515577107,2,0.5,117,serveur_rh,0.0,faible
5,4,5,4.6,0.2835584652112608,0.520162515577107,2,0.5,117,compte_admin,16.0,moyen
1,1,12,4.0,1.0,0.33768873384484716,4,0.9444444444444444,117,internet,18.7,moyen
5,2,11,3.909090909090909,0.41291194974942125,0.33768873384484716,4,0.9444444444444444,117,pare_feu,9.0,faible
3,1,4,4.5,0.2582798475695226,0.33768873384484716,4,0.9444444444444444,117,serveur_web,3.7,faible
5,1,3,4.333333333333333,0.19618677534859794,0.33768873384484716,4,0.9444444444444444,117,serveur_app,3.8,faible
5,2,2,4.0,0.437423001092952,0.33768873384484716,4,0.9444444444444444,117,base_donnees,8.0,faible
4,0,0,0.0,0.0,0.33768873384484716,4,0.9444444444444444,117,donnees_sensibles,0.0,faible
4,0,0,0.0,0.0,0.33768873384484716,4,0.9444444444444444,117,sauvegardes,0.0,faible
3,1,9,4.111111111111111,0.4,0.33768873384484716,4,0.9444444444444444,117,vpn,5.0,faible
3,1,8,4.25,0.3709463195224363,0.33768873384484716,4,0.9444444444444444,117,routeur,6.0,faible
4,3,7,4.285714285714286,0.2519781172135865,0.33768873384484716,4,0.9444444444444444,117,switch,7.5,faible
2,2,7,4.571428571428571,0.2110730762980714,0.33768873384484716,4,0.9444444444444444,117,postes,5.9,faible
5,0,0,0.0,0.0,0.33768873384484716,4,0.9444444444444444,117,serveur_rh,0.0,faible
5,4,5,4.6,0.24355846521126082,0.33768873384484716,4,0.9444444444444444,117,compte_admin,11.8,moyen
1,1,12,4.0,1.0,0.5129416855948796,2,0.6111111111111112,117,internet,32.3,élevé
5,2,11,3.909090909090909,0.7822798743735531,0.5129416855948796,2,0.6111111111111112,117,pare_feu,23.9,élevé
3,1,4,4.5,0.430466412615871,0.5129416855948796,2,0.6111111111111112,117,serveur_web,6.2,faible
5,1,3,4.333333333333333,0.19618677534859794,0.5129416855948796,2,0.6111111111111112,117,serveur_app,3.8,faible
5,2,2,4.0,0.437423001092952,0.5129416855948796,2,0.6111111111111112,117,base_donnees,8.0,faible
4,0,0,0.0,0.0,0.5129416855948796,2,0.6111111111111112,117,donnees_sensibles,0.0,faible
4,0,0,0.0,0.0,0.5129416855948796,2,0.6111111111111112,117,sauvegardes,0.0,faible
3,1,9,4.111111111111111,1.0,0.5129416855948796,2,0.6111111111111112,117,vpn,13.0,moyen
3,1,8,4.25,0.3709463195224363,0.5129416855948796,2,0.6111111111111112,117,routeur,6.4,faible
4,3,7,4.285714285714286,0.2519781172135865,0.5129416855948796,2,0.6111111111111112,117,switch,8.9,faible
2,2,7,4.571428571428571,0.3022130392672758,0.5129416855948796,2,0.6111111111111112,117,postes,14.2,moyen
5,0,0,0.0,0.0,0.5129416855948796,2,0.6111111111111112,117,serveur_rh,0.0,faible
5,4,5,4.6,0.608896163028152,0.5129416855948796,2,0.6111111111111112,117,compte_admin,29.6,élevé
1,1,12,3.25,1.0,0.7211131947715664,0,0.0,118,internet,41.3,critique
4,2,11,3.1818181818181817,0.5589154978774379,0.7211131947715664,0,0.0,118,pare_feu,33.7,élevé
3,1,4,4.25,0.7976717955291788,0.7211131947715664,0,0.0,118,serveur_web,23.6,élevé
3,1,3,4.666666666666667,0.7617790477929227,0.7211131947715664,0,0.0,118,serveur_app,21.4,élevé
4,2,2,5.0,0.6412380882929275,0.7211131947715664,0,0.0,118,base_donnees,17.8,moyen
5,0,0,0.0,0.0,0.7211131947715664,0,0.0,118,donnees_sensibles,0.0,faible
5,0,0,0.0,0.0,0.7211131947715664,0,0.0,118,sauvegardes,0.0,faible
2,1,9,3.3333333333333335,0.9291359186408075,0.7211131947715664,0,0.0,118,vpn,32.5,élevé
2,1,8,3.5,1.0,0.7211131947715664,0,0.0,118,routeur,29.7,élevé
2,3,7,3.7142857142857144,0.669109521760785,0.7211131947715664,0,0.0,118,switch,24.4,élevé
1,2,7,3.857142857142857,0.4333127322812229,0.7211131947715664,0,0.0,118,postes,20.0,élevé
3,0,0,0.0,0.0,0.7211131947715664,0,0.0,118,serveur_rh,0.0,faible
5,4,5,4.0,0.8042973854349389,0.7211131947715664,0,0.0,118,compte_admin,43.6,critique
1,1,12,3.25,1.0,0.3555661864526936,3,0.8888888888888888,118,internet,19.9,moyen
4,2,11,3.1818181818181817,0.4141788859704264,0.3555661864526936,3,0.8888888888888888,118,pare_feu,10.4,moyen
3,1,4,4.25,0.3988358977645894,0.3555661864526936,3,0.8888888888888888,118,serveur_web,5.1,faible
3,1,3,4.666666666666667,0.2285337143378768,0.3555661864526936,3,0.8888888888888888,118,serveur_app,4.7,faible
4,2,2,5.0,0.35583890067928,0.3555661864526936,3,0.8888888888888888,118,base_donnees,9.9,faible
5,0,0,0.0,0.0,0.3555661864526936,3,0.8888888888888888,118,donnees_sensibles,0.0,faible
5,0,0,0.0,0.0,0.3555661864526936,3,0.8888888888888888,118,sauvegardes,0.0,faible
2,1,9,3.3333333333333335,0.371654367456323,0.3555661864526936,3,0.8888888888888888,118,vpn,4.1,faible
2,1,8,3.5,0.5,0.3555661864526936,3,0.8888888888888888,118,routeur,5.6,faible
2,3,7,3.7142857142857144,0.2914598762064475,0.3555661864526936,3,0.8888888888888888,118,switch,6.0,faible
1,2,7,3.857142857142857,0.17552609624735238,0.3555661864526936,3,0.8888888888888888,118,postes,3.8,faible
3,0,0,0.0,0.0,0.3555661864526936,3,0.8888888888888888,118,serveur_rh,0.0,faible
5,4,5,4.0,0.283924995544059,0.3555661864526936,3,0.8888888888888888,118,compte_admin,13.3,moyen
1,1,12,3.25,1.0,0.7211131947715664,0,0.0,118,internet,41.3,critique
4,2,11,3.1818181818181817,0.5589154978774379,0.7211131947715664,0,0.0,118,pare_feu,33.7,élevé
3,1,4,4.25,0.7976717955291788,0.7211131947715664,0,0.0,118,serveur_web,23.6,élevé
3,1,3,4.666666666666667,0.7617790477929227,0.7211131947715664,0,0.0,118,serveur_app,21.4,élevé
4,2,2,5.0,0.6412380882929275,0.7211131947715664,0,0.0,118,base_donnees,17.8,moyen
5,0,0,0.0,0.0,0.7211131947715664,0,0.0,118,donnees_sensibles,0.0,faible
5,0,0,0.0,0.0,0.7211131947715664,0,0.0,118,sauvegardes,0.0,faible
2,1,9,3.3333333333333335,0.9291359186408075,0.7211131947715664,0,0.0,118,vpn,32.5,élevé
2,1,8,3.5,1.0,0.7211131947715664,0,0.0,118,routeur,29.7,élevé
2,3,7,3.7142857142857144,0.669109521760785,0.7211131947715664,0,0.0,118,switch,24.4,élevé
1,2,7,3.857142857142857,0.4333127322812229,0.7211131947715664,0,0.0,118,postes,20.0,élevé
3,0,0,0.0,0.0,0.7211131947715664,0,0.0,118,serveur_rh,0.0,faible
5,4,5,4.0,0.8042973854349389,0.7211131947715664,0,0.0,118,compte_admin,43.6,critique
1,1,12,3.25,1.0,0.5035886285192513,2,0.6111111111111112,118,internet,25.0,élevé
4,2,11,3.1818181818181817,0.5589154978774379,0.5035886285192513,2,0.6111111111111112,118,pare_feu,15.9,moyen
3,1,4,4.25,0.3988358977645894,0.5035886285192513,2,0.6111111111111112,118,serveur_web,5.1,faible
3,1,3,4.666666666666667,0.2285337143378768,0.5035886285192513,2,0.6111111111111112,118,serveur_app,4.7,faible
4,2,2,5.0,0.35583890067928,0.5035886285192513,2,0.6111111111111112,118,base_donnees,9.9,faible
5,0,0,0.0,0.0,0.5035886285192513,2,0.6111111111111112,118,donnees_sensibles,0.0,faible
5,0,0,0.0,0.0,0.5035886285192513,2,0.6111111111111112,118,sauvegardes,0.0,faible
2,1,9,3.3333333333333335,0.9291359186408075,0.5035886285192513,2,0.6111111111111112,118,vpn,10.7,moyen
2,1,8,3.5,0.5,0.5035886285192513,2,0.6111111111111112,118,routeur,6.3,faible
2,3,7,3.7142857142857144,0.2914598762064475,0.5035886285192513,2,0.6111111111111112,118,switch,7.2,faible
1,2,7,3.857142857142857,0.23247570071494186,0.5035886285192513,2,0.6111111111111112,118,postes,9.5,faible
3,0,0,0.0,0.0,0.5035886285192513,2,0.6111111111111112,118,serveur_rh,0.0,faible
5,4,5,4.0,0.7098124888601474,0.5035886285192513,2,0.6111111111111112,118,compte_admin,33.2,élevé
1,0,0,0.0,0.0,0.705489265691522,0,0.0,119,internet,0.0,faible
5,2,11,3.727272727272727,0.6867142761281652,0.705489265691522,0,0.0,119,pare_feu,32.9,élevé
2,1,4,4.25,0.5761560999809465,0.705489265691522,0,0.0,119,serveur_web,18.1,moyen
5,1,3,4.0,0.821103463170221,0.705489265691522,0,0.0,119,serveur_app,21.7,élevé
4,2,2,4.0,0.8506813567636629,0.705489265691522,0,0.0,119,base_donnees,16.5,moyen
5,0,0,0.0,0.0,0.705489265691522,0,0.0,119,donnees_sensibles,0.0,faible
3,0,0,0.0,0.0,0.705489265691522,0,0.0,119,sauvegardes,0.0,faible
3,1,9,4.0,0.6547019620453406,0.705489265691522,0,0.0,119,vpn,22.0,élevé
4,1,8,4.0,0.649963893072412,0.705489265691522,0,0.0,119,routeur,25.0,élevé
4,3,7,4.0,0.6593669097193023,0.705489265691522,0,0.0,119,switch,29.2,élevé
2,2,7,4.285714285714286,0.5938661482067384,0.705489265691522,0,0.0,119,postes,27.7,élevé
4,0,0,0.0,0.0,0.705489265691522,0,0.0,119,serveur_rh,0.0,faible
5,4,5,4.2,0.7626919517829789,0.705489265691522,0,0.0,119,compte_admin,40.3,critique
1,0,0,0.0,0.0,0.705489265691522,0,0.0,119,internet,0.0,faible
5,2,11,3.727272727272727,0.6867142761281652,0.705489265691522,0,0.0,119,pare_feu,32.9,élevé
2,1,4,4.25,0.5761560999809465,0.705489265691522,0,0.0,119,serveur_web,18.1,moyen
5,1,3,4.0,0.821103463170221,0.705489265691522,0,0.0,119,serveur_app,21.7,élevé
4,2,2,4.0,0.8506813567636629,0.705489265691522,0,0.0,119,base_donnees,16.5,moyen
5,0,0,0.0,0.0,0.705489265691522,0,0.0,119,donnees_sensibles,0.0,faible
3,0,0,0.0,0.0,0.705489265691522,0,0.0,119,sauvegardes,0.0,faible
3,1,9,4.0,0.6547019620453406,0.705489265691522,0,0.0,119,vpn,22.0,élevé
4,1,8,4.0,0.649963893072412,0.705489265691522,0,0.0,119,routeur,25.0,élevé
4,3,7,4.0,0.6593669097193023,0.705489265691522,0,0.0,119,switch,29.2,élevé
2,2,7,4.285714285714286,0.5938661482067384,0.705489265691522,0,0.0,119,postes,27.7,élevé
4,0,0,0.0,0.0,0.705489265691522,0,0.0,119,serveur_rh,0.0,faible
5,4,5,4.2,0.7626919517829789,0.705489265691522,0,0.0,119,compte_admin,40.3,critique
1,0,0,0.0,0.0,0.5939754219261396,2,0.4117647058823529,119,internet,0.0,faible
5,2,11,3.727272727272727,0.5240462695098553,0.5939754219261396,2,0.4117647058823529,119,pare_feu,18.5,moyen
2,1,4,4.25,0.3456936599885679,0.5939754219261396,2,0.4117647058823529,119,serveur_web,7.3,faible
5,1,3,4.0,0.49266207790213257,0.5939754219261396,2,0.4117647058823529,119,serveur_app,10.7,moyen
4,2,2,4.0,0.6506813567636628,0.5939754219261396,2,0.4117647058823529,119,base_donnees,11.9,moyen
5,0,0,0.0,0.0,0.5939754219261396,2,0.4117647058823529,119,donnees_sensibles,0.0,faible
3,0,0,0.0,0.0,0.5939754219261396,2,0.4117647058823529,119,sauvegardes,0.0,faible
3,1,9,4.0,0.6547019620453406,0.5939754219261396,2,0.4117647058823529,119,vpn,18.3,moyen
4,1,8,4.0,0.649963893072412,0.5939754219261396,2,0.4117647058823529,119,routeur,19.3,moyen
4,3,7,4.0,0.5869772602103122,0.5939754219261396,2,0.4117647058823529,119,switch,20.4,élevé
2,2,7,4.285714285714286,0.5113804273413985,0.5939754219261396,2,0.4117647058823529,119,postes,19.4,moyen
4,0,0,0.0,0.0,0.5939754219261396,2,0.4117647058823529,119,serveur_rh,0.0,faible
5,4,5,4.2,0.7053531729687872,0.5939754219261396,2,0.4117647058823529,119,compte_admin,31.6,élevé
1,0,0,0.0,0.0,0.3037898272195013,4,1.0,119,internet,0.0,faible
5,2,11,3.727272727272727,0.35601971376042096,0.3037898272195013,4,1.0,119,pare_feu,6.1,faible
2,1,4,4.25,0.17284682999428394,0.3037898272195013,4,1.0,119,serveur_web,2.7,faible
5,1,3,4.0,0.24633103895106628,0.3037898272195013,4,1.0,119,serveur_app,4.7,faible
4,2,2,4.0,0.47534067838183136,0.3037898272195013,4,1.0,119,base_donnees,9.4,faible
5,0,0,0.0,0.0,0.3037898272195013,4,1.0,119,donnees_sensibles,0.0,faible
3,0,0,0.0,0.0,0.3037898272195013,4,1.0,119,sauvegardes,0.0,faible
3,1,9,4.0,0.26188078481813626,0.3037898272195013,4,1.0,119,vpn,3.8,faible
4,1,8,4.0,0.324981946536206,0.3037898272195013,4,1.0,119,routeur,5.6,faible
4,3,7,4.0,0.2934886301051561,0.3037898272195013,4,1.0,119,switch,8.0,faible
2,2,7,4.285714285714286,0.24331735554089828,0.3037898272195013,4,1.0,119,postes,6.6,faible
4,0,0,0.0,0.0,0.3037898272195013,4,1.0,119,serveur_rh,0.0,faible
5,4,5,4.2,0.2821412691875149,0.3037898272195013,4,1.0,119,compte_admin,11.9,moyen
2,1,12,3.8333333333333335,1.0,0.6550174102243246,1,0.29411764705882354,120,internet,33.9,élevé
4,2,11,3.8181818181818183,0.6638348704088499,0.6550174102243246,1,0.29411764705882354,120,pare_feu,26.3,élevé
2,1,3,5.0,0.6630622399927512,0.6550174102243246,1,0.29411764705882354,120,serveur_web,11.4,moyen
5,1,2,5.0,0.40107145658064136,0.6550174102243246,1,0.29411764705882354,120,serveur_app,6.8,faible
5,1,1,5.0,0.4475901462477235,0.6550174102243246,1,0.29411764705882354,120,base_donnees,5.2,faible
5,0,0,0.0,0.0,0.6550174102243246,1,0.29411764705882354,120,donnees_sensibles,0.0,faible
4,0,0,0.0,0.0,0.6550174102243246,1,0.29411764705882354,120,sauvegardes,0.0,faible
3,1,9,4.111111111111111,0.7533217796858769,0.6550174102243246,1,0.29411764705882354,120,vpn,29.0,élevé
3,1,8,4.25,1.0,0.6550174102243246,1,0.29411764705882354,120,routeur,31.8,élevé
3,3,7,4.428571428571429,0.7083303391713133,0.6550174102243246,1,0.29411764705882354,120,switch,25.1,élevé
2,2,7,4.571428571428571,0.3298877394622846,0.6550174102243246,1,0.29411764705882354,120,postes,14.0,moyen
5,0,0,0.0,0.0,0.6550174102243246,1,0.29411764705882354,120,serveur_rh,0.0,faible
5,4,5,4.8,0.6894535285125792,0.6550174102243246,1,0.29411764705882354,120,compte_admin,32.9,élevé
2,1,12,3.8333333333333335,1.0,0.7369641033780487,0,0.0,120,internet,39.8,critique
4,2,11,3.8181818181818183,0.6638348704088499,0.7369641033780487,0,0.0,120,pare_feu,32.5,élevé
2,1,3,5.0,0.6630622399927512,0.7369641033780487,0,0.0,120,serveur_web,15.6,moyen
5,1,2,5.0,0.6684524276344023,0.7369641033780487,0,0.0,120,serveur_app,13.6,moyen
5,1,1,5.0,0.7459835770795391,0.7369641033780487,0,0.0,120,base_donnees,8.7,faible
5,0,0,0.0,0.0,0.7369641033780487,0,0.0,120,donnees_sensibles,0.0,faible
4,0,0,0.0,0.0,0.7369641033780487,0,0.0,120,sauvegardes,0.0,faible
3,1,9,4.111111111111111,0.7533217796858769,0.7369641033780487,0,0.0,120,vpn,37.0,critique
3,1,8,4.25,1.0,0.7369641033780487,0,0.0,120,routeur,42.5,critique
3,3,7,4.428571428571429,0.8294683319356606,0.7369641033780487,0,0.0,120,switch,35.8,critique
2,2,7,4.571428571428571,0.40590001235326195,0.7369641033780487,0,0.0,120,postes,22.5,élevé
5,0,0,0.0,0.0,0.7369641033780487,0,0.0,120,serveur_rh,0.0,faible
5,4,5,4.8,0.7674237429257638,0.7369641033780487,0,0.0,120,compte_admin,40.8,critique
2,1,12,3.8333333333333335,1.0,0.3434639482155752,4,0.9411764705882353,120,internet,14.3,moyen
4,2,11,3.8181818181818183,0.3589043246412348,0.3434639482155752,4,0.9411764705882353,120,pare_feu,5.9,faible
2,1,3,5.0,0.19891867199782534,0.3434639482155752,4,0.9411764705882353,120,serveur_web,2.8,faible
5,1,2,5.0,0.20053572829032068,0.3434639482155752,4,0.9411764705882353,120,serveur_app,3.4,faible
5,1,1,5.0,0.4475901462477235,0.3434639482155752,4,0.9411764705882353,120,base_donnees,5.2,faible
5,0,0,0.0,0.0,0.3434639482155752,4,0.9411764705882353,120,donnees_sensibles,0.0,faible
4,0,0,0.0,0.0,0.3434639482155752,4,0.9411764705882353,120,sauvegardes,0.0,faible
3,1,9,4.111111111111111,0.3013287118743508,0.3434639482155752,4,0.9411764705882353,120,vpn,4.6,faible
3,1,8,4.25,0.5,0.3434639482155752,4,0.9411764705882353,120,routeur,8.5,faible
3,3,7,4.428571428571429,0.35416516958565664,0.3434639482155752,4,0.9411764705882353,120,switch,10.3,moyen
2,2,7,4.571428571428571,0.15354202879749573,0.3434639482155752,4,0.9411764705882353,120,postes,4.3,faible
5,0,0,0.0,0.0,0.3434639482155752,4,0.9411764705882353,120,serveur_rh,0.0,faible
5,4,5,4.8,0.2757814114050317,0.3434639482155752,4,0.9411764705882353,120,compte_admin,13.1,moyen
2,1,12,3.8333333333333335,1.0,0.3434639482155752,4,0.9411764705882353,120,internet,14.3,moyen
4,2,11,3.8181818181818183,0.3589043246412348,0.3434639482155752,4,0.9411764705882353,120,pare_feu,5.9,faible
2,1,3,5.0,0.19891867199782534,0.3434639482155752,4,0.9411764705882353,120,serveur_web,2.8,faible
5,1,2,5.0,0.20053572829032068,0.3434639482155752,4,0.9411764705882353,120,serveur_app,3.4,faible
5,1,1,5.0,0.4475901462477235,0.3434639482155752,4,0.9411764705882353,120,base_donnees,5.2,faible
5,0,0,0.0,0.0,0.3434639482155752,4,0.9411764705882353,120,donnees_sensibles,0.0,faible
4,0,0,0.0,0.0,0.3434639482155752,4,0.9411764705882353,120,sauvegardes,0.0,faible
3,1,9,4.111111111111111,0.3013287118743508,0.3434639482155752,4,0.9411764705882353,120,vpn,4.6,faible
3,1,8,4.25,0.5,0.3434639482155752,4,0.9411764705882353,120,routeur,8.5,faible
3,3,7,4.428571428571429,0.35416516958565664,0.3434639482155752,4,0.9411764705882353,120,switch,10.3,moyen
2,2,7,4.571428571428571,0.15354202879749573,0.3434639482155752,4,0.9411764705882353,120,postes,4.3,faible
5,0,0,0.0,0.0,0.3434639482155752,4,0.9411764705882353,120,serveur_rh,0.0,faible
5,4,5,4.8,0.2757814114050317,0.3434639482155752,4,0.9411764705882353,120,compte_admin,13.1,moyen
1,1,12,3.6666666666666665,1.0,0.35377777754913686,4,0.9444444444444444,121,internet,15.4,moyen
4,2,11,3.6363636363636362,0.3078408105487102,0.35377777754913686,4,0.9444444444444444,121,pare_feu,6.8,faible
3,1,4,4.25,0.21920544556545044,0.35377777754913686,4,0.9444444444444444,121,serveur_web,3.2,faible
4,1,3,4.333333333333333,0.2604361982834766,0.35377777754913686,4,0.9444444444444444,121,serveur_app,5.5,faible
5,2,2,4.0,0.4255007367665722,0.35377777754913686,4,0.9444444444444444,121,base_donnees,9.0,faible
5,0,0,0.0,0.0,0.35377777754913686,4,0.9444444444444444,121,donnees_sensibles,0.0,faible
3,0,0,0.0,0.0,0.35377777754913686,4,0.9444444444444444,121,sauvegardes,0.0,faible
3,1,9,3.7777777777777777,0.3209146613642601,0.35377777754913686,4,0.9444444444444444,121,vpn,4.7,faible
3,1,8,3.875,0.43648093566409946,0.35377777754913686,4,0.9444444444444444,121,routeur,7.5,faible
4,3,7,3.857142857142857,0.3280735044449725,0.35377777754913686,4,0.9444444444444444,121,switch,7.8,faible
1,2,7,4.285714285714286,0.21365333373516399,0.35377777754913686,4,0.9444444444444444,121,postes,6.2,faible
4,0,0,0.0,0.0,0.35377777754913686,4,0.9444444444444444,121,serveur_rh,0.0,faible
5,4,5,4.2,0.3131881198928417,0.35377777754913686,4,0.9444444444444444,121,compte_admin,13.7,moyen
1,1,12,3.6666666666666665,1.0,0.35377777754913686,4,0.9444444444444444,121,internet,15.4,moyen
4,2,11,3.6363636363636362,0.3078408105487102,0.35377777754913686,4,0.9444444444444444,121,pare_feu,6.8,faible
3,1,4,4.25,0.21920544556545044,0.35377777754913686,4,0.9444444444444444,121,serveur_web,3.2,faible
4,1,3,4.333333333333333,0.2604361982834766,0.35377777754913686,4,0.9444444444444444,121,serveur_app,5.5,faible
5,2,2,4.0,0.4255007367665722,0.35377777754913686,4,0.9444444444444444,121,base_donnees,9.0,faible
5,0,0,0.0,0.0,0.35377777754913686,4,0.9444444444444444,121,donnees_sensibles,0.0,faible
3,0,0,0.0,0.0,0.35377777754913686,4,0.9444444444444444,121,sauvegardes,0.0,faible
3,1,9,3.7777777777777777,0.3209146613642601,0.35377777754913686,4,0.9444444444444444,121,vpn,4.7,faible
3,1,8,3.875,0.43648093566409946,0.35377777754913686,4,0.9444444444444444,121,routeur,7.5,faible
4,3,7,3.857142857142857,0.3280735044449725,0.35377777754913686,4,0.9444444444444444,121,switch,7.8,faible
1,2,7,4.285714285714286,0.21365333373516399,0.35377777754913686,4,0.9444444444444444,121,postes,6.2,faible
4,0,0,0.0,0.0,0.35377777754913686,4,0.9444444444444444,121,serveur_rh,0.0,faible
5,4,5,4.2,0.3131881198928417,0.35377777754913686,4,0.9444444444444444,121,compte_admin,13.7,moyen
1,1,12,3.6666666666666665,1.0,0.35377777754913686,4,0.9444444444444444,121,internet,15.4,moyen
4,2,11,3.6363636363636362,0.3078408105487102,0.35377777754913686,4,0.9444444444444444,121,pare_feu,6.8,faible
3,1,4,4.25,0.21920544556545044,0.35377777754913686,4,0.9444444444444444,121,serveur_web,3.2,faible
4,1,3,4.333333333333333,0.2604361982834766,0.35377777754913686,4,0.9444444444444444,121,serveur_app,5.5,faible
5,2,2,4.0,0.4255007367665722,0.35377777754913686,4,0.9444444444444444,121,base_donnees,9.0,faible
5,0,0,0.0,0.0,0.35377777754913686,4,0.9444444444444444,121,donnees_sensibles,0.0,faible
3,0,0,0.0,0.0,0.35377777754913686,4,0.9444444444444444,121,sauvegardes,0.0,faible
3,1,9,3.7777777777777777,0.3209146613642601,0.35377777754913686,4,0.9444444444444444,121,vpn,4.7,faible
3,1,8,3.875,0.43648093566409946,0.35377777754913686,4,0.9444444444444444,121,routeur,7.5,faible
4,3,7,3.857142857142857,0.3280735044449725,0.35377777754913686,4,0.9444444444444444,121,switch,7.8,faible
1,2,7,4.285714285714286,0.21365333373516399,0.35377777754913686,4,0.9444444444444444,121,postes,6.2,faible
4,0,0,0.0,0.0,0.35377777754913686,4,0.9444444444444444,121,serveur_rh,0.0,faible
5,4,5,4.2,0.3131881198928417,0.35377777754913686,4,0.9444444444444444,121,compte_admin,13.7,moyen
1,1,12,3.6666666666666665,1.0,0.4256212627032504,2,0.8333333333333334,121,internet,20.4,élevé
4,2,11,3.6363636363636362,0.43158428947694527,0.4256212627032504,2,0.8333333333333334,121,pare_feu,12.1,moyen
3,1,4,4.25,0.36534240927575073,0.4256212627032504,2,0.8333333333333334,121,serveur_web,7.4,faible
4,1,3,4.333333333333333,0.43406033047246095,0.4256212627032504,2,0.8333333333333334,121,serveur_app,11.0,moyen
5,2,2,4.0,0.602825311997958,0.4256212627032504,2,0.8333333333333334,121,base_donnees,13.5,moyen
5,0,0,0.0,0.0,0.4256212627032504,2,0.8333333333333334,121,donnees_sensibles,0.0,faible
3,0,0,0.0,0.0,0.4256212627032504,2,0.8333333333333334,121,sauvegardes,0.0,faible
3,1,9,3.7777777777777777,0.3209146613642601,0.4256212627032504,2,0.8333333333333334,121,vpn,5.1,faible
3,1,8,3.875,0.43648093566409946,0.4256212627032504,2,0.8333333333333334,121,routeur,8.9,faible
4,3,7,3.857142857142857,0.3831348965050952,0.4256212627032504,2,0.8333333333333334,121,switch,11.1,moyen
1,2,7,4.285714285714286,0.24364495861581137,0.4256212627032504,2,0.8333333333333334,121,postes,8.3,faible
4,0,0,0.0,0.0,0.4256212627032504,2,0.8333333333333334,121,serveur_rh,0.0,faible
5,4,5,4.2,0.34971764554630524,0.4256212627032504,2,0.8333333333333334,121,compte_admin,18.1,moyen
2,1,11,3.5454545454545454,0.7546150510667768,0.5016250025696497,1,0.4666666666666667,122,internet,18.2,moyen
3,2,10,3.6,0.4909871612168156,0.5016250025696497,1,0.4666666666666667,122,pare_feu,17.7,moyen
3,1,3,4.0,0.5547754957441506,0.5016250025696497,1,0.4666666666666667,122,serveur_web,11.9,moyen
5,1,2,3.5,0.7750155984689313,0.5016250025696497,1,0.4666666666666667,122,serveur_app,10.3,moyen
4,1,1,3.0,0.4853248224391164,0.5016250025696497,1,0.4666666666666667,122,base_donnees,3.5,faible
5,0,0,0.0,0.0,0.5016250025696497,1,0.4666666666666667,122,donnees_sensibles,0.0,faible
3,0,0,0.0,0.0,0.5016250025696497,1,0.4666666666666667,122,sauvegardes,0.0,faible
3,1,8,3.75,0.28122067268839795,0.5016250025696497,1,0.4666666666666667,122,vpn,6.8,faible
4,1,7,3.7142857142857144,0.7069286972502196,0.5016250025696497,1,0.4666666666666667,122,routeur,15.3,moyen
3,2,6,3.8333333333333335,0.8185375740140041,0.5016250025696497,1,0.4666666666666667,122,switch,14.1,moyen
3,1,5,4.0,0.16931244343712026,0.5016250025696497,1,0.4666666666666667,122,postes,3.8,faible
3,0,0,0.0,0.0,0.5016250025696497,1,0.4666666666666667,122,serveur_rh,0.0,faible
5,4,4,3.75,0.2945331967470982,0.5016250025696497,1,0.4666666666666667,122,compte_admin,11.2,moyen
2,1,11,3.5454545454545454,0.7546150510667768,0.4649628813155297,2,0.6,122,internet,11.9,moyen
3,2,10,3.6,0.32697635095974603,0.4649628813155297,2,0.6,122,pare_feu,9.2,faible
3,1,3,4.0,0.33286529744649035,0.4649628813155297,2,0.6,122,serveur_web,7.1,faible
5,1,2,3.5,0.7750155984689313,0.4649628813155297,2,0.6,122,serveur_app,10.3,moyen
4,1,1,3.0,0.4853248224391164,0.4649628813155297,2,0.6,122,base_donnees,3.5,faible
5,0,0,0.0,0.0,0.4649628813155297,2,0.6,122,donnees_sensibles,0.0,faible
3,0,0,0.0,0.0,0.4649628813155297,2,0.6,122,sauvegardes,0.0,faible
3,1,8,3.75,0.28122067268839795,0.4649628813155297,2,0.6,122,vpn,6.8,faible
4,1,7,3.7142857142857144,0.7069286972502196,0.4649628813155297,2,0.6,122,routeur,15.3,moyen
3,2,6,3.8333333333333335,0.8185375740140041,0.4649628813155297,2,0.6,122,switch,14.1,moyen
3,1,5,4.0,0.16931244343712026,0.4649628813155297,2,0.6,122,postes,3.8,faible
3,0,0,0.0,0.0,0.4649628813155297,2,0.6,122,serveur_rh,0.0,faible
5,4,4,3.75,0.2945331967470982,0.4649628813155297,2,0.6,122,compte_admin,11.2,moyen
2,1,11,3.5454545454545454,0.7546150510667768,0.2966368143040704,4,0.9333333333333333,122,internet,9.8,faible
3,2,10,3.6,0.32697635095974603,0.2966368143040704,4,0.9333333333333333,122,pare_feu,6.3,faible
3,1,3,4.0,0.16643264872324517,0.2966368143040704,4,0.9333333333333333,122,serveur_web,2.4,faible
5,1,2,3.5,0.23250467954067938,0.2966368143040704,4,0.9333333333333333,122,serveur_app,2.7,faible
4,1,1,3.0,0.2426624112195582,0.2966368143040704,4,0.9333333333333333,122,base_donnees,1.7,faible
5,0,0,0.0,0.0,0.2966368143040704,4,0.9333333333333333,122,donnees_sensibles,0.0,faible
3,0,0,0.0,0.0,0.2966368143040704,4,0.9333333333333333,122,sauvegardes,0.0,faible
3,1,8,3.75,0.28122067268839795,0.2966368143040704,4,0.9333333333333333,122,vpn,3.8,faible
4,1,7,3.7142857142857144,0.3534643486251098,0.2966368143040704,4,0.9333333333333333,122,routeur,4.4,faible
3,2,6,3.8333333333333335,0.32248972386356556,0.2966368143040704,4,0.9333333333333333,122,switch,5.3,faible
3,1,5,4.0,0.10158746606227216,0.2966368143040704,4,0.9333333333333333,122,postes,2.1,faible
3,0,0,0.0,0.0,0.2966368143040704,4,0.9333333333333333,122,serveur_rh,0.0,faible
5,4,4,3.75,0.2545331967470982,0.2966368143040704,4,0.9333333333333333,122,compte_admin,9.6,faible
2,1,11,3.5454545454545454,0.7546150510667768,0.6806836199958691,0,0.0,122,internet,23.9,élevé
3,2,10,3.6,0.6124273645780282,0.6806836199958691,0,0.0,122,pare_feu,25.4,élevé
3,1,3,4.0,0.5547754957441506,0.6806836199958691,0,0.0,122,serveur_web,11.9,moyen
5,1,2,3.5,0.7750155984689313,0.6806836199958691,0,0.0,122,serveur_app,10.3,moyen
4,1,1,3.0,0.4853248224391164,0.6806836199958691,0,0.0,122,base_donnees,3.5,faible
5,0,0,0.0,0.0,0.6806836199958691,0,0.0,122,donnees_sensibles,0.0,faible
3,0,0,0.0,0.0,0.6806836199958691,0,0.0,122,sauvegardes,0.0,faible
3,1,8,3.75,0.7030516817209949,0.6806836199958691,0,0.0,122,vpn,21.3,élevé
4,1,7,3.7142857142857144,0.7069286972502196,0.6806836199958691,0,0.0,122,routeur,21.5,élevé
3,2,6,3.8333333333333335,0.8185375740140041,0.6806836199958691,0,0.0,122,switch,22.7,élevé
3,1,5,4.0,0.4232811085928006,0.6806836199958691,0,0.0,122,postes,16.2,moyen
3,0,0,0.0,0.0,0.6806836199958691,0,0.0,122,serveur_rh,0.0,faible
5,4,4,3.75,0.7363329918677455,0.6806836199958691,0,0.0,122,compte_admin,27.9,élevé
1,0,0,0.0,0.0,0.7171469971092461,0,0.0,123,internet,0.0,faible
4,2,11,3.6363636363636362,0.6225923750587649,0.7171469971092461,0,0.0,123,pare_feu,41.6,critique
3,1,4,4.75,0.8438242425436296,0.7171469971092461,0,0.0,123,serveur_web,26.3,élevé
4,1,3,5.0,0.8430873615617896,0.7171469971092461,0,0.0,123,serveur_app,22.2,élevé
5,2,2,5.0,0.5811707419432275,0.7171469971092461,0,0.0,123,base_donnees,14.5,moyen
5,0,0,0.0,0.0,0.7171469971092461,0,0.0,123,donnees_sensibles,0.0,faible
5,0,0,0.0,0.0,0.7171469971092461,0,0.0,123,sauvegardes,0.0,faible
2,1,9,3.888888888888889,0.8952460686790119,0.7171469971092461,0,0.0,123,vpn,43.1,critique
2,1,8,4.125,1.0,0.7171469971092461,0,0.0,123,routeur,43.5,critique
4,3,7,4.142857142857143,0.7724013294943807,0.7171469971092461,0,0.0,123,switch,35.9,critique
2,2,7,4.428571428571429,0.450291019735657,0.7171469971092461,0,0.0,123,postes,25.5,élevé
4,0,0,0.0,0.0,0.7171469971092461,0,0.0,123,serveur_rh,0.0,faible
4,4,5,4.6,0.7460072540285778,0.7171469971092461,0,0.0,123,compte_admin,40.3,critique
1,0,0,0.0,0.0,0.29779837391368985,4,1.0,123,internet,0.0,faible
4,2,11,3.6363636363636362,0.3181554911203844,0.29779837391368985,4,1.0,123,pare_feu,6.7,faible
3,1,4,4.75,0.2531472727630889,0.29779837391368985,4,1.0,123,serveur_web,3.7,faible
4,1,3,5.0,0.25292620846853686,0.29779837391368985,4,1.0,123,serveur_app,5.1,faible
5,2,2,5.0,0.32644361121062254,0.29779837391368985,4,1.0,123,base_donnees,8.2,faible
5,0,0,0.0,0.0,0.29779837391368985,4,1.0,123,donnees_sensibles,0.0,faible
5,0,0,0.0,0.0,0.29779837391368985,4,1.0,123,sauvegardes,0.0,faible
2,1,9,3.888888888888889,0.3580984274716048,0.29779837391368985,4,1.0,123,vpn,5.0,faible
2,1,8,4.125,0.5,0.29779837391368985,4,1.0,123,routeur,9.2,faible
4,3,7,4.142857142857143,0.33939903109011477,0.29779837391368985,4,1.0,123,switch,9.6,faible
2,2,7,4.428571428571429,0.16892820959468988,0.29779837391368985,4,1.0,123,postes,4.9,faible
4,0,0,0.0,0.0,0.29779837391368985,4,1.0,123,serveur_rh,0.0,faible
4,4,5,4.6,0.26328718267693973,0.29779837391368985,4,1.0,123,compte_admin,12.5,moyen
1,0,0,0.0,0.0,0.3451831794634966,3,0.9411764705882353,123,internet,0.0,faible
4,2,11,3.6363636363636362,0.3181554911203844,0.3451831794634966,3,0.9411764705882353,123,pare_feu,7.2,faible
3,1,4,4.75,0.2531472727630889,0.3451831794634966,3,0.9411764705882353,123,serveur_web,4.9,faible
4,1,3,5.0,0.4215436807808948,0.3451831794634966,3,0.9411764705882353,123,serveur_app,10.0,moyen
5,2,2,5.0,0.4698765721666578,0.3451831794634966,3,0.9411764705882353,123,base_donnees,11.8,moyen
5,0,0,0.0,0.0,0.3451831794634966,3,0.9411764705882353,123,donnees_sensibles,0.0,faible
5,0,0,0.0,0.0,0.3451831794634966,3,0.9411764705882353,123,sauvegardes,0.0,faible
2,1,9,3.888888888888889,0.3580984274716048,0.3451831794634966,3,0.9411764705882353,123,vpn,5.5,faible
2,1,8,4.125,0.5,0.3451831794634966,3,0.9411764705882353,123,routeur,10.7,moyen
4,3,7,4.142857142857143,0.38620066474719034,0.3451831794634966,3,0.9411764705882353,123,switch,12.8,moyen
2,2,7,4.428571428571429,0.2035234713012367,0.3451831794634966,3,0.9411764705882353,123,postes,6.9,faible
4,0,0,0.0,0.0,0.3451831794634966,3,0.9411764705882353,123,serveur_rh,0.0,faible
4,4,5,4.6,0.2984029016114311,0.3451831794634966,3,0.9411764705882353,123,compte_admin,16.1,moyen
1,0,0,0.0,0.0,0.7171469971092461,0,0.0,123,internet,0.0,faible
4,2,11,3.6363636363636362,0.6225923750587649,0.7171469971092461,0,0.0,123,pare_feu,41.6,critique
3,1,4,4.75,0.8438242425436296,0.7171469971092461,0,0.0,123,serveur_web,26.3,élevé
4,1,3,5.0,0.8430873615617896,0.7171469971092461,0,0.0,123,serveur_app,22.2,élevé
5,2,2,5.0,0.5811707419432275,0.7171469971092461,0,0.0,123,base_donnees,14.5,moyen
5,0,0,0.0,0.0,0.7171469971092461,0,0.0,123,donnees_sensibles,0.0,faible
5,0,0,0.0,0.0,0.7171469971092461,0,0.0,123,sauvegardes,0.0,faible
2,1,9,3.888888888888889,0.8952460686790119,0.7171469971092461,0,0.0,123,vpn,43.1,critique
2,1,8,4.125,1.0,0.7171469971092461,0,0.0,123,routeur,43.5,critique
4,3,7,4.142857142857143,0.7724013294943807,0.7171469971092461,0,0.0,123,switch,35.9,critique
2,2,7,4.428571428571429,0.450291019735657,0.7171469971092461,0,0.0,123,postes,25.5,élevé
4,0,0,0.0,0.0,0.7171469971092461,0,0.0,123,serveur_rh,0.0,faible
4,4,5,4.6,0.7460072540285778,0.7171469971092461,0,0.0,123,compte_admin,40.3,critique
1,1,11,3.909090909090909,0.8329124588212867,0.4744242506157499,2,0.6470588235294118,124,internet,18.0,moyen
5,1,10,3.8,0.6264196068999122,0.4744242506157499,2,0.6470588235294118,124,pare_feu,11.5,moyen
2,1,4,4.75,0.2638929690526349,0.4744242506157499,2,0.6470588235294118,124,serveur_web,3.4,faible
4,1,3,5.0,0.18520049509301947,0.4744242506157499,2,0.6470588235294118,124,serveur_app,3.8,faible
5,2,2,5.0,0.364619712979279,0.4744242506157499,2,0.6470588235294118,124,base_donnees,8.9,faible
5,0,0,0.0,0.0,0.4744242506157499,2,0.6470588235294118,124,donnees_sensibles,0.0,faible
5,0,0,0.0,0.0,0.4744242506157499,2,0.6470588235294118,124,sauvegardes,0.0,faible
3,1,9,3.888888888888889,0.9941636432554045,0.4744242506157499,2,0.6470588235294118,124,vpn,10.5,moyen
2,1,8,4.125,0.371453306763817,0.4744242506157499,2,0.6470588235294118,124,routeur,5.8,faible
2,3,7,4.428571428571429,0.3352370478374693,0.4744242506157499,2,0.6470588235294118,124,switch,11.1,moyen
3,2,7,4.285714285714286,0.28358556268211876,0.4744242506157499,2,0.6470588235294118,124,postes,11.6,moyen
4,0,0,0.0,0.0,0.4744242506157499,2,0.6470588235294118,124,serveur_rh,0.0,faible
5,4,5,4.6,0.6222620214366175,0.4744242506157499,2,0.6470588235294118,124,compte_admin,28.4,élevé
1,1,11,3.909090909090909,0.8329124588212867,0.6926198696815096,0,0.0,124,internet,29.1,élevé
5,1,10,3.8,0.6264196068999122,0.6926198696815096,0,0.0,124,pare_feu,26.2,élevé
2,1,4,4.75,0.5277859381052697,0.6926198696815096,0,0.0,124,serveur_web,13.3,moyen
4,1,3,5.0,0.6173349836433982,0.6926198696815096,0,0.0,124,serveur_app,17.0,moyen
5,2,2,5.0,0.6535894969944317,0.6926198696815096,0,0.0,124,base_donnees,15.9,moyen
5,0,0,0.0,0.0,0.6926198696815096,0,0.0,124,donnees_sensibles,0.0,faible
5,0,0,0.0,0.0,0.6926198696815096,0,0.0,124,sauvegardes,0.0,faible
3,1,9,3.888888888888889,0.9941636432554045,0.6926198696815096,0,0.0,124,vpn,32.9,élevé
2,1,8,4.125,0.742906613527634,0.6926198696815096,0,0.0,124,routeur,27.8,élevé
2,3,7,4.428571428571429,0.7845227380286383,0.6926198696815096,0,0.0,124,switch,32.8,élevé
3,2,7,4.285714285714286,0.5233350032557516,0.6926198696815096,0,0.0,124,postes,24.3,élevé
4,0,0,0.0,0.0,0.6926198696815096,0,0.0,124,serveur_rh,0.0,faible
5,4,5,4.6,0.6813993314366191,0.6926198696815096,0,0.0,124,compte_admin,34.7,élevé
1,1,11,3.909090909090909,0.8329124588212867,0.313886248924416,4,0.9411764705882353,124,internet,11.4,moyen
5,1,10,3.8,0.25056784275996485,0.313886248924416,4,0.9411764705882353,124,pare_feu,2.9,faible
2,1,4,4.75,0.15833578143158092,0.313886248924416,4,0.9411764705882353,124,serveur_web,2.0,faible
4,1,3,5.0,0.18520049509301947,0.313886248924416,4,0.9411764705882353,124,serveur_app,3.8,faible
5,2,2,5.0,0.364619712979279,0.313886248924416,4,0.9411764705882353,124,base_donnees,8.9,faible
5,0,0,0.0,0.0,0.313886248924416,4,0.9411764705882353,124,donnees_sensibles,0.0,faible
5,0,0,0.0,0.0,0.313886248924416,4,0.9411764705882353,124,sauvegardes,0.0,faible
3,1,9,3.888888888888889,0.39766545730216185,0.313886248924416,4,0.9411764705882353,124,vpn,4.0,faible
2,1,8,4.125,0.371453306763817,0.313886248924416,4,0.9411764705882353,124,routeur,5.2,faible
2,3,7,4.428571428571429,0.3352370478374693,0.313886248924416,4,0.9411764705882353,124,switch,9.5,faible
3,2,7,4.285714285714286,0.204680542886844,0.313886248924416,4,0.9411764705882353,124,postes,4.6,faible
4,0,0,0.0,0.0,0.313886248924416,4,0.9411764705882353,124,serveur_rh,0.0,faible
5,4,5,4.6,0.24890480857464697,0.313886248924416,4,0.9411764705882353,124,compte_admin,11.3,moyen
1,1,11,3.909090909090909,0.8329124588212867,0.32009549525506625,3,0.9411764705882353,124,internet,11.4,moyen
5,1,10,3.8,0.25056784275996485,0.32009549525506625,3,0.9411764705882353,124,pare_feu,2.9,faible
2,1,4,4.75,0.2638929690526349,0.32009549525506625,3,0.9411764705882353,124,serveur_web,3.4,faible
4,1,3,5.0,0.18520049509301947,0.32009549525506625,3,0.9411764705882353,124,serveur_app,3.8,faible
5,2,2,5.0,0.364619712979279,0.32009549525506625,3,0.9411764705882353,124,base_donnees,8.9,faible
5,0,0,0.0,0.0,0.32009549525506625,3,0.9411764705882353,124,donnees_sensibles,0.0,faible
5,0,0,0.0,0.0,0.32009549525506625,3,0.9411764705882353,124,sauvegardes,0.0,faible
3,1,9,3.888888888888889,0.39766545730216185,0.32009549525506625,3,0.9411764705882353,124,vpn,4.0,faible
2,1,8,4.125,0.371453306763817,0.32009549525506625,3,0.9411764705882353,124,routeur,5.2,faible
2,3,7,4.428571428571429,0.3352370478374693,0.32009549525506625,3,0.9411764705882353,124,switch,9.5,faible
3,2,7,4.285714285714286,0.204680542886844,0.32009549525506625,3,0.9411764705882353,124,postes,4.6,faible
4,0,0,0.0,0.0,0.32009549525506625,3,0.9411764705882353,124,serveur_rh,0.0,faible
5,4,5,4.6,0.24890480857464697,0.32009549525506625,3,0.9411764705882353,124,compte_admin,11.3,moyen
2,0,0,0.0,0.0,0.6963115559899131,0,0.0,125,internet,0.0,faible
4,2,10,3.6,0.4784399271738777,0.6963115559899131,0,0.0,125,pare_feu,24.8,élevé
2,1,4,4.5,0.9008001566649271,0.6963115559899131,0,0.0,125,serveur_web,21.0,élevé
5,1,3,4.333333333333333,0.5212649540985971,0.6963115559899131,0,0.0,125,serveur_app,13.1,moyen
5,2,2,4.0,0.6820890689748801,0.6963115559899131,0,0.0,125,base_donnees,13.2,moyen
5,0,0,0.0,0.0,0.6963115559899131,0,0.0,125,donnees_sensibles,0.0,faible
3,0,0,0.0,0.0,0.6963115559899131,0,0.0,125,sauvegardes,0.0,faible
3,1,8,3.875,0.790383881683167,0.6963115559899131,0,0.0,125,vpn,25.5,élevé
2,1,7,4.142857142857143,0.9499666161127337,0.6963115559899131,0,0.0,125,routeur,27.1,élevé
3,3,6,4.333333333333333,0.5993523447278427,0.6963115559899131,0,0.0,125,switch,22.4,élevé
3,1,6,4.333333333333333,0.4418473003060905,0.6963115559899131,0,0.0,125,postes,10.5,moyen
5,0,0,0.0,0.0,0.6963115559899131,0,0.0,125,serveur_rh,0.0,faible
5,4,5,4.6,0.8544017401230126,0.6963115559899131,0,0.0,125,compte_admin,44.8,critique
2,0,0,0.0,0.0,0.43389170491944984,3,0.6875,125,internet,0.0,faible
4,2,10,3.6,0.25130279813818673,0.43389170491944984,3,0.6875,125,pare_feu,7.1,faible
2,1,4,4.5,0.5404800939989562,0.43389170491944984,3,0.6875,125,serveur_web,9.4,faible
5,1,3,4.333333333333333,0.31275897245915824,0.43389170491944984,3,0.6875,125,serveur_app,6.8,faible
5,2,2,4.0,0.5383250588468271,0.43389170491944984,3,0.6875,125,base_donnees,9.7,faible
5,0,0,0.0,0.0,0.43389170491944984,3,0.6875,125,donnees_sensibles,0.0,faible
3,0,0,0.0,0.0,0.43389170491944984,3,0.6875,125,sauvegardes,0.0,faible
3,1,8,3.875,0.31615355267326684,0.43389170491944984,3,0.6875,125,vpn,8.6,faible
2,1,7,4.142857142857143,0.9499666161127337,0.43389170491944984,3,0.6875,125,routeur,22.3,élevé
3,3,6,4.333333333333333,0.5279799348090356,0.43389170491944984,3,0.6875,125,switch,17.2,moyen
3,1,6,4.333333333333333,0.4418473003060905,0.43389170491944984,3,0.6875,125,postes,8.2,faible
5,0,0,0.0,0.0,0.43389170491944984,3,0.6875,125,serveur_rh,0.0,faible
5,4,5,4.6,0.30446630619096426,0.43389170491944984,3,0.6875,125,compte_admin,14.1,moyen
2,0,0,0.0,0.0,0.5251014650960399,1,0.375,125,internet,0.0,faible
4,2,10,3.6,0.3711564526754581,0.5251014650960399,1,0.375,125,pare_feu,18.0,moyen
2,1,4,4.5,0.9008001566649271,0.5251014650960399,1,0.375,125,serveur_web,21.0,élevé
5,1,3,4.333333333333333,0.5212649540985971,0.5251014650960399,1,0.375,125,serveur_app,13.1,moyen
5,2,2,4.0,0.6820890689748801,0.5251014650960399,1,0.375,125,base_donnees,13.2,moyen
5,0,0,0.0,0.0,0.5251014650960399,1,0.375,125,donnees_sensibles,0.0,faible
3,0,0,0.0,0.0,0.5251014650960399,1,0.375,125,sauvegardes,0.0,faible
3,1,8,3.875,0.31615355267326684,0.5251014650960399,1,0.375,125,vpn,10.2,moyen
2,1,7,4.142857142857143,0.9499666161127337,0.5251014650960399,1,0.375,125,routeur,27.1,élevé
3,3,6,4.333333333333333,0.5993523447278427,0.5251014650960399,1,0.375,125,switch,22.4,élevé
3,1,6,4.333333333333333,0.4418473003060905,0.5251014650960399,1,0.375,125,postes,10.5,moyen
5,0,0,0.0,0.0,0.5251014650960399,1,0.375,125,serveur_rh,0.0,faible
5,4,5,4.6,0.3417606960492051,0.5251014650960399,1,0.375,125,compte_admin,17.9,moyen
2,0,0,0.0,0.0,0.32030994886324715,3,0.9375,125,internet,0.0,faible
4,2,10,3.6,0.3711564526754581,0.32030994886324715,3,0.9375,125,pare_feu,8.2,faible
2,1,4,4.5,0.45040007833246354,0.32030994886324715,3,0.9375,125,serveur_web,6.3,faible
5,1,3,4.333333333333333,0.15637948622957912,0.32030994886324715,3,0.9375,125,serveur_app,3.0,faible
5,2,2,4.0,0.37698553701945325,0.32030994886324715,3,0.9375,125,base_donnees,7.4,faible
5,0,0,0.0,0.0,0.32030994886324715,3,0.9375,125,donnees_sensibles,0.0,faible
3,0,0,0.0,0.0,0.32030994886324715,3,0.9375,125,sauvegardes,0.0,faible
3,1,8,3.875,0.31615355267326684,0.32030994886324715,3,0.9375,125,vpn,3.6,faible
2,1,7,4.142857142857143,0.47498330805636685,0.32030994886324715,3,0.9375,125,routeur,6.8,faible
3,3,6,4.333333333333333,0.2639899674045178,0.32030994886324715,3,0.9375,125,switch,7.8,faible
3,1,6,4.333333333333333,0.22092365015304524,0.32030994886324715,3,0.9375,125,postes,2.6,faible
5,0,0,0.0,0.0,0.32030994886324715,3,0.9375,125,serveur_rh,0.0,faible
5,4,5,4.6,0.30446630619096426,0.32030994886324715,3,0.9375,125,compte_admin,14.1,moyen
1,1,12,3.5833333333333335,0.9568634445068456,0.33317962933466283,4,0.9411764705882353,126,internet,10.5,moyen
3,2,11,3.6363636363636362,0.2931305875769296,0.33317962933466283,4,0.9411764705882353,126,pare_feu,4.3,faible
2,0,0,0.0,0.0,0.33317962933466283,4,0.9411764705882353,126,serveur_web,0.0,faible
3,1,3,5.0,0.2210644829143036,0.33317962933466283,4,0.9411764705882353,126,serveur_app,4.6,faible
5,2,2,5.0,0.3493505351950663,0.33317962933466283,4,0.9411764705882353,126,base_donnees,9.0,faible
5,0,0,0.0,0.0,0.33317962933466283,4,0.9411764705882353,126,donnees_sensibles,0.0,faible
5,0,0,0.0,0.0,0.33317962933466283,4,0.9411764705882353,126,sauvegardes,0.0,faible
2,1,9,4.0,0.39763903842908693,0.33317962933466283,4,0.9411764705882353,126,vpn,6.1,faible
4,1,8,4.0,0.4524024618357215,0.33317962933466283,4,0.9411764705882353,126,routeur,6.1,faible
3,3,7,4.142857142857143,0.26567159310817495,0.33317962933466283,4,0.9411764705882353,126,switch,5.9,faible
1,2,7,4.428571428571429,0.24275863736331307,0.33317962933466283,4,0.9411764705882353,126,postes,5.7,faible
5,0,0,0.0,0.0,0.33317962933466283,4,0.9411764705882353,126,serveur_rh,0.0,faible
5,4,5,4.6,0.26714749285204203,0.33317962933466283,4,0.9411764705882353,126,compte_admin,12.9,moyen
1,1,12,3.5833333333333335,0.9568634445068456,0.4609355166477442,3,0.6470588235294118,126,internet,11.6,moyen
3,2,11,3.6363636363636362,0.2931305875769296,0.4609355166477442,3,0.6470588235294118,126,pare_feu,5.4,faible
2,0,0,0.0,0.0,0.4609355166477442,3,0.6470588235294118,126,serveur_web,0.0,faible
3,1,3,5.0,0.4421289658286072,0.4609355166477442,3,0.6470588235294118,126,serveur_app,10.9,moyen
5,2,2,5.0,0.5077103200593093,0.4609355166477442,3,0.6470588235294118,126,base_donnees,13.0,moyen
5,0,0,0.0,0.0,0.4609355166477442,3,0.6470588235294118,126,donnees_sensibles,0.0,faible
5,0,0,0.0,0.0,0.4609355166477442,3,0.6470588235294118,126,sauvegardes,0.0,faible
2,1,9,4.0,0.39763903842908693,0.4609355166477442,3,0.6470588235294118,126,vpn,11.3,moyen
4,1,8,4.0,0.904804923671443,0.4609355166477442,3,0.6470588235294118,126,routeur,19.8,moyen
3,3,7,4.142857142857143,0.5313431862163499,0.4609355166477442,3,0.6470588235294118,126,switch,14.0,moyen
1,2,7,4.428571428571429,0.4350830326229867,0.4609355166477442,3,0.6470588235294118,126,postes,14.4,moyen
5,0,0,0.0,0.0,0.4609355166477442,3,0.6470588235294118,126,serveur_rh,0.0,faible
5,4,5,4.6,0.26714749285204203,0.4609355166477442,3,0.6470588235294118,126,compte_admin,12.9,moyen
1,1,12,3.5833333333333335,0.9568634445068456,0.5328036737658088,1,0.4117647058823529,126,internet,13.2,moyen
3,2,11,3.6363636363636362,0.4148532686269559,0.5328036737658088,1,0.4117647058823529,126,pare_feu,7.2,faible
2,0,0,0.0,0.0,0.5328036737658088,1,0.4117647058823529,126,serveur_web,0.0,faible
3,1,3,5.0,0.7368816097143454,0.5328036737658088,1,0.4117647058823529,126,serveur_app,20.4,élevé
5,2,2,5.0,0.6350374869465248,0.5328036737658088,1,0.4117647058823529,126,base_donnees,16.3,moyen
5,0,0,0.0,0.0,0.5328036737658088,1,0.4117647058823529,126,donnees_sensibles,0.0,faible
5,0,0,0.0,0.0,0.5328036737658088,1,0.4117647058823529,126,sauvegardes,0.0,faible
2,1,9,4.0,0.39763903842908693,0.5328036737658088,1,0.4117647058823529,126,vpn,13.7,moyen
4,1,8,4.0,0.904804923671443,0.5328036737658088,1,0.4117647058823529,126,routeur,26.2,élevé
3,3,7,4.142857142857143,0.6070882303306654,0.5328036737658088,1,0.4117647058823529,126,switch,21.0,élevé
1,2,7,4.428571428571429,0.46870586069207965,0.5328036737658088,1,0.4117647058823529,126,postes,19.8,moyen
5,0,0,0.0,0.0,0.5328036737658088,1,0.4117647058823529,126,serveur_rh,0.0,faible
5,4,5,4.6,0.3007538785434781,0.5328036737658088,1,0.4117647058823529,126,compte_admin,16.4,moyen
1,1,12,3.5833333333333335,0.9568634445068456,0.5052814705801054,2,0.5882352941176471,126,internet,20.1,élevé
3,2,11,3.6363636363636362,0.5806731176297912,0.5052814705801054,2,0.5882352941176471,126,pare_feu,14.7,moyen
2,0,0,0.0,0.0,0.5052814705801054,2,0.5882352941176471,126,serveur_web,0.0,faible
3,1,3,5.0,0.2210644829143036,0.5052814705801054,2,0.5882352941176471,126,serveur_app,4.6,faible
5,2,2,5.0,0.3493505351950663,0.5052814705801054,2,0.5882352941176471,126,base_donnees,9.0,faible
5,0,0,0.0,0.0,0.5052814705801054,2,0.5882352941176471,126,donnees_sensibles,0.0,faible
5,0,0,0.0,0.0,0.5052814705801054,2,0.5882352941176471,126,sauvegardes,0.0,faible
2,1,9,4.0,0.9940975960727173,0.5052814705801054,2,0.5882352941176471,126,vpn,16.0,moyen
4,1,8,4.0,0.4524024618357215,0.5052814705801054,2,0.5882352941176471,126,routeur,6.9,faible
3,3,7,4.142857142857143,0.26567159310817495,0.5052814705801054,2,0.5882352941176471,126,switch,7.6,faible
1,2,7,4.428571428571429,0.3184100005187722,0.5052814705801054,2,0.5882352941176471,126,postes,13.0,moyen
5,0,0,0.0,0.0,0.5052814705801054,2,0.5882352941176471,126,serveur_rh,0.0,faible
5,4,5,4.6,0.667868732130105,0.5052814705801054,2,0.5882352941176471,126,compte_admin,32.2,élevé
2,1,6,4.166666666666667,1.0,0.7073370449151053,1,0.125,127,internet,22.5,élevé
5,2,5,4.0,0.48229322423065013,0.7073370449151053,1,0.125,127,pare_feu,12.4,moyen
3,1,3,4.666666666666667,0.4992924725677207,0.7073370449151053,1,0.125,127,serveur_web,11.6,moyen
4,1,2,5.0,0.6478829575049345,0.7073370449151053,1,0.125,127,serveur_app,14.7,moyen
5,1,1,5.0,1.0,0.7073370449151053,1,0.125,127,base_donnees,11.6,moyen
5,0,0,0.0,0.0,0.7073370449151053,1,0.125,127,donnees_sensibles,0.0,faible
4,0,0,0.0,0.0,0.7073370449151053,1,0.125,127,sauvegardes,0.0,faible
3,0,0,0.0,0.0,0.7073370449151053,1,0.125,127,vpn,0.0,faible
2,1,8,4.125,0.9295334673091934,0.7073370449151053,1,0.125,127,routeur,36.7,critique
4,3,7,4.142857142857143,0.7945836161459666,0.7073370449151053,1,0.125,127,switch,32.2,élevé
1,2,7,4.571428571428571,0.5337523386093902,0.7073370449151053,1,0.125,127,postes,29.3,élevé
5,0,0,0.0,0.0,0.7073370449151053,1,0.125,127,serveur_rh,0.0,faible
5,4,5,4.6,0.706210461785464,0.7073370449151053,1,0.125,127,compte_admin,41.2,critique
2,1,6,4.166666666666667,1.0,0.7477393390290986,0,0.0,127,internet,34.1,élevé
5,2,5,4.0,0.639080752953356,0.7477393390290986,0,0.0,127,pare_feu,24.8,élevé
3,1,3,4.666666666666667,0.8321541209462012,0.7477393390290986,0,0.0,127,serveur_web,19.4,moyen
4,1,2,5.0,0.6478829575049345,0.7477393390290986,0,0.0,127,serveur_app,14.7,moyen
5,1,1,5.0,1.0,0.7477393390290986,0,0.0,127,base_donnees,11.6,moyen
5,0,0,0.0,0.0,0.7477393390290986,0,0.0,127,donnees_sensibles,0.0,faible
4,0,0,0.0,0.0,0.7477393390290986,0,0.0,127,sauvegardes,0.0,faible
3,0,0,0.0,0.0,0.7477393390290986,0,0.0,127,vpn,0.0,faible
2,1,8,4.125,0.9295334673091934,0.7477393390290986,0,0.0,127,routeur,36.7,critique
4,3,7,4.142857142857143,0.7945836161459666,0.7477393390290986,0,0.0,127,switch,32.2,élevé
1,2,7,4.571428571428571,0.5337523386093902,0.7477393390290986,0,0.0,127,postes,29.3,élevé
5,0,0,0.0,0.0,0.7477393390290986,0,0.0,127,serveur_rh,0.0,faible
5,4,5,4.6,0.706210461785464,0.7477393390290986,0,0.0,127,compte_admin,41.2,critique
2,1,6,4.166666666666667,1.0,0.5454689133252002,2,0.5,127,internet,19.0,moyen
5,2,5,4.0,0.48229322423065013,0.5454689133252002,2,0.5,127,pare_feu,8.7,faible
3,1,3,4.666666666666667,0.24964623628386035,0.5454689133252002,2,0.5,127,serveur_web,4.0,faible
4,1,2,5.0,0.32394147875246726,0.5454689133252002,2,0.5,127,serveur_app,7.4,faible
5,1,1,5.0,1.0,0.5454689133252002,2,0.5,127,base_donnees,11.6,moyen
5,0,0,0.0,0.0,0.5454689133252002,2,0.5,127,donnees_sensibles,0.0,faible
4,0,0,0.0,0.0,0.5454689133252002,2,0.5,127,sauvegardes,0.0,faible
3,0,0,0.0,0.0,0.5454689133252002,2,0.5,127,vpn,0.0,faible
2,1,8,4.125,0.4647667336545967,0.5454689133252002,2,0.5,127,routeur,10.6,moyen
4,3,7,4.142857142857143,0.3972918080729833,0.5454689133252002,2,0.5,127,switch,14.7,moyen
1,2,7,4.571428571428571,0.3539222223450863,0.5454689133252002,2,0.5,127,postes,19.9,moyen
5,0,0,0.0,0.0,0.5454689133252002,2,0.5,127,serveur_rh,0.0,faible
5,4,5,4.6,0.706210461785464,0.5454689133252002,2,0.5,127,compte_admin,41.2,critique
2,1,6,4.166666666666667,1.0,0.46857863983021225,3,0.6875,127,internet,18.6,moyen
5,2,5,4.0,0.48229322423065013,0.46857863983021225,3,0.6875,127,pare_feu,8.2,faible
3,1,3,4.666666666666667,0.24964623628386035,0.46857863983021225,3,0.6875,127,serveur_web,3.1,faible
4,1,2,5.0,0.19436488725148035,0.46857863983021225,3,0.6875,127,serveur_app,3.5,faible
5,1,1,5.0,0.6,0.46857863983021225,3,0.6875,127,base_donnees,7.0,faible
5,0,0,0.0,0.0,0.46857863983021225,3,0.6875,127,donnees_sensibles,0.0,faible
4,0,0,0.0,0.0,0.46857863983021225,3,0.6875,127,sauvegardes,0.0,faible
3,0,0,0.0,0.0,0.46857863983021225,3,0.6875,127,vpn,0.0,faible
2,1,8,4.125,0.4647667336545967,0.46857863983021225,3,0.6875,127,routeur,8.3,faible
4,3,7,4.142857142857143,0.33906929598599395,0.46857863983021225,3,0.6875,127,switch,9.5,faible
1,2,7,4.571428571428571,0.2842853799127733,0.46857863983021225,3,0.6875,127,postes,10.9,moyen
5,0,0,0.0,0.0,0.46857863983021225,3,0.6875,127,serveur_rh,0.0,faible
5,4,5,4.6,0.6095288209621575,0.46857863983021225,3,0.6875,127,compte_admin,29.5,élevé
1,1,12,3.8333333333333335,1.0,0.6965288023819273,1,0.1111111111111111,128,internet,30.7,élevé
5,2,11,3.727272727272727,0.488323740201142,0.6965288023819273,1,0.1111111111111111,128,pare_feu,21.8,élevé
2,1,4,4.25,0.45262370357285586,0.6965288023819273,1,0.1111111111111111,128,serveur_web,9.8,faible
3,1,3,4.666666666666667,0.543112583440774,0.6965288023819273,1,0.1111111111111111,128,serveur_app,15.4,moyen
5,2,2,4.5,0.813615937932049,0.6965288023819273,1,0.1111111111111111,128,base_donnees,17.7,moyen
5,0,0,0.0,0.0,0.6965288023819273,1,0.1111111111111111,128,donnees_sensibles,0.0,faible
4,0,0,0.0,0.0,0.6965288023819273,1,0.1111111111111111,128,sauvegardes,0.0,faible
3,1,9,4.0,0.9396786653882345,0.6965288023819273,1,0.1111111111111111,128,vpn,33.4,élevé
4,1,8,4.0,0.7204141123194355,0.6965288023819273,1,0.1111111111111111,128,routeur,27.0,élevé
3,3,7,4.142857142857143,0.6836304379154091,0.6965288023819273,1,0.1111111111111111,128,switch,29.9,élevé
2,2,7,4.285714285714286,0.49443149312370605,0.6965288023819273,1,0.1111111111111111,128,postes,25.6,élevé
5,0,0,0.0,0.0,0.6965288023819273,1,0.1111111111111111,128,serveur_rh,0.0,faible
5,4,5,4.4,0.8095139304733423,0.6965288023819273,1,0.1111111111111111,128,compte_admin,41.3,critique
1,1,12,3.8333333333333335,1.0,0.6597223431614544,1,0.2777777777777778,128,internet,35.9,critique
5,2,11,3.727272727272727,0.682349541765932,0.6597223431614544,1,0.2777777777777778,128,pare_feu,27.4,élevé
2,1,4,4.25,0.7543728392880932,0.6597223431614544,1,0.2777777777777778,128,serveur_web,10.8,moyen
3,1,3,4.666666666666667,0.3258675500644644,0.6597223431614544,1,0.2777777777777778,128,serveur_app,7.8,faible
5,2,2,4.5,0.6245350578886162,0.6597223431614544,1,0.2777777777777778,128,base_donnees,13.2,moyen
5,0,0,0.0,0.0,0.6597223431614544,1,0.2777777777777778,128,donnees_sensibles,0.0,faible
4,0,0,0.0,0.0,0.6597223431614544,1,0.2777777777777778,128,sauvegardes,0.0,faible
3,1,9,4.0,0.9396786653882345,0.6597223431614544,1,0.2777777777777778,128,vpn,25.8,élevé
4,1,8,4.0,0.7204141123194355,0.6597223431614544,1,0.2777777777777778,128,routeur,18.8,moyen
3,3,7,4.142857142857143,0.5973382034455513,0.6597223431614544,1,0.2777777777777778,128,switch,18.7,moyen
2,2,7,4.285714285714286,0.4132086609108372,0.6597223431614544,1,0.2777777777777778,128,postes,14.7,moyen
5,0,0,0.0,0.0,0.6597223431614544,1,0.2777777777777778,128,serveur_rh,0.0,faible
5,4,5,4.4,0.7256169695946317,0.6597223431614544,1,0.2777777777777778,128,compte_admin,31.2,élevé
1,1,12,3.8333333333333335,1.0,0.47205390935518854,3,0.6666666666666666,128,internet,19.3,moyen
5,2,11,3.727272727272727,0.36995271748876785,0.47205390935518854,3,0.6666666666666666,128,pare_feu,9.3,faible
2,1,4,4.25,0.45262370357285586,0.47205390935518854,3,0.6666666666666666,128,serveur_web,6.5,faible
3,1,3,4.666666666666667,0.3258675500644644,0.47205390935518854,3,0.6666666666666666,128,serveur_app,7.8,faible
5,2,2,4.5,0.6245350578886162,0.47205390935518854,3,0.6666666666666666,128,base_donnees,13.2,moyen
5,0,0,0.0,0.0,0.47205390935518854,3,0.6666666666666666,128,donnees_sensibles,0.0,faible
4,0,0,0.0,0.0,0.47205390935518854,3,0.6666666666666666,128,sauvegardes,0.0,faible
3,1,9,4.0,0.3758714661552938,0.47205390935518854,3,0.6666666666666666,128,vpn,9.6,faible
4,1,8,4.0,0.7204141123194355,0.47205390935518854,3,0.6666666666666666,128,routeur,16.8,moyen
3,3,7,4.142857142857143,0.5973382034455513,0.47205390935518854,3,0.6666666666666666,128,switch,16.0,moyen
2,2,7,4.285714285714286,0.3401081119192553,0.47205390935518854,3,0.6666666666666666,128,postes,10.8,moyen
5,0,0,0.0,0.0,0.47205390935518854,3,0.6666666666666666,128,serveur_rh,0.0,faible
5,4,5,4.4,0.2902467878378527,0.47205390935518854,3,0.6666666666666666,128,compte_admin,12.5,moyen
1,1,12,3.8333333333333335,1.0,0.621400079892298,2,0.3888888888888889,128,internet,27.6,élevé
5,2,11,3.727272727272727,0.488323740201142,0.621400079892298,2,0.3888888888888889,128,pare_feu,18.4,moyen
2,1,4,4.25,0.45262370357285586,0.621400079892298,2,0.3888888888888889,128,serveur_web,6.5,faible
3,1,3,4.666666666666667,0.3258675500644644,0.621400079892298,2,0.3888888888888889,128,serveur_app,7.8,faible
5,2,2,4.5,0.6245350578886162,0.621400079892298,2,0.3888888888888889,128,base_donnees,13.2,moyen
5,0,0,0.0,0.0,0.621400079892298,2,0.3888888888888889,128,donnees_sensibles,0.0,faible
4,0,0,0.0,0.0,0.621400079892298,2,0.3888888888888889,128,sauvegardes,0.0,faible
3,1,9,4.0,0.9396786653882345,0.621400079892298,2,0.3888888888888889,128,vpn,25.8,élevé
4,1,8,4.0,0.7204141123194355,0.621400079892298,2,0.3888888888888889,128,routeur,18.8,moyen
3,3,7,4.142857142857143,0.5973382034455513,0.621400079892298,2,0.3888888888888889,128,switch,18.7,moyen
2,2,7,4.285714285714286,0.4132086609108372,0.621400079892298,2,0.3888888888888889,128,postes,14.7,moyen
5,0,0,0.0,0.0,0.621400079892298,2,0.3888888888888889,128,serveur_rh,0.0,faible
5,4,5,4.4,0.7256169695946317,0.621400079892298,2,0.3888888888888889,128,compte_admin,31.2,élevé
1,1,3,3.3333333333333335,0.920507164915671,0.4881810502782118,2,0.5333333333333333,129,internet,10.3,moyen
4,1,2,3.0,0.41462960611375294,0.4881810502782118,2,0.5333333333333333,129,pare_feu,2.6,faible
2,1,1,4.0,0.18046873464669816,0.4881810502782118,2,0.5333333333333333,129,serveur_web,1.6,faible
4,0,0,0.0,0.0,0.4881810502782118,2,0.5333333333333333,129,serveur_app,0.0,faible
5,2,2,4.5,0.5487184818493709,0.4881810502782118,2,0.5333333333333333,129,base_donnees,12.3,moyen
5,0,0,0.0,0.0,0.4881810502782118,2,0.5333333333333333,129,donnees_sensibles,0.0,faible
4,0,0,0.0,0.0,0.4881810502782118,2,0.5333333333333333,129,sauvegardes,0.0,faible
2,0,0,0.0,0.0,0.4881810502782118,2,0.5333333333333333,129,vpn,0.0,faible
4,1,8,4.25,0.37649022993870424,0.4881810502782118,2,0.5333333333333333,129,routeur,8.1,faible
3,3,7,4.428571428571429,0.3132855512376602,0.4881810502782118,2,0.5333333333333333,129,switch,14.3,moyen
3,2,7,4.428571428571429,0.3625840168150702,0.4881810502782118,2,0.5333333333333333,129,postes,22.2,élevé
5,0,0,0.0,0.0,0.4881810502782118,2,0.5333333333333333,129,serveur_rh,0.0,faible
5,4,5,4.6,0.6670395918791219,0.4881810502782118,2,0.5333333333333333,129,compte_admin,34.2,élevé
1,1,3,3.3333333333333335,0.920507164915671,0.3218006607519107,4,0.9333333333333333,129,internet,10.3,moyen
4,1,2,3.0,0.41462960611375294,0.3218006607519107,4,0.9333333333333333,129,pare_feu,2.6,faible
2,1,1,4.0,0.18046873464669816,0.3218006607519107,4,0.9333333333333333,129,serveur_web,1.6,faible
4,0,0,0.0,0.0,0.3218006607519107,4,0.9333333333333333,129,serveur_app,0.0,faible
5,2,2,4.5,0.39091055713914813,0.3218006607519107,4,0.9333333333333333,129,base_donnees,8.6,faible
5,0,0,0.0,0.0,0.3218006607519107,4,0.9333333333333333,129,donnees_sensibles,0.0,faible
4,0,0,0.0,0.0,0.3218006607519107,4,0.9333333333333333,129,sauvegardes,0.0,faible
2,0,0,0.0,0.0,0.3218006607519107,4,0.9333333333333333,129,vpn,0.0,faible
4,1,8,4.25,0.37649022993870424,0.3218006607519107,4,0.9333333333333333,129,routeur,5.6,faible
3,3,7,4.428571428571429,0.2712736650072553,0.3218006607519107,4,0.9333333333333333,129,switch,7.7,faible
3,2,7,4.428571428571429,0.18609838052163816,0.3218006607519107,4,0.9333333333333333,129,postes,4.7,faible
5,0,0,0.0,0.0,0.3218006607519107,4,0.9333333333333333,129,serveur_rh,0.0,faible
5,4,5,4.6,0.24176882633012398,0.3218006607519107,4,0.9333333333333333,129,compte_admin,11.0,moyen
1,1,3,3.3333333333333335,0.920507164915671,0.5146298654231207,1,0.4666666666666667,129,internet,12.4,moyen
4,1,2,3.0,0.6910493435229216,0.5146298654231207,1,0.4666666666666667,129,pare_feu,5.1,faible
2,1,1,4.0,0.3007812244111636,0.5146298654231207,1,0.4666666666666667,129,serveur_web,2.7,faible
4,0,0,0.0,0.0,0.5146298654231207,1,0.4666666666666667,129,serveur_app,0.0,faible
5,2,2,4.5,0.5487184818493709,0.5146298654231207,1,0.4666666666666667,129,base_donnees,12.3,moyen
5,0,0,0.0,0.0,0.5146298654231207,1,0.4666666666666667,129,donnees_sensibles,0.0,faible
4,0,0,0.0,0.0,0.5146298654231207,1,0.4666666666666667,129,sauvegardes,0.0,faible
2,0,0,0.0,0.0,0.5146298654231207,1,0.4666666666666667,129,vpn,0.0,faible
4,1,8,4.25,0.37649022993870424,0.5146298654231207,1,0.4666666666666667,129,routeur,8.1,faible
3,3,7,4.428571428571429,0.3132855512376602,0.5146298654231207,1,0.4666666666666667,129,switch,14.3,moyen
3,2,7,4.428571428571429,0.3625840168150702,0.5146298654231207,1,0.4666666666666667,129,postes,22.2,élevé
5,0,0,0.0,0.0,0.5146298654231207,1,0.4666666666666667,129,serveur_rh,0.0,faible
5,4,5,4.6,0.6670395918791219,0.5146298654231207,1,0.4666666666666667,129,compte_admin,34.2,élevé
1,1,3,3.3333333333333335,0.920507164915671,0.6259107240844408,1,0.13333333333333333,129,internet,10.9,moyen
4,1,2,3.0,0.41462960611375294,0.6259107240844408,1,0.13333333333333333,129,pare_feu,3.3,faible
2,1,1,4.0,0.3609374692933963,0.6259107240844408,1,0.13333333333333333,129,serveur_web,3.2,faible
4,0,0,0.0,0.0,0.6259107240844408,1,0.13333333333333333,129,serveur_app,0.0,faible
5,2,2,4.5,0.7029171519231848,0.6259107240844408,1,0.13333333333333333,129,base_donnees,15.3,moyen
5,0,0,0.0,0.0,0.6259107240844408,1,0.13333333333333333,129,donnees_sensibles,0.0,faible
4,0,0,0.0,0.0,0.6259107240844408,1,0.13333333333333333,129,sauvegardes,0.0,faible
2,0,0,0.0,0.0,0.6259107240844408,1,0.13333333333333333,129,vpn,0.0,faible
4,1,8,4.25,0.7529804598774085,0.6259107240844408,1,0.13333333333333333,129,routeur,27.3,élevé
3,3,7,4.428571428571429,0.6265711024753204,0.6259107240844408,1,0.13333333333333333,129,switch,28.6,élevé
3,2,7,4.428571428571429,0.4929500911387824,0.6259107240844408,1,0.13333333333333333,129,postes,24.6,élevé
5,0,0,0.0,0.0,0.6259107240844408,1,0.13333333333333333,129,serveur_rh,0.0,faible
5,4,5,4.6,0.6670395918791219,0.6259107240844408,1,0.13333333333333333,129,compte_admin,34.2,élevé
1,1,6,4.333333333333333,1.0,0.35493648943144107,4,0.9411764705882353,130,internet,16.8,moyen
5,1,5,4.2,0.6,0.35493648943144107,4,0.9411764705882353,130,pare_feu,7.2,faible
4,1,4,4.25,0.25212165907537537,0.35493648943144107,4,0.9411764705882353,130,serveur_web,3.0,faible
4,1,3,4.333333333333333,0.19981256179243798,0.35493648943144107,4,0.9411764705882353,130,serveur_app,3.4,faible
4,2,2,4.5,0.40773009275308014,0.35493648943144107,4,0.9411764705882353,130,base_donnees,8.2,faible
5,0,0,0.0,0.0,0.35493648943144107,4,0.9411764705882353,130,donnees_sensibles,0.0,faible
4,0,0,0.0,0.0,0.35493648943144107,4,0.9411764705882353,130,sauvegardes,0.0,faible
4,1,9,4.0,0.22846204934250466,0.35493648943144107,4,0.9411764705882353,130,vpn,3.8,faible
4,1,8,4.0,0.5,0.35493648943144107,4,0.9411764705882353,130,routeur,8.0,faible
3,3,7,4.142857142857143,0.3308451144714509,0.35493648943144107,4,0.9411764705882353,130,switch,9.3,faible
3,2,7,4.142857142857143,0.17621714289279036,0.35493648943144107,4,0.9411764705882353,130,postes,4.2,faible
5,0,0,0.0,0.0,0.35493648943144107,4,0.9411764705882353,130,serveur_rh,0.0,faible
4,4,5,4.4,0.2732735588545215,0.35493648943144107,4,0.9411764705882353,130,compte_admin,11.1,moyen
1,1,6,4.333333333333333,1.0,0.5799601642829195,1,0.47058823529411764,130,internet,24.5,élevé
5,1,5,4.2,1.0,0.5799601642829195,1,0.47058823529411764,130,pare_feu,15.6,moyen
4,1,4,4.25,0.42020276512562565,0.5799601642829195,1,0.47058823529411764,130,serveur_web,6.5,faible
4,1,3,4.333333333333333,0.33302093632073,0.5799601642829195,1,0.47058823529411764,130,serveur_app,6.8,faible
4,2,2,4.5,0.5772939142058385,0.5799601642829195,1,0.47058823529411764,130,base_donnees,11.9,moyen
5,0,0,0.0,0.0,0.5799601642829195,1,0.47058823529411764,130,donnees_sensibles,0.0,faible
4,0,0,0.0,0.0,0.5799601642829195,1,0.47058823529411764,130,sauvegardes,0.0,faible
4,1,9,4.0,0.5711551233562616,0.5799601642829195,1,0.47058823529411764,130,vpn,11.6,moyen
4,1,8,4.0,0.5,0.5799601642829195,1,0.47058823529411764,130,routeur,11.5,moyen
3,3,7,4.142857142857143,0.38114728173589313,0.5799601642829195,1,0.47058823529411764,130,switch,16.2,moyen
3,2,7,4.142857142857143,0.3720088398195648,0.5799601642829195,1,0.47058823529411764,130,postes,22.9,élevé
5,0,0,0.0,0.0,0.5799601642829195,1,0.47058823529411764,130,serveur_rh,0.0,faible
4,4,5,4.4,0.7482241536871322,0.5799601642829195,1,0.47058823529411764,130,compte_admin,33.9,élevé
1,1,6,4.333333333333333,1.0,0.7524431430910967,0,0.0,130,internet,37.4,critique
5,1,5,4.2,1.0,0.7524431430910967,0,0.0,130,pare_feu,29.7,élevé
4,1,4,4.25,0.8404055302512513,0.7524431430910967,0,0.0,130,serveur_web,20.3,élevé
4,1,3,4.333333333333333,0.66604187264146,0.7524431430910967,0,0.0,130,serveur_app,15.5,moyen
4,2,2,4.5,0.7306782747797811,0.7524431430910967,0,0.0,130,base_donnees,14.6,moyen
5,0,0,0.0,0.0,0.7524431430910967,0,0.0,130,donnees_sensibles,0.0,faible
4,0,0,0.0,0.0,0.7524431430910967,0,0.0,130,sauvegardes,0.0,faible
4,1,9,4.0,0.5711551233562616,0.7524431430910967,0,0.0,130,vpn,27.8,élevé
4,1,8,4.0,1.0,0.7524431430910967,0,0.0,130,routeur,40.0,critique
3,3,7,4.142857142857143,0.7622945634717863,0.7524431430910967,0,0.0,130,switch,32.7,élevé
3,2,7,4.142857142857143,0.4863970257881106,0.7524431430910967,0,0.0,130,postes,24.4,élevé
5,0,0,0.0,0.0,0.7524431430910967,0,0.0,130,serveur_rh,0.0,faible
4,4,5,4.4,0.7482241536871322,0.7524431430910967,0,0.0,130,compte_admin,33.9,élevé
1,1,6,4.333333333333333,1.0,0.5008197045706847,3,0.6470588235294118,130,internet,19.8,moyen
5,1,5,4.2,0.6,0.5008197045706847,3,0.6470588235294118,130,pare_feu,10.4,moyen
4,1,4,4.25,0.5042433181507507,0.5008197045706847,3,0.6470588235294118,130,serveur_web,8.3,faible
4,1,3,4.333333333333333,0.39962512358487595,0.5008197045706847,3,0.6470588235294118,130,serveur_app,7.8,faible
4,2,2,4.5,0.5611144533270227,0.5008197045706847,3,0.6470588235294118,130,base_donnees,10.9,moyen
5,0,0,0.0,0.0,0.5008197045706847,3,0.6470588235294118,130,donnees_sensibles,0.0,faible
4,0,0,0.0,0.0,0.5008197045706847,3,0.6470588235294118,130,sauvegardes,0.0,faible
4,1,9,4.0,0.22846204934250466,0.5008197045706847,3,0.6470588235294118,130,vpn,8.3,faible
4,1,8,4.0,1.0,0.5008197045706847,3,0.6470588235294118,130,routeur,27.8,élevé
3,3,7,4.142857142857143,0.6616902289429017,0.5008197045706847,3,0.6470588235294118,130,switch,20.9,élevé
3,2,7,4.142857142857143,0.29060532886133617,0.5008197045706847,3,0.6470588235294118,130,postes,10.1,moyen
5,0,0,0.0,0.0,0.5008197045706847,3,0.6470588235294118,130,serveur_rh,0.0,faible
4,4,5,4.4,0.2732735588545215,0.5008197045706847,3,0.6470588235294118,130,compte_admin,11.1,moyen
1,1,11,3.6363636363636362,0.9869506854257408,0.726793412231294,1,0.058823529411764705,131,internet,28.4,élevé
3,1,10,3.7,0.6097098481799953,0.726793412231294,1,0.058823529411764705,131,pare_feu,23.1,élevé
4,1,4,4.0,0.3458306052540153,0.726793412231294,1,0.058823529411764705,131,serveur_web,10.1,moyen
3,1,3,4.333333333333333,0.7880620779038436,0.726793412231294,1,0.058823529411764705,131,serveur_app,21.3,élevé
5,2,2,4.0,0.7937501027569904,0.726793412231294,1,0.058823529411764705,131,base_donnees,15.9,moyen
4,0,0,0.0,0.0,0.726793412231294,1,0.058823529411764705,131,donnees_sensibles,0.0,faible
4,0,0,0.0,0.0,0.726793412231294,1,0.058823529411764705,131,sauvegardes,0.0,faible
3,1,9,3.7777777777777777,0.8887212459765307,0.726793412231294,1,0.058823529411764705,131,vpn,30.7,élevé
4,1,8,3.75,0.6340193867324737,0.726793412231294,1,0.058823529411764705,131,routeur,25.6,élevé
4,3,7,3.7142857142857144,0.7056040781729326,0.726793412231294,1,0.058823529411764705,131,switch,30.6,élevé
2,2,7,4.0,0.5510218048728657,0.726793412231294,1,0.058823529411764705,131,postes,29.1,élevé
3,0,0,0.0,0.0,0.726793412231294,1,0.058823529411764705,131,serveur_rh,0.0,faible
5,4,5,3.8,0.8239595271702219,0.726793412231294,1,0.058823529411764705,131,compte_admin,41.0,critique
1,1,11,3.6363636363636362,0.9869506854257408,0.5798151126391328,1,0.47058823529411764,131,internet,19.2,moyen
3,1,10,3.7,0.6097098481799953,0.5798151126391328,1,0.47058823529411764,131,pare_feu,13.2,moyen
4,1,4,4.0,0.28819217104501277,0.5798151126391328,1,0.47058823529411764,131,serveur_web,4.9,faible
3,1,3,4.333333333333333,0.3940310389519218,0.5798151126391328,1,0.47058823529411764,131,serveur_app,9.5,faible
5,2,2,4.0,0.635875826951431,0.5798151126391328,1,0.47058823529411764,131,base_donnees,12.7,moyen
4,0,0,0.0,0.0,0.5798151126391328,1,0.47058823529411764,131,donnees_sensibles,0.0,faible
4,0,0,0.0,0.0,0.5798151126391328,1,0.47058823529411764,131,sauvegardes,0.0,faible
3,1,9,3.7777777777777777,0.8887212459765307,0.5798151126391328,1,0.47058823529411764,131,vpn,14.5,moyen
4,1,8,3.75,0.31700969336623686,0.5798151126391328,1,0.47058823529411764,131,routeur,7.0,faible
4,3,7,3.7142857142857144,0.3528020390864663,0.5798151126391328,1,0.47058823529411764,131,switch,12.3,moyen
2,2,7,4.0,0.37312317603833534,0.5798151126391328,1,0.47058823529411764,131,postes,22.7,élevé
3,0,0,0.0,0.0,0.5798151126391328,1,0.47058823529411764,131,serveur_rh,0.0,faible
5,4,5,3.8,0.8239595271702219,0.5798151126391328,1,0.47058823529411764,131,compte_admin,41.0,critique
1,1,11,3.6363636363636362,0.9869506854257408,0.3355980989251924,4,0.9411764705882353,131,internet,9.6,faible
3,1,10,3.7,0.24388393927199814,0.3355980989251924,4,0.9411764705882353,131,pare_feu,3.0,faible
4,1,4,4.0,0.17291530262700766,0.3355980989251924,4,0.9411764705882353,131,serveur_web,2.1,faible
3,1,3,4.333333333333333,0.23641862337115307,0.3355980989251924,4,0.9411764705882353,131,serveur_app,4.8,faible
5,2,2,4.0,0.44467520649308234,0.3355980989251924,4,0.9411764705882353,131,base_donnees,8.9,faible
4,0,0,0.0,0.0,0.3355980989251924,4,0.9411764705882353,131,donnees_sensibles,0.0,faible
4,0,0,0.0,0.0,0.3355980989251924,4,0.9411764705882353,131,sauvegardes,0.0,faible
3,1,9,3.7777777777777777,0.3554884983906123,0.3355980989251924,4,0.9411764705882353,131,vpn,5.3,faible
4,1,8,3.75,0.31700969336623686,0.3355980989251924,4,0.9411764705882353,131,routeur,5.5,faible
4,3,7,3.7142857142857144,0.2975235291101623,0.3355980989251924,4,0.9411764705882353,131,switch,7.6,faible
2,2,7,4.0,0.22475252016344355,0.3355980989251924,4,0.9411764705882353,131,postes,6.5,faible
3,0,0,0.0,0.0,0.3355980989251924,4,0.9411764705882353,131,serveur_rh,0.0,faible
5,4,5,3.8,0.2902687246579959,0.3355980989251924,4,0.9411764705882353,131,compte_admin,12.0,moyen
1,1,11,3.6363636363636362,0.9869506854257408,0.3355980989251924,4,0.9411764705882353,131,internet,9.6,faible
3,1,10,3.7,0.24388393927199814,0.3355980989251924,4,0.9411764705882353,131,pare_feu,3.0,faible
4,1,4,4.0,0.17291530262700766,0.3355980989251924,4,0.9411764705882353,131,serveur_web,2.1,faible
3,1,3,4.333333333333333,0.23641862337115307,0.3355980989251924,4,0.9411764705882353,131,serveur_app,4.8,faible
5,2,2,4.0,0.44467520649308234,0.3355980989251924,4,0.9411764705882353,131,base_donnees,8.9,faible
4,0,0,0.0,0.0,0.3355980989251924,4,0.9411764705882353,131,donnees_sensibles,0.0,faible
4,0,0,0.0,0.0,0.3355980989251924,4,0.9411764705882353,131,sauvegardes,0.0,faible
3,1,9,3.7777777777777777,0.3554884983906123,0.3355980989251924,4,0.9411764705882353,131,vpn,5.3,faible
4,1,8,3.75,0.31700969336623686,0.3355980989251924,4,0.9411764705882353,131,routeur,5.5,faible
4,3,7,3.7142857142857144,0.2975235291101623,0.3355980989251924,4,0.9411764705882353,131,switch,7.6,faible
2,2,7,4.0,0.22475252016344355,0.3355980989251924,4,0.9411764705882353,131,postes,6.5,faible
3,0,0,0.0,0.0,0.3355980989251924,4,0.9411764705882353,131,serveur_rh,0.0,faible
5,4,5,3.8,0.2902687246579959,0.3355980989251924,4,0.9411764705882353,131,compte_admin,12.0,moyen
1,1,5,4.0,0.8516599709125106,0.6781161997680628,1,0.13333333333333333,132,internet,15.8,moyen
4,1,4,4.0,0.46910423618327635,0.6781161997680628,1,0.13333333333333333,132,pare_feu,9.7,faible
3,1,3,4.333333333333333,0.4829335075646624,0.6781161997680628,1,0.13333333333333333,132,serveur_web,12.6,moyen
3,1,2,5.0,0.8033021236041453,0.6781161997680628,1,0.13333333333333333,132,serveur_app,18.5,moyen
5,1,1,5.0,0.8442041370302313,0.6781161997680628,1,0.13333333333333333,132,base_donnees,11.1,moyen
5,0,0,0.0,0.0,0.6781161997680628,1,0.13333333333333333,132,donnees_sensibles,0.0,faible
5,0,0,0.0,0.0,0.6781161997680628,1,0.13333333333333333,132,sauvegardes,0.0,faible
2,1,9,3.6666666666666665,1.0,0.6781161997680628,1,0.13333333333333333,132,vpn,36.0,critique
3,1,8,3.75,1.0,0.6781161997680628,1,0.13333333333333333,132,routeur,29.4,élevé
2,3,7,4.0,0.5502293720978418,0.6781161997680628,1,0.13333333333333333,132,switch,23.8,élevé
1,2,7,4.142857142857143,0.5729164694886609,0.6781161997680628,1,0.13333333333333333,132,postes,25.8,élevé
4,0,0,0.0,0.0,0.6781161997680628,1,0.13333333333333333,132,serveur_rh,0.0,faible
5,3,4,4.5,0.6413393219850897,0.6781161997680628,1,0.13333333333333333,132,compte_admin,30.1,élevé
1,1,5,4.0,0.8516599709125106,0.42009802441627875,2,0.8,132,internet,17.2,moyen
4,1,4,4.0,0.781840393638794,0.42009802441627875,2,0.8,132,pare_feu,11.4,moyen
3,1,3,4.333333333333333,0.4024445896372187,0.42009802441627875,2,0.8,132,serveur_web,6.7,faible
3,1,2,5.0,0.40165106180207266,0.42009802441627875,2,0.8,132,serveur_app,9.3,faible
5,1,1,5.0,0.8442041370302313,0.42009802441627875,2,0.8,132,base_donnees,11.1,moyen
5,0,0,0.0,0.0,0.42009802441627875,2,0.8,132,donnees_sensibles,0.0,faible
5,0,0,0.0,0.0,0.42009802441627875,2,0.8,132,sauvegardes,0.0,faible
2,1,9,3.6666666666666665,0.4,0.42009802441627875,2,0.8,132,vpn,5.5,faible
3,1,8,3.75,0.5,0.42009802441627875,2,0.8,132,routeur,6.5,faible
2,3,7,4.0,0.2751146860489209,0.42009802441627875,2,0.8,132,switch,7.9,faible
1,2,7,4.142857142857143,0.2623594843472413,0.42009802441627875,2,0.8,132,postes,7.1,faible
4,0,0,0.0,0.0,0.42009802441627875,2,0.8,132,serveur_rh,0.0,faible
5,3,4,4.5,0.2565357287940359,0.42009802441627875,2,0.8,132,compte_admin,12.0,moyen
1,1,5,4.0,0.8516599709125106,0.7204289883790823,0,0.0,132,internet,26.2,élevé
4,1,4,4.0,0.781840393638794,0.7204289883790823,0,0.0,132,pare_feu,22.8,élevé
3,1,3,4.333333333333333,0.8048891792744374,0.7204289883790823,0,0.0,132,serveur_web,21.0,élevé
3,1,2,5.0,0.8033021236041453,0.7204289883790823,0,0.0,132,serveur_app,18.5,moyen
5,1,1,5.0,0.8442041370302313,0.7204289883790823,0,0.0,132,base_donnees,11.1,moyen
5,0,0,0.0,0.0,0.7204289883790823,0,0.0,132,donnees_sensibles,0.0,faible
5,0,0,0.0,0.0,0.7204289883790823,0,0.0,132,sauvegardes,0.0,faible
2,1,9,3.6666666666666665,1.0,0.7204289883790823,0,0.0,132,vpn,36.0,critique
3,1,8,3.75,1.0,0.7204289883790823,0,0.0,132,routeur,29.4,élevé
2,3,7,4.0,0.5502293720978418,0.7204289883790823,0,0.0,132,switch,23.8,élevé
1,2,7,4.142857142857143,0.5729164694886609,0.7204289883790823,0,0.0,132,postes,25.8,élevé
4,0,0,0.0,0.0,0.7204289883790823,0,0.0,132,serveur_rh,0.0,faible
5,3,4,4.5,0.6413393219850897,0.7204289883790823,0,0.0,132,compte_admin,30.1,élevé
1,1,5,4.0,0.8516599709125106,0.3347836879710932,4,0.9333333333333333,132,internet,12.1,moyen
4,1,4,4.0,0.46910423618327635,0.3347836879710932,4,0.9333333333333333,132,pare_feu,5.0,faible
3,1,3,4.333333333333333,0.2414667537823312,0.3347836879710932,4,0.9333333333333333,132,serveur_web,2.9,faible
3,1,2,5.0,0.24099063708124357,0.3347836879710932,4,0.9333333333333333,132,serveur_app,4.5,faible
5,1,1,5.0,0.5065224822181388,0.3347836879710932,4,0.9333333333333333,132,base_donnees,6.7,faible
5,0,0,0.0,0.0,0.3347836879710932,4,0.9333333333333333,132,donnees_sensibles,0.0,faible
5,0,0,0.0,0.0,0.3347836879710932,4,0.9333333333333333,132,sauvegardes,0.0,faible
2,1,9,3.6666666666666665,0.4,0.3347836879710932,4,0.9333333333333333,132,vpn,5.0,faible
3,1,8,3.75,0.5,0.3347836879710932,4,0.9333333333333333,132,routeur,5.3,faible
2,3,7,4.0,0.23566379832927772,0.3347836879710932,4,0.9333333333333333,132,switch,5.4,faible
1,2,7,4.142857142857143,0.22380148371189876,0.3347836879710932,4,0.9333333333333333,132,postes,4.7,faible
4,0,0,0.0,0.0,0.3347836879710932,4,0.9333333333333333,132,serveur_rh,0.0,faible
5,3,4,4.5,0.2191389589924221,0.3347836879710932,4,0.9333333333333333,132,compte_admin,8.6,faible
2,0,0,0.0,0.0,0.6271813215482174,1,0.07142857142857142,133,internet,0.0,faible
4,0,0,0.0,0.0,0.6271813215482174,1,0.07142857142857142,133,pare_feu,0.0,faible
4,1,1,3.0,0.46534980047177715,0.6271813215482174,1,0.07142857142857142,133,serveur_web,3.4,faible
3,0,0,0.0,0.0,0.6271813215482174,1,0.07142857142857142,133,serveur_app,0.0,faible
4,2,2,4.5,0.6706224413617584,0.6271813215482174,1,0.07142857142857142,133,base_donnees,14.7,moyen
4,0,0,0.0,0.0,0.6271813215482174,1,0.07142857142857142,133,donnees_sensibles,0.0,faible
5,0,0,0.0,0.0,0.6271813215482174,1,0.07142857142857142,133,sauvegardes,0.0,faible
3,1,9,3.5555555555555554,0.5811260059440613,0.6271813215482174,1,0.07142857142857142,133,vpn,22.2,élevé
3,1,8,3.625,1.0,0.6271813215482174,1,0.07142857142857142,133,routeur,31.1,élevé
3,3,7,3.7142857142857144,0.7764154192957083,0.6271813215482174,1,0.07142857142857142,133,switch,24.0,élevé
2,2,7,3.857142857142857,0.37061524745008934,0.6271813215482174,1,0.07142857142857142,133,postes,15.7,moyen
4,0,0,0.0,0.0,0.6271813215482174,1,0.07142857142857142,133,serveur_rh,0.0,faible
4,4,5,4.0,0.5805852649370958,0.6271813215482174,1,0.07142857142857142,133,compte_admin,26.5,élevé
2,0,0,0.0,0.0,0.4896579126396144,2,0.5,133,internet,0.0,faible
4,0,0,0.0,0.0,0.4896579126396144,2,0.5,133,pare_feu,0.0,faible
4,1,1,3.0,0.46534980047177715,0.4896579126396144,2,0.5,133,serveur_web,3.4,faible
3,0,0,0.0,0.0,0.4896579126396144,2,0.5,133,serveur_app,0.0,faible
4,2,2,4.5,0.6706224413617584,0.4896579126396144,2,0.5,133,base_donnees,14.7,moyen
4,0,0,0.0,0.0,0.4896579126396144,2,0.5,133,donnees_sensibles,0.0,faible
5,0,0,0.0,0.0,0.4896579126396144,2,0.5,133,sauvegardes,0.0,faible
3,1,9,3.5555555555555554,0.23245040237762452,0.4896579126396144,2,0.5,133,vpn,7.6,faible
3,1,8,3.625,1.0,0.4896579126396144,2,0.5,133,routeur,25.5,élevé
3,3,7,3.7142857142857144,0.7764154192957083,0.4896579126396144,2,0.5,133,switch,18.3,moyen
2,2,7,3.857142857142857,0.2789915047976023,0.4896579126396144,2,0.5,133,postes,10.0,moyen
4,0,0,0.0,0.0,0.4896579126396144,2,0.5,133,serveur_rh,0.0,faible
4,4,5,4.0,0.23223410597483835,0.4896579126396144,2,0.5,133,compte_admin,10.6,moyen
2,0,0,0.0,0.0,0.2729805860695341,4,1.0,133,internet,0.0,faible
4,0,0,0.0,0.0,0.2729805860695341,4,1.0,133,pare_feu,0.0,faible
4,1,1,3.0,0.23267490023588858,0.2729805860695341,4,1.0,133,serveur_web,1.7,faible
3,0,0,0.0,0.0,0.2729805860695341,4,1.0,133,serveur_app,0.0,faible
4,2,2,4.5,0.369419507236862,0.2729805860695341,4,1.0,133,base_donnees,8.0,faible
4,0,0,0.0,0.0,0.2729805860695341,4,1.0,133,donnees_sensibles,0.0,faible
5,0,0,0.0,0.0,0.2729805860695341,4,1.0,133,sauvegardes,0.0,faible
3,1,9,3.5555555555555554,0.23245040237762452,0.2729805860695341,4,1.0,133,vpn,3.3,faible
3,1,8,3.625,0.5,0.2729805860695341,4,1.0,133,routeur,7.1,faible
3,3,7,3.7142857142857144,0.3293798766770784,0.2729805860695341,4,1.0,133,switch,7.0,faible
2,2,7,3.857142857142857,0.14560400190896697,0.2729805860695341,4,1.0,133,postes,3.4,faible
4,0,0,0.0,0.0,0.2729805860695341,4,1.0,133,serveur_rh,0.0,faible
4,4,5,4.0,0.20960406350926788,0.2729805860695341,4,1.0,133,compte_admin,8.7,faible
2,0,0,0.0,0.0,0.3150331544483768,3,0.9285714285714286,133,internet,0.0,faible
4,0,0,0.0,0.0,0.3150331544483768,3,0.9285714285714286,133,pare_feu,0.0,faible
4,1,1,3.0,0.23267490023588858,0.3150331544483768,3,0.9285714285714286,133,serveur_web,1.7,faible
3,0,0,0.0,0.0,0.3150331544483768,3,0.9285714285714286,133,serveur_app,0.0,faible
4,2,2,4.5,0.505852653460793,0.3150331544483768,3,0.9285714285714286,133,base_donnees,10.7,moyen
4,0,0,0.0,0.0,0.3150331544483768,3,0.9285714285714286,133,donnees_sensibles,0.0,faible
5,0,0,0.0,0.0,0.3150331544483768,3,0.9285714285714286,133,sauvegardes,0.0,faible
3,1,9,3.5555555555555554,0.23245040237762452,0.3150331544483768,3,0.9285714285714286,133,vpn,3.6,faible
3,1,8,3.625,0.5,0.3150331544483768,3,0.9285714285714286,133,routeur,8.2,faible
3,3,7,3.7142857142857144,0.38820770964785417,0.3150331544483768,3,0.9285714285714286,133,switch,9.2,faible
2,2,7,3.857142857142857,0.17003699994963017,0.3150331544483768,3,0.9285714285714286,133,postes,4.7,faible
4,0,0,0.0,0.0,0.3150331544483768,3,0.9285714285714286,133,serveur_rh,0.0,faible
4,4,5,4.0,0.23223410597483835,0.3150331544483768,3,0.9285714285714286,133,compte_admin,10.6,moyen
1,1,12,3.5,0.9570987228628057,0.7103442529740904,0,0.0,134,internet,33.4,élevé
5,2,11,3.3636363636363638,0.5488624858027229,0.7103442529740904,0,0.0,134,pare_feu,25.4,élevé
2,1,4,4.5,0.6478141360420124,0.7103442529740904,0,0.0,134,serveur_web,18.1,moyen
4,1,3,4.666666666666667,0.5899868666219102,0.7103442529740904,0,0.0,134,serveur_app,19.2,moyen
4,2,2,5.0,0.8679197433528615,0.7103442529740904,0,0.0,134,base_donnees,22.3,élevé
5,0,0,0.0,0.0,0.7103442529740904,0,0.0,134,donnees_sensibles,0.0,faible
5,0,0,0.0,0.0,0.7103442529740904,0,0.0,134,sauvegardes,0.0,faible
3,1,9,3.5555555555555554,0.7124185573229864,0.7103442529740904,0,0.0,134,vpn,20.1,élevé
2,1,8,3.75,0.6513880373632263,0.7103442529740904,0,0.0,134,routeur,22.6,élevé
3,3,7,3.857142857142857,0.7430452526591155,0.7103442529740904,0,0.0,134,switch,28.0,élevé
1,2,7,4.142857142857143,0.40773627746360275,0.7103442529740904,0,0.0,134,postes,22.9,élevé
3,0,0,0.0,0.0,0.7103442529740904,0,0.0,134,serveur_rh,0.0,faible
5,3,4,4.25,0.8796577363769585,0.7103442529740904,0,0.0,134,compte_admin,40.7,critique
1,1,12,3.5,0.9570987228628057,0.7103442529740904,0,0.0,134,internet,33.4,élevé
5,2,11,3.3636363636363638,0.5488624858027229,0.7103442529740904,0,0.0,134,pare_feu,25.4,élevé
2,1,4,4.5,0.6478141360420124,0.7103442529740904,0,0.0,134,serveur_web,18.1,moyen
4,1,3,4.666666666666667,0.5899868666219102,0.7103442529740904,0,0.0,134,serveur_app,19.2,moyen
4,2,2,5.0,0.8679197433528615,0.7103442529740904,0,0.0,134,base_donnees,22.3,élevé
5,0,0,0.0,0.0,0.7103442529740904,0,0.0,134,donnees_sensibles,0.0,faible
5,0,0,0.0,0.0,0.7103442529740904,0,0.0,134,sauvegardes,0.0,faible
3,1,9,3.5555555555555554,0.7124185573229864,0.7103442529740904,0,0.0,134,vpn,20.1,élevé
2,1,8,3.75,0.6513880373632263,0.7103442529740904,0,0.0,134,routeur,22.6,élevé
3,3,7,3.857142857142857,0.7430452526591155,0.7103442529740904,0,0.0,134,switch,28.0,élevé
1,2,7,4.142857142857143,0.40773627746360275,0.7103442529740904,0,0.0,134,postes,22.9,élevé
3,0,0,0.0,0.0,0.7103442529740904,0,0.0,134,serveur_rh,0.0,faible
5,3,4,4.25,0.8796577363769585,0.7103442529740904,0,0.0,134,compte_admin,40.7,critique
1,1,12,3.5,0.9570987228628057,0.4646146828723093,3,0.6470588235294118,134,internet,17.6,moyen
5,2,11,3.3636363636363638,0.27935569702406077,0.4646146828723093,3,0.6470588235294118,134,pare_feu,7.2,faible
2,1,4,4.5,0.38868848162520747,0.4646146828723093,3,0.6470588235294118,134,serveur_web,7.4,faible
4,1,3,4.666666666666667,0.3539921199731461,0.4646146828723093,3,0.6470588235294118,134,serveur_app,9.7,faible
4,2,2,5.0,0.6679197433528614,0.4646146828723093,3,0.6470588235294118,134,base_donnees,17.1,moyen
5,0,0,0.0,0.0,0.4646146828723093,3,0.6470588235294118,134,donnees_sensibles,0.0,faible
5,0,0,0.0,0.0,0.4646146828723093,3,0.6470588235294118,134,sauvegardes,0.0,faible
3,1,9,3.5555555555555554,0.2849674229291946,0.4646146828723093,3,0.6470588235294118,134,vpn,6.1,faible
2,1,8,3.75,0.6513880373632263,0.4646146828723093,3,0.6470588235294118,134,routeur,16.0,moyen
3,3,7,3.857142857142857,0.6356810683093886,0.4646146828723093,3,0.6470588235294118,134,switch,17.7,moyen
1,2,7,4.142857142857143,0.28256572737065805,0.4646146828723093,3,0.6470588235294118,134,postes,11.2,moyen
3,0,0,0.0,0.0,0.4646146828723093,3,0.6470588235294118,134,serveur_rh,0.0,faible
5,3,4,4.25,0.2985297612174501,0.4646146828723093,3,0.6470588235294118,134,compte_admin,11.2,moyen
1,1,12,3.5,0.9570987228628057,0.5532783513510814,1,0.47058823529411764,134,internet,23.8,élevé
5,2,11,3.3636363636363638,0.5488624858027229,0.5532783513510814,1,0.47058823529411764,134,pare_feu,14.3,moyen
2,1,4,4.5,0.3239070680210062,0.5532783513510814,1,0.47058823529411764,134,serveur_web,5.7,faible
4,1,3,4.666666666666667,0.2949934333109551,0.5532783513510814,1,0.47058823529411764,134,serveur_app,8.2,faible
4,2,2,5.0,0.6839598716764308,0.5532783513510814,1,0.47058823529411764,134,base_donnees,17.5,moyen
5,0,0,0.0,0.0,0.5532783513510814,1,0.47058823529411764,134,donnees_sensibles,0.0,faible
5,0,0,0.0,0.0,0.5532783513510814,1,0.47058823529411764,134,sauvegardes,0.0,faible
3,1,9,3.5555555555555554,0.7124185573229864,0.5532783513510814,1,0.47058823529411764,134,vpn,8.4,faible
2,1,8,3.75,0.32569401868161313,0.5532783513510814,1,0.47058823529411764,134,routeur,6.6,faible
3,3,7,3.857142857142857,0.37152262632955774,0.5532783513510814,1,0.47058823529411764,134,switch,13.2,moyen
1,2,7,4.142857142857143,0.28621718484558084,0.5532783513510814,1,0.47058823529411764,134,postes,18.4,moyen
3,0,0,0.0,0.0,0.5532783513510814,1,0.47058823529411764,134,serveur_rh,0.0,faible
5,3,4,4.25,0.8796577363769585,0.5532783513510814,1,0.47058823529411764,134,compte_admin,40.7,critique
1,1,12,3.75,0.8493816582997175,0.6942713677227587,0,0.0,135,internet,29.8,élevé
3,2,11,3.8181818181818183,0.6033642038823517,0.6942713677227587,0,0.0,135,pare_feu,29.7,élevé
3,1,4,4.5,0.5236067081945056,0.6942713677227587,0,0.0,135,serveur_web,14.4,moyen
4,1,3,4.666666666666667,0.6572626787322859,0.6942713677227587,0,0.0,135,serveur_app,18.6,moyen
5,2,2,4.5,0.7764585979442726,0.6942713677227587,0,0.0,135,base_donnees,16.8,moyen
4,0,0,0.0,0.0,0.6942713677227587,0,0.0,135,donnees_sensibles,0.0,faible
5,0,0,0.0,0.0,0.6942713677227587,0,0.0,135,sauvegardes,0.0,faible
4,1,9,3.888888888888889,0.9534098277822406,0.6942713677227587,0,0.0,135,vpn,29.0,élevé
3,1,8,4.0,0.6406979816514389,0.6942713677227587,0,0.0,135,routeur,22.7,élevé
3,3,7,4.142857142857143,0.7576277540920994,0.6942713677227587,0,0.0,135,switch,28.5,élevé
2,2,7,4.285714285714286,0.4150076532841215,0.6942713677227587,0,0.0,135,postes,21.4,élevé
4,0,0,0.0,0.0,0.6942713677227587,0,0.0,135,serveur_rh,0.0,faible
5,3,5,4.4,0.7719034080429731,0.6942713677227587,0,0.0,135,compte_admin,39.0,critique
1,1,12,3.75,0.8493816582997175,0.32257062311530404,4,0.9411764705882353,135,internet,11.0,moyen
3,2,11,3.8181818181818183,0.31886269878669116,0.32257062311530404,4,0.9411764705882353,135,pare_feu,6.6,faible
3,1,4,4.5,0.15708201245835168,0.32257062311530404,4,0.9411764705882353,135,serveur_web,2.1,faible
4,1,3,4.666666666666667,0.1971788036196858,0.32257062311530404,4,0.9411764705882353,135,serveur_app,4.1,faible
5,2,2,4.5,0.4316464528850146,0.32257062311530404,4,0.9411764705882353,135,base_donnees,9.3,faible
4,0,0,0.0,0.0,0.32257062311530404,4,0.9411764705882353,135,donnees_sensibles,0.0,faible
5,0,0,0.0,0.0,0.32257062311530404,4,0.9411764705882353,135,sauvegardes,0.0,faible
4,1,9,3.888888888888889,0.38136393111289624,0.32257062311530404,4,0.9411764705882353,135,vpn,4.6,faible
3,1,8,4.0,0.32034899082571944,0.32257062311530404,4,0.9411764705882353,135,routeur,4.8,faible
3,3,7,4.142857142857143,0.32034430040607104,0.32257062311530404,4,0.9411764705882353,135,switch,7.9,faible
2,2,7,4.285714285714286,0.163076324910918,0.32257062311530404,4,0.9411764705882353,135,postes,4.0,faible
4,0,0,0.0,0.0,0.32257062311530404,4,0.9411764705882353,135,serveur_rh,0.0,faible
5,3,5,4.4,0.26338044742011246,0.32257062311530404,4,0.9411764705882353,135,compte_admin,10.1,moyen
1,1,12,3.75,0.8493816582997175,0.448407261710016,3,0.7058823529411765,135,internet,16.0,moyen
3,2,11,3.8181818181818183,0.44833016941485065,0.448407261710016,3,0.7058823529411765,135,pare_feu,12.8,moyen
3,1,4,4.5,0.15708201245835168,0.448407261710016,3,0.7058823529411765,135,serveur_web,2.1,faible
4,1,3,4.666666666666667,0.1971788036196858,0.448407261710016,3,0.7058823529411765,135,serveur_app,4.1,faible
5,2,2,4.5,0.4316464528850146,0.448407261710016,3,0.7058823529411765,135,base_donnees,9.3,faible
4,0,0,0.0,0.0,0.448407261710016,3,0.7058823529411765,135,donnees_sensibles,0.0,faible
5,0,0,0.0,0.0,0.448407261710016,3,0.7058823529411765,135,sauvegardes,0.0,faible
4,1,9,3.888888888888889,0.9534098277822406,0.448407261710016,3,0.7058823529411765,135,vpn,11.7,moyen
3,1,8,4.0,0.32034899082571944,0.448407261710016,3,0.7058823529411765,135,routeur,5.1,faible
3,3,7,4.142857142857143,0.32034430040607104,0.448407261710016,3,0.7058823529411765,135,switch,8.9,faible
2,2,7,4.285714285714286,0.2245913273078849,0.448407261710016,3,0.7058823529411765,135,postes,8.8,faible
4,0,0,0.0,0.0,0.448407261710016,3,0.7058823529411765,135,serveur_rh,0.0,faible
5,3,5,4.4,0.6584511185502812,0.448407261710016,3,0.7058823529411765,135,compte_admin,25.3,élevé
1,1,12,3.75,0.8493816582997175,0.39667713235443286,2,0.8235294117647058,135,internet,14.8,moyen
3,2,11,3.8181818181818183,0.47389673325419224,0.39667713235443286,2,0.8235294117647058,135,pare_feu,11.2,moyen
3,1,4,4.5,0.2618033540972528,0.39667713235443286,2,0.8235294117647058,135,serveur_web,4.5,faible
4,1,3,4.666666666666667,0.32863133936614297,0.39667713235443286,2,0.8235294117647058,135,serveur_app,8.0,faible
5,2,2,4.5,0.6053150685365275,0.39667713235443286,2,0.8235294117647058,135,base_donnees,12.6,moyen
4,0,0,0.0,0.0,0.39667713235443286,2,0.8235294117647058,135,donnees_sensibles,0.0,faible
5,0,0,0.0,0.0,0.39667713235443286,2,0.8235294117647058,135,sauvegardes,0.0,faible
4,1,9,3.888888888888889,0.38136393111289624,0.39667713235443286,2,0.8235294117647058,135,vpn,4.9,faible
3,1,8,4.0,0.32034899082571944,0.39667713235443286,2,0.8235294117647058,135,routeur,5.6,faible
3,3,7,4.142857142857143,0.3788138770460497,0.39667713235443286,2,0.8235294117647058,135,switch,10.6,moyen
2,2,7,4.285714285714286,0.19041632597623662,0.39667713235443286,2,0.8235294117647058,135,postes,5.7,faible
4,0,0,0.0,0.0,0.39667713235443286,2,0.8235294117647058,135,serveur_rh,0.0,faible
5,3,5,4.4,0.3087613632171892,0.39667713235443286,2,0.8235294117647058,135,compte_admin,14.2,moyen
1,1,3,3.3333333333333335,0.8454117215174088,0.7332029570227071,0,0.0,136,internet,12.3,moyen
3,1,2,3.5,0.5392858141062236,0.7332029570227071,0,0.0,136,pare_feu,8.4,faible
4,1,4,4.5,0.7829379974274616,0.7332029570227071,0,0.0,136,serveur_web,21.0,élevé
4,1,3,4.666666666666667,0.5997588933578354,0.7332029570227071,0,0.0,136,serveur_app,17.5,moyen
5,2,2,4.5,0.8172748296252692,0.7332029570227071,0,0.0,136,base_donnees,17.9,moyen
5,0,0,0.0,0.0,0.7332029570227071,0,0.0,136,donnees_sensibles,0.0,faible
4,0,0,0.0,0.0,0.7332029570227071,0,0.0,136,sauvegardes,0.0,faible
3,1,1,4.0,0.9639276319554831,0.7332029570227071,0,0.0,136,vpn,8.8,faible
4,0,0,0.0,0.0,0.7332029570227071,0,0.0,136,routeur,0.0,faible
3,3,7,4.142857142857143,0.7517644643409126,0.7332029570227071,0,0.0,136,switch,29.6,élevé
1,2,7,4.428571428571429,0.5304108748696629,0.7332029570227071,0,0.0,136,postes,25.7,élevé
5,0,0,0.0,0.0,0.7332029570227071,0,0.0,136,serveur_rh,0.0,faible
5,4,5,4.6,0.7623151129965748,0.7332029570227071,0,0.0,136,compte_admin,40.6,critique
1,1,3,3.3333333333333335,0.8454117215174088,0.7332029570227071,0,0.0,136,internet,12.3,moyen
3,1,2,3.5,0.5392858141062236,0.7332029570227071,0,0.0,136,pare_feu,8.4,faible
4,1,4,4.5,0.7829379974274616,0.7332029570227071,0,0.0,136,serveur_web,21.0,élevé
4,1,3,4.666666666666667,0.5997588933578354,0.7332029570227071,0,0.0,136,serveur_app,17.5,moyen
5,2,2,4.5,0.8172748296252692,0.7332029570227071,0,0.0,136,base_donnees,17.9,moyen
5,0,0,0.0,0.0,0.7332029570227071,0,0.0,136,donnees_sensibles,0.0,faible
4,0,0,0.0,0.0,0.7332029570227071,0,0.0,136,sauvegardes,0.0,faible
3,1,1,4.0,0.9639276319554831,0.7332029570227071,0,0.0,136,vpn,8.8,faible
4,0,0,0.0,0.0,0.7332029570227071,0,0.0,136,routeur,0.0,faible
3,3,7,4.142857142857143,0.7517644643409126,0.7332029570227071,0,0.0,136,switch,29.6,élevé
1,2,7,4.428571428571429,0.5304108748696629,0.7332029570227071,0,0.0,136,postes,25.7,élevé
5,0,0,0.0,0.0,0.7332029570227071,0,0.0,136,serveur_rh,0.0,faible
5,4,5,4.6,0.7623151129965748,0.7332029570227071,0,0.0,136,compte_admin,40.6,critique
1,1,3,3.3333333333333335,0.8454117215174088,0.3329702052585335,4,0.9375,136,internet,7.3,faible
3,1,2,3.5,0.21571432564248944,0.3329702052585335,4,0.9375,136,pare_feu,2.2,faible
4,1,4,4.5,0.23488139922823847,0.3329702052585335,4,0.9375,136,serveur_web,3.1,faible
4,1,3,4.666666666666667,0.1799276680073506,0.3329702052585335,4,0.9375,136,serveur_app,3.9,faible
5,2,2,4.5,0.45852620989027826,0.3329702052585335,4,0.9375,136,base_donnees,10.2,moyen
5,0,0,0.0,0.0,0.3329702052585335,4,0.9375,136,donnees_sensibles,0.0,faible
4,0,0,0.0,0.0,0.3329702052585335,4,0.9375,136,sauvegardes,0.0,faible
3,1,1,4.0,0.3855710527821933,0.3329702052585335,4,0.9375,136,vpn,3.5,faible
4,0,0,0.0,0.0,0.3329702052585335,4,0.9375,136,routeur,0.0,faible
3,3,7,4.142857142857143,0.3320808917014589,0.3329702052585335,4,0.9375,136,switch,7.8,faible
1,2,7,4.428571428571429,0.22291415197266512,0.3329702052585335,4,0.9375,136,postes,5.6,faible
5,0,0,0.0,0.0,0.3329702052585335,4,0.9375,136,serveur_rh,0.0,faible
5,4,5,4.6,0.27672342953214796,0.3329702052585335,4,0.9375,136,compte_admin,12.7,moyen
1,1,3,3.3333333333333335,0.8454117215174088,0.4640446243722435,3,0.6875,136,internet,7.3,faible
3,1,2,3.5,0.21571432564248944,0.4640446243722435,3,0.6875,136,pare_feu,2.2,faible
4,1,4,4.5,0.46976279845647695,0.4640446243722435,3,0.6875,136,serveur_web,8.5,faible
4,1,3,4.666666666666667,0.3598553360147012,0.4640446243722435,3,0.6875,136,serveur_app,8.8,faible
5,2,2,4.5,0.6177196493146944,0.4640446243722435,3,0.6875,136,base_donnees,13.2,moyen
5,0,0,0.0,0.0,0.4640446243722435,3,0.6875,136,donnees_sensibles,0.0,faible
4,0,0,0.0,0.0,0.4640446243722435,3,0.6875,136,sauvegardes,0.0,faible
3,1,1,4.0,0.3855710527821933,0.4640446243722435,3,0.6875,136,vpn,3.5,faible
4,0,0,0.0,0.0,0.4640446243722435,3,0.6875,136,routeur,0.0,faible
3,3,7,4.142857142857143,0.6641617834029178,0.4640446243722435,3,0.6875,136,switch,18.5,moyen
1,2,7,4.428571428571429,0.406790194287946,0.4640446243722435,3,0.6875,136,postes,16.5,moyen
5,0,0,0.0,0.0,0.4640446243722435,3,0.6875,136,serveur_rh,0.0,faible
5,4,5,4.6,0.27672342953214796,0.4640446243722435,3,0.6875,136,compte_admin,12.7,moyen
2,1,12,3.5833333333333335,0.8091905988869685,0.5479788630987062,2,0.5,137,internet,15.1,moyen
3,2,11,3.6363636363636362,0.43574085920901895,0.5479788630987062,2,0.5,137,pare_feu,11.9,moyen
2,0,0,0.0,0.0,0.5479788630987062,2,0.5,137,serveur_web,0.0,faible
3,1,3,4.666666666666667,0.4044245838395939,0.5479788630987062,2,0.5,137,serveur_app,10.9,moyen
5,2,2,4.5,0.6614153641623812,0.5479788630987062,2,0.5,137,base_donnees,15.7,moyen
5,0,0,0.0,0.0,0.5479788630987062,2,0.5,137,donnees_sensibles,0.0,faible
4,0,0,0.0,0.0,0.5479788630987062,2,0.5,137,sauvegardes,0.0,faible
4,1,9,3.7777777777777777,0.9768137561193715,0.5479788630987062,2,0.5,137,vpn,14.8,moyen
3,1,8,3.875,0.3941439080472358,0.5479788630987062,2,0.5,137,routeur,7.6,faible
3,3,7,4.0,0.344544075878299,0.5479788630987062,2,0.5,137,switch,12.2,moyen
2,2,7,4.142857142857143,0.34114749184634463,0.5479788630987062,2,0.5,137,postes,17.4,moyen
4,0,0,0.0,0.0,0.5479788630987062,2,0.5,137,serveur_rh,0.0,faible
5,3,4,4.25,0.7576164348719145,0.5479788630987062,2,0.5,137,compte_admin,36.3,critique
2,1,12,3.5833333333333335,0.8091905988869685,0.5479788630987062,2,0.5,137,internet,15.1,moyen
3,2,11,3.6363636363636362,0.43574085920901895,0.5479788630987062,2,0.5,137,pare_feu,11.9,moyen
2,0,0,0.0,0.0,0.5479788630987062,2,0.5,137,serveur_web,0.0,faible
3,1,3,4.666666666666667,0.4044245838395939,0.5479788630987062,2,0.5,137,serveur_app,10.9,moyen
5,2,2,4.5,0.6614153641623812,0.5479788630987062,2,0.5,137,base_donnees,15.7,moyen
5,0,0,0.0,0.0,0.5479788630987062,2,0.5,137,donnees_sensibles,0.0,faible
4,0,0,0.0,0.0,0.5479788630987062,2,0.5,137,sauvegardes,0.0,faible
4,1,9,3.7777777777777777,0.9768137561193715,0.5479788630987062,2,0.5,137,vpn,14.8,moyen
3,1,8,3.875,0.3941439080472358,0.5479788630987062,2,0.5,137,routeur,7.6,faible
3,3,7,4.0,0.344544075878299,0.5479788630987062,2,0.5,137,switch,12.2,moyen
2,2,7,4.142857142857143,0.34114749184634463,0.5479788630987062,2,0.5,137,postes,17.4,moyen
4,0,0,0.0,0.0,0.5479788630987062,2,0.5,137,serveur_rh,0.0,faible
5,3,4,4.25,0.7576164348719145,0.5479788630987062,2,0.5,137,compte_admin,36.3,critique
2,1,12,3.5833333333333335,0.8091905988869685,0.49071019551232475,2,0.625,137,internet,15.8,moyen
3,2,11,3.6363636363636362,0.5910042945015672,0.49071019551232475,2,0.625,137,pare_feu,12.8,moyen
2,0,0,0.0,0.0,0.49071019551232475,2,0.625,137,serveur_web,0.0,faible
3,1,3,4.666666666666667,0.24265475030375633,0.49071019551232475,2,0.625,137,serveur_app,5.4,faible
5,2,2,4.5,0.46141536416238116,0.49071019551232475,2,0.625,137,base_donnees,10.7,moyen
5,0,0,0.0,0.0,0.49071019551232475,2,0.625,137,donnees_sensibles,0.0,faible
4,0,0,0.0,0.0,0.49071019551232475,2,0.625,137,sauvegardes,0.0,faible
4,1,9,3.7777777777777777,0.9768137561193715,0.49071019551232475,2,0.625,137,vpn,13.3,moyen
3,1,8,3.875,0.3941439080472358,0.49071019551232475,2,0.625,137,routeur,6.2,faible
3,3,7,4.0,0.2954793100084195,0.49071019551232475,2,0.625,137,switch,8.5,faible
2,2,7,4.142857142857143,0.28221678143548234,0.49071019551232475,2,0.625,137,postes,9.5,faible
4,0,0,0.0,0.0,0.49071019551232475,2,0.625,137,serveur_rh,0.0,faible
5,3,4,4.25,0.6242831015385812,0.49071019551232475,2,0.625,137,compte_admin,23.3,élevé
2,1,12,3.5833333333333335,0.8091905988869685,0.6303169922835367,1,0.3125,137,internet,20.6,élevé
3,2,11,3.6363636363636362,0.5910042945015672,0.6303169922835367,1,0.3125,137,pare_feu,18.9,moyen
2,0,0,0.0,0.0,0.6303169922835367,1,0.3125,137,serveur_web,0.0,faible
3,1,3,4.666666666666667,0.48530950060751266,0.6303169922835367,1,0.3125,137,serveur_app,12.2,moyen
5,2,2,4.5,0.6228307283247624,0.6303169922835367,1,0.3125,137,base_donnees,14.0,moyen
5,0,0,0.0,0.0,0.6303169922835367,1,0.3125,137,donnees_sensibles,0.0,faible
4,0,0,0.0,0.0,0.6303169922835367,1,0.3125,137,sauvegardes,0.0,faible
4,1,9,3.7777777777777777,0.9768137561193715,0.6303169922835367,1,0.3125,137,vpn,28.8,élevé
3,1,8,3.875,0.7882878160944716,0.6303169922835367,1,0.3125,137,routeur,21.6,élevé
3,3,7,4.0,0.590958620016839,0.6303169922835367,1,0.3125,137,switch,20.3,élevé
2,2,7,4.142857142857143,0.47603749725467137,0.6303169922835367,1,0.3125,137,postes,18.8,moyen
4,0,0,0.0,0.0,0.6303169922835367,1,0.3125,137,serveur_rh,0.0,faible
5,3,4,4.25,0.6242831015385812,0.6303169922835367,1,0.3125,137,compte_admin,23.3,élevé
2,1,12,3.5833333333333335,1.0,0.7944733716687747,0,0.0,138,internet,48.2,critique
5,2,11,3.4545454545454546,0.6939382988190973,0.7944733716687747,0,0.0,138,pare_feu,39.3,critique
2,1,1,4.0,0.7672959323147883,0.7944733716687747,0,0.0,138,serveur_web,7.1,faible
4,0,0,0.0,0.0,0.7944733716687747,0,0.0,138,serveur_app,0.0,faible
5,2,2,3.5,0.8240799141290561,0.7944733716687747,0,0.0,138,base_donnees,14.9,moyen
4,0,0,0.0,0.0,0.7944733716687747,0,0.0,138,donnees_sensibles,0.0,faible
3,0,0,0.0,0.0,0.7944733716687747,0,0.0,138,sauvegardes,0.0,faible
4,1,9,3.5555555555555554,1.0,0.7944733716687747,0,0.0,138,vpn,43.4,critique
4,1,8,3.5,0.9960818865889708,0.7944733716687747,0,0.0,138,routeur,33.6,élevé
3,3,7,3.5714285714285716,0.7822794341785443,0.7944733716687747,0,0.0,138,switch,25.8,élevé
1,2,7,3.857142857142857,0.5361344433520673,0.7944733716687747,0,0.0,138,postes,24.9,élevé
3,0,0,0.0,0.0,0.7944733716687747,0,0.0,138,serveur_rh,0.0,faible
5,4,5,3.8,0.8218814710823339,0.7944733716687747,0,0.0,138,compte_admin,38.1,critique
2,1,12,3.5833333333333335,1.0,0.7581388632084105,1,0.11764705882352941,138,internet,44.7,critique
5,2,11,3.4545454545454546,0.5385541633689594,0.7581388632084105,1,0.11764705882352941,138,pare_feu,35.6,critique
2,1,1,4.0,0.460377559388873,0.7581388632084105,1,0.11764705882352941,138,serveur_web,4.3,faible
4,0,0,0.0,0.0,0.7581388632084105,1,0.11764705882352941,138,serveur_app,0.0,faible
5,2,2,3.5,0.8240799141290561,0.7581388632084105,1,0.11764705882352941,138,base_donnees,14.9,moyen
4,0,0,0.0,0.0,0.7581388632084105,1,0.11764705882352941,138,donnees_sensibles,0.0,faible
3,0,0,0.0,0.0,0.7581388632084105,1,0.11764705882352941,138,sauvegardes,0.0,faible
4,1,9,3.5555555555555554,1.0,0.7581388632084105,1,0.11764705882352941,138,vpn,43.4,critique
4,1,8,3.5,0.9960818865889708,0.7581388632084105,1,0.11764705882352941,138,routeur,33.6,élevé
3,3,7,3.5714285714285716,0.7822794341785443,0.7581388632084105,1,0.11764705882352941,138,switch,25.8,élevé
1,2,7,3.857142857142857,0.5361344433520673,0.7581388632084105,1,0.11764705882352941,138,postes,24.9,élevé
3,0,0,0.0,0.0,0.7581388632084105,1,0.11764705882352941,138,serveur_rh,0.0,faible
5,4,5,3.8,0.8218814710823339,0.7581388632084105,1,0.11764705882352941,138,compte_admin,38.1,critique
2,1,12,3.5833333333333335,1.0,0.7944733716687747,0,0.0,138,internet,48.2,critique
5,2,11,3.4545454545454546,0.6939382988190973,0.7944733716687747,0,0.0,138,pare_feu,39.3,critique
2,1,1,4.0,0.7672959323147883,0.7944733716687747,0,0.0,138,serveur_web,7.1,faible
4,0,0,0.0,0.0,0.7944733716687747,0,0.0,138,serveur_app,0.0,faible
5,2,2,3.5,0.8240799141290561,0.7944733716687747,0,0.0,138,base_donnees,14.9,moyen
4,0,0,0.0,0.0,0.7944733716687747,0,0.0,138,donnees_sensibles,0.0,faible
3,0,0,0.0,0.0,0.7944733716687747,0,0.0,138,sauvegardes,0.0,faible
4,1,9,3.5555555555555554,1.0,0.7944733716687747,0,0.0,138,vpn,43.4,critique
4,1,8,3.5,0.9960818865889708,0.7944733716687747,0,0.0,138,routeur,33.6,élevé
3,3,7,3.5714285714285716,0.7822794341785443,0.7944733716687747,0,0.0,138,switch,25.8,élevé
1,2,7,3.857142857142857,0.5361344433520673,0.7944733716687747,0,0.0,138,postes,24.9,élevé
3,0,0,0.0,0.0,0.7944733716687747,0,0.0,138,serveur_rh,0.0,faible
5,4,5,3.8,0.8218814710823339,0.7944733716687747,0,0.0,138,compte_admin,38.1,critique
2,1,12,3.5833333333333335,1.0,0.5713358844485948,2,0.5294117647058824,138,internet,20.7,élevé
5,2,11,3.4545454545454546,0.35526738725270784,0.5713358844485948,2,0.5294117647058824,138,pare_feu,9.7,faible
2,1,1,4.0,0.460377559388873,0.5713358844485948,2,0.5294117647058824,138,serveur_web,4.3,faible
4,0,0,0.0,0.0,0.5713358844485948,2,0.5294117647058824,138,serveur_app,0.0,faible
5,2,2,3.5,0.8240799141290561,0.5713358844485948,2,0.5294117647058824,138,base_donnees,14.9,moyen
4,0,0,0.0,0.0,0.5713358844485948,2,0.5294117647058824,138,donnees_sensibles,0.0,faible
3,0,0,0.0,0.0,0.5713358844485948,2,0.5294117647058824,138,sauvegardes,0.0,faible
4,1,9,3.5555555555555554,0.4,0.5713358844485948,2,0.5294117647058824,138,vpn,13.7,moyen
4,1,8,3.5,0.9960818865889708,0.5713358844485948,2,0.5294117647058824,138,routeur,24.5,élevé
3,3,7,3.5714285714285716,0.7822794341785443,0.5713358844485948,2,0.5294117647058824,138,switch,16.9,moyen
1,2,7,3.857142857142857,0.4178536653086873,0.5713358844485948,2,0.5294117647058824,138,postes,15.4,moyen
3,0,0,0.0,0.0,0.5713358844485948,2,0.5294117647058824,138,serveur_rh,0.0,faible
5,4,5,3.8,0.3287525884329336,0.5713358844485948,2,0.5294117647058824,138,compte_admin,15.2,moyen
2,1,12,3.5833333333333335,1.0,0.35148942072931366,4,0.9444444444444444,139,internet,13.8,moyen
3,2,11,3.6363636363636362,0.3289491631696402,0.35148942072931366,4,0.9444444444444444,139,pare_feu,7.0,faible
4,1,4,4.5,0.16410531048673957,0.35148942072931366,4,0.9444444444444444,139,serveur_web,2.5,faible
4,1,3,4.666666666666667,0.23840221521248525,0.35148942072931366,4,0.9444444444444444,139,serveur_app,5.5,faible
5,2,2,4.5,0.48886019596336394,0.35148942072931366,4,0.9444444444444444,139,base_donnees,11.3,moyen
5,0,0,0.0,0.0,0.35148942072931366,4,0.9444444444444444,139,donnees_sensibles,0.0,faible
4,0,0,0.0,0.0,0.35148942072931366,4,0.9444444444444444,139,sauvegardes,0.0,faible
2,1,9,3.7777777777777777,0.33933044871997886,0.35148942072931366,4,0.9444444444444444,139,vpn,4.0,faible
2,1,8,4.0,0.4167927870582426,0.35148942072931366,4,0.9444444444444444,139,routeur,7.3,faible
4,3,7,4.0,0.34377534309641683,0.35148942072931366,4,0.9444444444444444,139,switch,8.6,faible
1,2,7,4.428571428571429,0.23090443976580696,0.35148942072931366,4,0.9444444444444444,139,postes,7.0,faible
4,0,0,0.0,0.0,0.35148942072931366,4,0.9444444444444444,139,serveur_rh,0.0,faible
5,4,5,4.4,0.2598562961408316,0.35148942072931366,4,0.9444444444444444,139,compte_admin,12.6,moyen
2,1,12,3.5833333333333335,1.0,0.49370054301829225,3,0.6666666666666666,139,internet,20.2,élevé
3,2,11,3.6363636363636362,0.5147251427060702,0.49370054301829225,3,0.6666666666666666,139,pare_feu,13.6,moyen
4,1,4,4.5,0.16410531048673957,0.49370054301829225,3,0.6666666666666666,139,serveur_web,2.5,faible
4,1,3,4.666666666666667,0.23840221521248525,0.49370054301829225,3,0.6666666666666666,139,serveur_app,5.5,faible
5,2,2,4.5,0.48886019596336394,0.49370054301829225,3,0.6666666666666666,139,base_donnees,11.3,moyen
5,0,0,0.0,0.0,0.49370054301829225,3,0.6666666666666666,139,donnees_sensibles,0.0,faible
4,0,0,0.0,0.0,0.49370054301829225,3,0.6666666666666666,139,sauvegardes,0.0,faible
2,1,9,3.7777777777777777,0.8483261217999472,0.49370054301829225,3,0.6666666666666666,139,vpn,10.5,moyen
2,1,8,4.0,0.4167927870582426,0.49370054301829225,3,0.6666666666666666,139,routeur,7.8,faible
4,3,7,4.0,0.34377534309641683,0.49370054301829225,3,0.6666666666666666,139,switch,9.8,faible
1,2,7,4.428571428571429,0.29096183586770535,0.49370054301829225,3,0.6666666666666666,139,postes,11.5,moyen
4,0,0,0.0,0.0,0.49370054301829225,3,0.6666666666666666,139,serveur_rh,0.0,faible
5,4,5,4.4,0.6496407403520791,0.49370054301829225,3,0.6666666666666666,139,compte_admin,31.5,élevé
2,1,12,3.5833333333333335,1.0,0.5822223257920319,1,0.4444444444444444,139,internet,25.9,élevé
3,2,11,3.6363636363636362,0.6514574828029724,0.5822223257920319,1,0.4444444444444444,139,pare_feu,19.4,moyen
4,1,4,4.5,0.2735088508112326,0.5822223257920319,1,0.4444444444444444,139,serveur_web,5.7,faible
4,1,3,4.666666666666667,0.3973370253541421,0.5822223257920319,1,0.4444444444444444,139,serveur_app,11.1,moyen
5,2,2,4.5,0.688860195963364,0.5822223257920319,1,0.4444444444444444,139,base_donnees,16.3,moyen
5,0,0,0.0,0.0,0.5822223257920319,1,0.4444444444444444,139,donnees_sensibles,0.0,faible
4,0,0,0.0,0.0,0.5822223257920319,1,0.4444444444444444,139,sauvegardes,0.0,faible
2,1,9,3.7777777777777777,0.8483261217999472,0.5822223257920319,1,0.4444444444444444,139,vpn,12.3,moyen
2,1,8,4.0,0.4167927870582426,0.5822223257920319,1,0.4444444444444444,139,routeur,9.8,faible
4,3,7,4.0,0.394420871437618,0.5822223257920319,1,0.4444444444444444,139,switch,15.0,moyen
1,2,7,4.428571428571429,0.3576922759809258,0.5822223257920319,1,0.4444444444444444,139,postes,20.4,élevé
4,0,0,0.0,0.0,0.5822223257920319,1,0.4444444444444444,139,serveur_rh,0.0,faible
5,4,5,4.4,0.741188638856408,0.5822223257920319,1,0.4444444444444444,139,compte_admin,43.4,critique
2,1,12,3.5833333333333335,1.0,0.7505753269508624,0,0.0,139,internet,41.0,critique
3,2,11,3.6363636363636362,0.6514574828029724,0.7505753269508624,0,0.0,139,pare_feu,34.9,élevé
4,1,4,4.5,0.5470177016224652,0.7505753269508624,0,0.0,139,serveur_web,19.1,moyen
4,1,3,4.666666666666667,0.7946740507082842,0.7505753269508624,0,0.0,139,serveur_app,25.2,élevé
5,2,2,4.5,0.877720391926728,0.7505753269508624,0,0.0,139,base_donnees,20.1,élevé
5,0,0,0.0,0.0,0.7505753269508624,0,0.0,139,donnees_sensibles,0.0,faible
4,0,0,0.0,0.0,0.7505753269508624,0,0.0,139,sauvegardes,0.0,faible
2,1,9,3.7777777777777777,0.8483261217999472,0.7505753269508624,0,0.0,139,vpn,34.2,élevé
2,1,8,4.0,0.8335855741164852,0.7505753269508624,0,0.0,139,routeur,35.7,critique
4,3,7,4.0,0.788841742875236,0.7505753269508624,0,0.0,139,switch,35.2,critique
1,2,7,4.428571428571429,0.5485584516788005,0.7505753269508624,0,0.0,139,postes,31.1,élevé
4,0,0,0.0,0.0,0.7505753269508624,0,0.0,139,serveur_rh,0.0,faible
5,4,5,4.4,0.741188638856408,0.7505753269508624,0,0.0,139,compte_admin,43.4,critique
2,1,10,4.0,0.885334856073758,0.7065948478459637,1,0.11764705882352941,140,internet,28.6,élevé
3,2,9,4.111111111111111,0.46675715800727124,0.7065948478459637,1,0.11764705882352941,140,pare_feu,26.4,élevé
4,1,4,4.5,0.5028292007025902,0.7065948478459637,1,0.11764705882352941,140,serveur_web,16.1,moyen
4,1,3,4.666666666666667,0.785739000185789,0.7065948478459637,1,0.11764705882352941,140,serveur_app,23.0,élevé
5,2,2,4.5,0.8590192449764753,0.7065948478459637,1,0.11764705882352941,140,base_donnees,18.3,moyen
5,0,0,0.0,0.0,0.7065948478459637,1,0.11764705882352941,140,donnees_sensibles,0.0,faible
4,0,0,0.0,0.0,0.7065948478459637,1,0.11764705882352941,140,sauvegardes,0.0,faible
4,1,7,4.142857142857143,0.9116758892575487,0.7065948478459637,1,0.11764705882352941,140,vpn,32.9,élevé
4,1,6,4.166666666666667,1.0,0.7065948478459637,1,0.11764705882352941,140,routeur,26.9,élevé
3,2,5,4.4,0.5163654283790946,0.7065948478459637,1,0.11764705882352941,140,switch,19.7,moyen
2,2,7,4.142857142857143,0.48005721390478834,0.7065948478459637,1,0.11764705882352941,140,postes,24.5,élevé
4,0,0,0.0,0.0,0.7065948478459637,1,0.11764705882352941,140,serveur_rh,0.0,faible
4,4,5,4.4,0.8205338441566093,0.7065948478459637,1,0.11764705882352941,140,compte_admin,41.1,critique
2,1,10,4.0,0.885334856073758,0.7408845277031499,0,0.0,140,internet,38.1,critique
3,2,9,4.111111111111111,0.5906097032258242,0.7408845277031499,0,0.0,140,pare_feu,37.3,critique
4,1,4,4.5,0.8380486678376504,0.7408845277031499,0,0.0,140,serveur_web,26.9,élevé
4,1,3,4.666666666666667,0.785739000185789,0.7408845277031499,0,0.0,140,serveur_app,23.0,élevé
5,2,2,4.5,0.8590192449764753,0.7408845277031499,0,0.0,140,base_donnees,18.3,moyen
5,0,0,0.0,0.0,0.7408845277031499,0,0.0,140,donnees_sensibles,0.0,faible
4,0,0,0.0,0.0,0.7408845277031499,0,0.0,140,sauvegardes,0.0,faible
4,1,7,4.142857142857143,0.9116758892575487,0.7408845277031499,0,0.0,140,vpn,32.9,élevé
4,1,6,4.166666666666667,1.0,0.7408845277031499,0,0.0,140,routeur,26.9,élevé
3,2,5,4.4,0.5163654283790946,0.7408845277031499,0,0.0,140,switch,19.7,moyen
2,2,7,4.142857142857143,0.48005721390478834,0.7408845277031499,0,0.0,140,postes,24.5,élevé
4,0,0,0.0,0.0,0.7408845277031499,0,0.0,140,serveur_rh,0.0,faible
4,4,5,4.4,0.8205338441566093,0.7408845277031499,0,0.0,140,compte_admin,41.1,critique
2,1,10,4.0,0.885334856073758,0.6582703055083668,1,0.29411764705882354,140,internet,32.2,élevé
3,2,9,4.111111111111111,0.5906097032258242,0.6582703055083668,1,0.29411764705882354,140,pare_feu,30.5,élevé
4,1,4,4.5,0.8380486678376504,0.6582703055083668,1,0.29411764705882354,140,serveur_web,17.4,moyen
4,1,3,4.666666666666667,0.4714434001114734,0.6582703055083668,1,0.29411764705882354,140,serveur_app,11.6,moyen
5,2,2,4.5,0.6590192449764753,0.6582703055083668,1,0.29411764705882354,140,base_donnees,13.7,moyen
5,0,0,0.0,0.0,0.6582703055083668,1,0.29411764705882354,140,donnees_sensibles,0.0,faible
4,0,0,0.0,0.0,0.6582703055083668,1,0.29411764705882354,140,sauvegardes,0.0,faible
4,1,7,4.142857142857143,0.9116758892575487,0.6582703055083668,1,0.29411764705882354,140,vpn,26.2,élevé
4,1,6,4.166666666666667,1.0,0.6582703055083668,1,0.29411764705882354,140,routeur,19.6,moyen
3,2,5,4.4,0.4033277288587346,0.6582703055083668,1,0.29411764705882354,140,switch,12.5,moyen
2,2,7,4.142857142857143,0.392413198981558,0.6582703055083668,1,0.29411764705882354,140,postes,13.7,moyen
4,0,0,0.0,0.0,0.6582703055083668,1,0.29411764705882354,140,serveur_rh,0.0,faible
4,4,5,4.4,0.7483381570691554,0.6582703055083668,1,0.29411764705882354,140,compte_admin,31.8,élevé
2,1,10,4.0,0.885334856073758,0.338781755272557,4,0.9411764705882353,140,internet,12.4,moyen
3,2,9,4.111111111111111,0.29817015389960616,0.338781755272557,4,0.9411764705882353,140,pare_feu,7.7,faible
4,1,4,4.5,0.2514146003512951,0.338781755272557,4,0.9411764705882353,140,serveur_web,3.6,faible
4,1,3,4.666666666666667,0.2357217000557367,0.338781755272557,4,0.9411764705882353,140,serveur_app,5.1,faible
5,2,2,4.5,0.47950962248823764,0.338781755272557,4,0.9411764705882353,140,base_donnees,10.3,moyen
5,0,0,0.0,0.0,0.338781755272557,4,0.9411764705882353,140,donnees_sensibles,0.0,faible
4,0,0,0.0,0.0,0.338781755272557,4,0.9411764705882353,140,sauvegardes,0.0,faible
4,1,7,4.142857142857143,0.36467035570301953,0.338781755272557,4,0.9411764705882353,140,vpn,5.5,faible
4,1,6,4.166666666666667,0.5,0.338781755272557,4,0.9411764705882353,140,routeur,5.8,faible
3,2,5,4.4,0.2016638644293673,0.338781755272557,4,0.9411764705882353,140,switch,4.7,faible
2,2,7,4.142857142857143,0.18305999725229447,0.338781755272557,4,0.9411764705882353,140,postes,4.2,faible
4,0,0,0.0,0.0,0.338781755272557,4,0.9411764705882353,140,serveur_rh,0.0,faible
4,4,5,4.4,0.2993352628276622,0.338781755272557,4,0.9411764705882353,140,compte_admin,12.5,moyen
1,1,6,4.5,1.0,0.5694954908834963,1,0.35294117647058826,141,internet,25.3,élevé
4,1,5,4.6,0.640747000906415,0.5694954908834963,1,0.35294117647058826,141,pare_feu,17.6,moyen
4,1,4,4.75,0.6890278170663551,0.5694954908834963,1,0.35294117647058826,141,serveur_web,17.9,moyen
5,1,3,4.666666666666667,0.5392856750765161,0.5694954908834963,1,0.35294117647058826,141,serveur_app,14.4,moyen
5,2,2,4.5,0.6431334690978452,0.5694954908834963,1,0.35294117647058826,141,base_donnees,14.5,moyen
5,0,0,0.0,0.0,0.5694954908834963,1,0.35294117647058826,141,donnees_sensibles,0.0,faible
4,0,0,0.0,0.0,0.5694954908834963,1,0.35294117647058826,141,sauvegardes,0.0,faible
3,1,9,3.7777777777777777,0.27104019265269214,0.5694954908834963,1,0.35294117647058826,141,vpn,9.3,faible
3,1,8,3.875,0.8441881904293446,0.5694954908834963,1,0.35294117647058826,141,routeur,27.4,élevé
2,3,7,4.142857142857143,0.8007524150900879,0.5694954908834963,1,0.35294117647058826,141,switch,27.2,élevé
2,2,7,4.142857142857143,0.4338274561545686,0.5694954908834963,1,0.35294117647058826,141,postes,20.9,élevé
3,0,0,0.0,0.0,0.5694954908834963,1,0.35294117647058826,141,serveur_rh,0.0,faible
5,4,5,4.4,0.2852388432782553,0.5694954908834963,1,0.35294117647058826,141,compte_admin,15.8,moyen
1,1,6,4.5,1.0,0.3329235249824981,4,0.9411764705882353,141,internet,13.4,moyen
4,1,5,4.6,0.384448200543849,0.3329235249824981,4,0.9411764705882353,141,pare_feu,4.9,faible
4,1,4,4.75,0.20670834511990652,0.3329235249824981,4,0.9411764705882353,141,serveur_web,3.1,faible
5,1,3,4.666666666666667,0.16178570252295485,0.3329235249824981,4,0.9411764705882353,141,serveur_app,3.3,faible
5,2,2,4.5,0.3622058516633294,0.3329235249824981,4,0.9411764705882353,141,base_donnees,8.3,faible
5,0,0,0.0,0.0,0.3329235249824981,4,0.9411764705882353,141,donnees_sensibles,0.0,faible
4,0,0,0.0,0.0,0.3329235249824981,4,0.9411764705882353,141,sauvegardes,0.0,faible
3,1,9,3.7777777777777777,0.27104019265269214,0.3329235249824981,4,0.9411764705882353,141,vpn,3.5,faible
3,1,8,3.875,0.4220940952146723,0.3329235249824981,4,0.9411764705882353,141,routeur,5.8,faible
2,3,7,4.142857142857143,0.3468439343132714,0.3329235249824981,4,0.9411764705882353,141,switch,8.9,faible
2,2,7,4.142857142857143,0.2229438615908922,0.3329235249824981,4,0.9411764705882353,141,postes,5.0,faible
3,0,0,0.0,0.0,0.3329235249824981,4,0.9411764705882353,141,serveur_rh,0.0,faible
5,4,5,4.4,0.2506980398000341,0.3329235249824981,4,0.9411764705882353,141,compte_admin,11.9,moyen
1,1,6,4.5,1.0,0.451705344454509,3,0.7058823529411765,141,internet,13.4,moyen
4,1,5,4.6,0.384448200543849,0.451705344454509,3,0.7058823529411765,141,pare_feu,4.9,faible
4,1,4,4.75,0.20670834511990652,0.451705344454509,3,0.7058823529411765,141,serveur_web,3.1,faible
5,1,3,4.666666666666667,0.16178570252295485,0.451705344454509,3,0.7058823529411765,141,serveur_app,3.3,faible
5,2,2,4.5,0.3622058516633294,0.451705344454509,3,0.7058823529411765,141,base_donnees,8.3,faible
5,0,0,0.0,0.0,0.451705344454509,3,0.7058823529411765,141,donnees_sensibles,0.0,faible
4,0,0,0.0,0.0,0.451705344454509,3,0.7058823529411765,141,sauvegardes,0.0,faible
3,1,9,3.7777777777777777,0.6776004816317303,0.451705344454509,3,0.7058823529411765,141,vpn,8.9,faible
3,1,8,3.875,0.4220940952146723,0.451705344454509,3,0.7058823529411765,141,routeur,6.2,faible
2,3,7,4.142857142857143,0.3468439343132714,0.451705344454509,3,0.7058823529411765,141,switch,9.7,faible
2,2,7,4.142857142857143,0.2772150632133632,0.451705344454509,3,0.7058823529411765,141,postes,8.8,faible
3,0,0,0.0,0.0,0.451705344454509,3,0.7058823529411765,141,serveur_rh,0.0,faible
5,4,5,4.4,0.6267450995000851,0.451705344454509,3,0.7058823529411765,141,compte_admin,29.8,élevé
1,1,6,4.5,1.0,0.4019867918897605,2,0.8235294117647058,141,internet,18.4,moyen
4,1,5,4.6,0.640747000906415,0.4019867918897605,2,0.8235294117647058,141,pare_feu,10.2,moyen
4,1,4,4.75,0.34451390853317754,0.4019867918897605,2,0.8235294117647058,141,serveur_web,6.3,faible
5,1,3,4.666666666666667,0.2696428375382581,0.4019867918897605,2,0.8235294117647058,141,serveur_app,6.6,faible
5,2,2,4.5,0.5247623201209566,0.4019867918897605,2,0.8235294117647058,141,base_donnees,12.2,moyen
5,0,0,0.0,0.0,0.4019867918897605,2,0.8235294117647058,141,donnees_sensibles,0.0,faible
4,0,0,0.0,0.0,0.4019867918897605,2,0.8235294117647058,141,sauvegardes,0.0,faible
3,1,9,3.7777777777777777,0.27104019265269214,0.4019867918897605,2,0.8235294117647058,141,vpn,3.7,faible
3,1,8,3.875,0.4220940952146723,0.4019867918897605,2,0.8235294117647058,141,routeur,6.8,faible
2,3,7,4.142857142857143,0.40037620754504394,0.4019867918897605,2,0.8235294117647058,141,switch,11.2,moyen
2,2,7,4.142857142857143,0.24706439564532373,0.4019867918897605,2,0.8235294117647058,141,postes,6.6,faible
3,0,0,0.0,0.0,0.4019867918897605,2,0.8235294117647058,141,serveur_rh,0.0,faible
5,4,5,4.4,0.2852388432782553,0.4019867918897605,2,0.8235294117647058,141,compte_admin,15.8,moyen
1,0,0,0.0,0.0,0.607704913423497,1,0.3333333333333333,142,internet,0.0,faible
3,1,5,4.4,0.7108621196378898,0.607704913423497,1,0.3333333333333333,142,pare_feu,16.3,moyen
3,1,4,4.75,0.764109010157796,0.607704913423497,1,0.3333333333333333,142,serveur_web,15.5,moyen
5,1,3,4.666666666666667,0.358703642059605,0.607704913423497,1,0.3333333333333333,142,serveur_app,8.2,faible
4,2,2,5.0,0.46645089914045584,0.607704913423497,1,0.3333333333333333,142,base_donnees,11.9,moyen
5,0,0,0.0,0.0,0.607704913423497,1,0.3333333333333333,142,donnees_sensibles,0.0,faible
5,0,0,0.0,0.0,0.607704913423497,1,0.3333333333333333,142,sauvegardes,0.0,faible
2,1,9,3.7777777777777777,0.6423695352901864,0.607704913423497,1,0.3333333333333333,142,vpn,19.8,moyen
2,1,8,4.0,0.9854060585800276,0.607704913423497,1,0.3333333333333333,142,routeur,25.9,élevé
3,3,7,4.142857142857143,0.5623748729966532,0.607704913423497,1,0.3333333333333333,142,switch,19.5,moyen
1,1,6,4.666666666666667,0.23862376681040687,0.607704913423497,1,0.3333333333333333,142,postes,10.8,moyen
4,0,0,0.0,0.0,0.607704913423497,1,0.3333333333333333,142,serveur_rh,0.0,faible
5,4,5,4.6,0.6988682878864179,0.607704913423497,1,0.3333333333333333,142,compte_admin,36.8,critique
1,0,0,0.0,0.0,0.5344971547949487,1,0.4666666666666667,142,internet,0.0,faible
3,1,5,4.4,0.7108621196378898,0.5344971547949487,1,0.4666666666666667,142,pare_feu,10.5,moyen
3,1,4,4.75,0.382054505078898,0.5344971547949487,1,0.4666666666666667,142,serveur_web,7.3,faible
5,1,3,4.666666666666667,0.29891970171633747,0.5344971547949487,1,0.4666666666666667,142,serveur_app,6.8,faible
4,2,2,5.0,0.46971680154875695,0.5344971547949487,1,0.4666666666666667,142,base_donnees,12.1,moyen
5,0,0,0.0,0.0,0.5344971547949487,1,0.4666666666666667,142,donnees_sensibles,0.0,faible
5,0,0,0.0,0.0,0.5344971547949487,1,0.4666666666666667,142,sauvegardes,0.0,faible
2,1,9,3.7777777777777777,0.6423695352901864,0.5344971547949487,1,0.4666666666666667,142,vpn,9.6,faible
2,1,8,4.0,0.4927030292900138,0.5344971547949487,1,0.4666666666666667,142,routeur,10.0,moyen
3,3,7,4.142857142857143,0.33918344953806295,0.5344971547949487,1,0.4666666666666667,142,switch,13.3,moyen
1,1,6,4.666666666666667,0.3977062780173448,0.5344971547949487,1,0.4666666666666667,142,postes,21.0,élevé
4,0,0,0.0,0.0,0.5344971547949487,1,0.4666666666666667,142,serveur_rh,0.0,faible
5,4,5,4.6,0.7839645502954645,0.5344971547949487,1,0.4666666666666667,142,compte_admin,45.2,critique
1,0,0,0.0,0.0,0.2874074325578856,4,1.0,142,internet,0.0,faible
3,1,5,4.4,0.42651727178273385,0.2874074325578856,4,1.0,142,pare_feu,4.8,faible
3,1,4,4.75,0.22923270304733878,0.2874074325578856,4,1.0,142,serveur_web,3.6,faible
5,1,3,4.666666666666667,0.1793518210298025,0.2874074325578856,4,1.0,142,serveur_app,3.5,faible
4,2,2,5.0,0.3345788861324547,0.2874074325578856,4,1.0,142,base_donnees,8.6,faible
5,0,0,0.0,0.0,0.2874074325578856,4,1.0,142,donnees_sensibles,0.0,faible
5,0,0,0.0,0.0,0.2874074325578856,4,1.0,142,sauvegardes,0.0,faible
2,1,9,3.7777777777777777,0.25694781411607454,0.2874074325578856,4,1.0,142,vpn,3.2,faible
2,1,8,4.0,0.4927030292900138,0.2874074325578856,4,1.0,142,routeur,7.4,faible
3,3,7,4.142857142857143,0.2811874364983266,0.2874074325578856,4,1.0,142,switch,7.8,faible
1,1,6,4.666666666666667,0.09544950672416276,0.2874074325578856,4,1.0,142,postes,2.4,faible
4,0,0,0.0,0.0,0.2874074325578856,4,1.0,142,serveur_rh,0.0,faible
5,4,5,4.6,0.27954731515456716,0.2874074325578856,4,1.0,142,compte_admin,14.7,moyen
1,0,0,0.0,0.0,0.6588293653814266,1,0.13333333333333333,142,internet,0.0,faible
3,1,5,4.4,0.42651727178273385,0.6588293653814266,1,0.13333333333333333,142,pare_feu,8.6,faible
3,1,4,4.75,0.45846540609467756,0.6588293653814266,1,0.13333333333333333,142,serveur_web,12.6,moyen
5,1,3,4.666666666666667,0.5978394034326749,0.6588293653814266,1,0.13333333333333333,142,serveur_app,15.8,moyen
4,2,2,5.0,0.6015888145567582,0.6588293653814266,1,0.13333333333333333,142,base_donnees,15.4,moyen
5,0,0,0.0,0.0,0.6588293653814266,1,0.13333333333333333,142,donnees_sensibles,0.0,faible
5,0,0,0.0,0.0,0.6588293653814266,1,0.13333333333333333,142,sauvegardes,0.0,faible
2,1,9,3.7777777777777777,0.6423695352901864,0.6588293653814266,1,0.13333333333333333,142,vpn,25.1,élevé
2,1,8,4.0,0.9854060585800276,0.6588293653814266,1,0.13333333333333333,142,routeur,34.3,élevé
3,3,7,4.142857142857143,0.6783668990761259,0.6588293653814266,1,0.13333333333333333,142,switch,28.1,élevé
1,1,6,4.666666666666667,0.3977062780173448,0.6588293653814266,1,0.13333333333333333,142,postes,21.0,élevé
4,0,0,0.0,0.0,0.6588293653814266,1,0.13333333333333333,142,serveur_rh,0.0,faible
5,4,5,4.6,0.7839645502954645,0.6588293653814266,1,0.13333333333333333,142,compte_admin,45.2,critique
1,1,12,3.8333333333333335,0.861639812567946,0.76532577677165,0,0.0,143,internet,42.2,critique
4,2,11,3.8181818181818183,0.6944834176810704,0.76532577677165,0,0.0,143,pare_feu,43.1,critique
3,1,4,5.0,0.7047995265877005,0.76532577677165,0,0.0,143,serveur_web,26.5,élevé
5,1,3,5.0,0.8350584780012547,0.76532577677165,0,0.0,143,serveur_app,27.5,élevé
5,2,2,5.0,0.8835231862116553,0.76532577677165,0,0.0,143,base_donnees,21.0,élevé
5,0,0,0.0,0.0,0.76532577677165,0,0.0,143,donnees_sensibles,0.0,faible
5,0,0,0.0,0.0,0.76532577677165,0,0.0,143,sauvegardes,0.0,faible
2,1,9,4.111111111111111,0.6896601121114059,0.76532577677165,0,0.0,143,vpn,30.2,élevé
3,1,8,4.25,0.9993487934479054,0.76532577677165,0,0.0,143,routeur,38.0,critique
4,3,7,4.285714285714286,0.6912116695106768,0.76532577677165,0,0.0,143,switch,29.6,élevé
2,2,7,4.571428571428571,0.5280612838962297,0.76532577677165,0,0.0,143,postes,29.4,élevé
4,0,0,0.0,0.0,0.76532577677165,0,0.0,143,serveur_rh,0.0,faible
4,4,5,4.8,0.8498966187658868,0.76532577677165,0,0.0,143,compte_admin,51.8,critique
1,1,12,3.8333333333333335,0.861639812567946,0.3507045344190016,4,0.9444444444444444,143,internet,13.4,moyen
4,2,11,3.8181818181818183,0.36478078591210716,0.3507045344190016,4,0.9444444444444444,143,pare_feu,7.3,faible
3,1,4,5.0,0.21143985797631015,0.3507045344190016,4,0.9444444444444444,143,serveur_web,3.6,faible
5,1,3,5.0,0.2505175434003764,0.3507045344190016,4,0.9444444444444444,143,serveur_app,5.9,faible
5,2,2,5.0,0.4917615931058277,0.3507045344190016,4,0.9444444444444444,143,base_donnees,11.7,moyen
5,0,0,0.0,0.0,0.3507045344190016,4,0.9444444444444444,143,donnees_sensibles,0.0,faible
5,0,0,0.0,0.0,0.3507045344190016,4,0.9444444444444444,143,sauvegardes,0.0,faible
2,1,9,4.111111111111111,0.27586404484456234,0.3507045344190016,4,0.9444444444444444,143,vpn,4.1,faible
3,1,8,4.25,0.4996743967239527,0.3507045344190016,4,0.9444444444444444,143,routeur,8.5,faible
4,3,7,4.285714285714286,0.28748029719094287,0.3507045344190016,4,0.9444444444444444,143,switch,8.1,faible
2,2,7,4.571428571428571,0.2190928621973823,0.3507045344190016,4,0.9444444444444444,143,postes,6.1,faible
4,0,0,0.0,0.0,0.3507045344190016,4,0.9444444444444444,143,serveur_rh,0.0,faible
4,4,5,4.8,0.29995864750635476,0.3507045344190016,4,0.9444444444444444,143,compte_admin,14.8,moyen
1,1,12,3.8333333333333335,0.861639812567946,0.3507045344190016,4,0.9444444444444444,143,internet,13.4,moyen
4,2,11,3.8181818181818183,0.36478078591210716,0.3507045344190016,4,0.9444444444444444,143,pare_feu,7.3,faible
3,1,4,5.0,0.21143985797631015,0.3507045344190016,4,0.9444444444444444,143,serveur_web,3.6,faible
5,1,3,5.0,0.2505175434003764,0.3507045344190016,4,0.9444444444444444,143,serveur_app,5.9,faible
5,2,2,5.0,0.4917615931058277,0.3507045344190016,4,0.9444444444444444,143,base_donnees,11.7,moyen
5,0,0,0.0,0.0,0.3507045344190016,4,0.9444444444444444,143,donnees_sensibles,0.0,faible
5,0,0,0.0,0.0,0.3507045344190016,4,0.9444444444444444,143,sauvegardes,0.0,faible
2,1,9,4.111111111111111,0.27586404484456234,0.3507045344190016,4,0.9444444444444444,143,vpn,4.1,faible
3,1,8,4.25,0.4996743967239527,0.3507045344190016,4,0.9444444444444444,143,routeur,8.5,faible
4,3,7,4.285714285714286,0.28748029719094287,0.3507045344190016,4,0.9444444444444444,143,switch,8.1,faible
2,2,7,4.571428571428571,0.2190928621973823,0.3507045344190016,4,0.9444444444444444,143,postes,6.1,faible
4,0,0,0.0,0.0,0.3507045344190016,4,0.9444444444444444,143,serveur_rh,0.0,faible
4,4,5,4.8,0.29995864750635476,0.3507045344190016,4,0.9444444444444444,143,compte_admin,14.8,moyen
1,1,12,3.8333333333333335,0.861639812567946,0.4978960134673809,3,0.6666666666666666,143,internet,18.0,moyen
4,2,11,3.8181818181818183,0.5205085800017122,0.4978960134673809,3,0.6666666666666666,143,pare_feu,13.1,moyen
3,1,4,5.0,0.21143985797631015,0.4978960134673809,3,0.6666666666666666,143,serveur_web,3.6,faible
5,1,3,5.0,0.2505175434003764,0.4978960134673809,3,0.6666666666666666,143,serveur_app,5.9,faible
5,2,2,5.0,0.4917615931058277,0.4978960134673809,3,0.6666666666666666,143,base_donnees,11.7,moyen
5,0,0,0.0,0.0,0.4978960134673809,3,0.6666666666666666,143,donnees_sensibles,0.0,faible
5,0,0,0.0,0.0,0.4978960134673809,3,0.6666666666666666,143,sauvegardes,0.0,faible
2,1,9,4.111111111111111,0.6896601121114059,0.4978960134673809,3,0.6666666666666666,143,vpn,10.6,moyen
3,1,8,4.25,0.4996743967239527,0.4978960134673809,3,0.6666666666666666,143,routeur,8.9,faible
4,3,7,4.285714285714286,0.28748029719094287,0.4978960134673809,3,0.6666666666666666,143,switch,8.8,faible
2,2,7,4.571428571428571,0.28131440339070435,0.4978960134673809,3,0.6666666666666666,143,postes,12.3,moyen
4,0,0,0.0,0.0,0.4978960134673809,3,0.6666666666666666,143,serveur_rh,0.0,faible
4,4,5,4.8,0.7498966187658869,0.4978960134673809,3,0.6666666666666666,143,compte_admin,37.1,critique
2,1,8,3.875,0.8098627154780627,0.33254329323069365,4,0.9411764705882353,144,internet,13.5,moyen
4,2,7,3.857142857142857,0.36952889988306803,0.33254329323069365,4,0.9411764705882353,144,pare_feu,7.9,faible
3,1,4,4.25,0.2656513031909377,0.33254329323069365,4,0.9411764705882353,144,serveur_web,3.3,faible
3,1,3,4.666666666666667,0.24956692957002127,0.33254329323069365,4,0.9411764705882353,144,serveur_app,5.3,faible
5,2,2,4.5,0.4415863306027059,0.33254329323069365,4,0.9411764705882353,144,base_donnees,10.1,moyen
5,0,0,0.0,0.0,0.33254329323069365,4,0.9411764705882353,144,donnees_sensibles,0.0,faible
4,0,0,0.0,0.0,0.33254329323069365,4,0.9411764705882353,144,sauvegardes,0.0,faible
4,1,1,3.0,0.24130699391557223,0.33254329323069365,4,0.9411764705882353,144,vpn,1.7,faible
3,0,0,0.0,0.0,0.33254329323069365,4,0.9411764705882353,144,routeur,0.0,faible
2,3,7,4.0,0.3041192726793291,0.33254329323069365,4,0.9411764705882353,144,switch,7.4,faible
2,2,7,4.0,0.2002737959530877,0.33254329323069365,4,0.9411764705882353,144,postes,4.3,faible
4,0,0,0.0,0.0,0.33254329323069365,4,0.9411764705882353,144,serveur_rh,0.0,faible
5,4,5,4.2,0.2879280429628718,0.33254329323069365,4,0.9411764705882353,144,compte_admin,12.6,moyen
2,1,8,3.875,0.8098627154780627,0.33254329323069365,4,0.9411764705882353,144,internet,13.5,moyen
4,2,7,3.857142857142857,0.36952889988306803,0.33254329323069365,4,0.9411764705882353,144,pare_feu,7.9,faible
3,1,4,4.25,0.2656513031909377,0.33254329323069365,4,0.9411764705882353,144,serveur_web,3.3,faible
3,1,3,4.666666666666667,0.24956692957002127,0.33254329323069365,4,0.9411764705882353,144,serveur_app,5.3,faible
5,2,2,4.5,0.4415863306027059,0.33254329323069365,4,0.9411764705882353,144,base_donnees,10.1,moyen
5,0,0,0.0,0.0,0.33254329323069365,4,0.9411764705882353,144,donnees_sensibles,0.0,faible
4,0,0,0.0,0.0,0.33254329323069365,4,0.9411764705882353,144,sauvegardes,0.0,faible
4,1,1,3.0,0.24130699391557223,0.33254329323069365,4,0.9411764705882353,144,vpn,1.7,faible
3,0,0,0.0,0.0,0.33254329323069365,4,0.9411764705882353,144,routeur,0.0,faible
2,3,7,4.0,0.3041192726793291,0.33254329323069365,4,0.9411764705882353,144,switch,7.4,faible
2,2,7,4.0,0.2002737959530877,0.33254329323069365,4,0.9411764705882353,144,postes,4.3,faible
4,0,0,0.0,0.0,0.33254329323069365,4,0.9411764705882353,144,serveur_rh,0.0,faible
5,4,5,4.2,0.2879280429628718,0.33254329323069365,4,0.9411764705882353,144,compte_admin,12.6,moyen
2,1,8,3.875,0.8098627154780627,0.5860361977537251,1,0.4117647058823529,144,internet,23.1,élevé
4,2,7,3.857142857142857,0.6880059818578679,0.5860361977537251,1,0.4117647058823529,144,pare_feu,20.3,élevé
3,1,4,4.25,0.44275217198489625,0.5860361977537251,1,0.4117647058823529,144,serveur_web,7.9,faible
3,1,3,4.666666666666667,0.41594488261670215,0.5860361977537251,1,0.4117647058823529,144,serveur_app,10.8,moyen
5,2,2,4.5,0.6415863306027059,0.5860361977537251,1,0.4117647058823529,144,base_donnees,15.0,moyen
5,0,0,0.0,0.0,0.5860361977537251,1,0.4117647058823529,144,donnees_sensibles,0.0,faible
4,0,0,0.0,0.0,0.5860361977537251,1,0.4117647058823529,144,sauvegardes,0.0,faible
4,1,1,3.0,0.6032674847889306,0.5860361977537251,1,0.4117647058823529,144,vpn,4.3,faible
3,0,0,0.0,0.0,0.5860361977537251,1,0.4117647058823529,144,routeur,0.0,faible
2,3,7,4.0,0.3383934619704913,0.5860361977537251,1,0.4117647058823529,144,switch,15.8,moyen
2,2,7,4.0,0.3864147860745667,0.5860361977537251,1,0.4117647058823529,144,postes,26.5,élevé
4,0,0,0.0,0.0,0.5860361977537251,1,0.4117647058823529,144,serveur_rh,0.0,faible
5,4,5,4.2,0.8108983809907447,0.5860361977537251,1,0.4117647058823529,144,compte_admin,43.1,critique
2,1,8,3.875,0.8098627154780627,0.5612340445697815,1,0.4117647058823529,144,internet,34.4,élevé
4,2,7,3.857142857142857,0.5581819141629099,0.5612340445697815,1,0.4117647058823529,144,pare_feu,34.9,élevé
3,1,4,4.25,0.8855043439697925,0.5612340445697815,1,0.4117647058823529,144,serveur_web,27.2,élevé
3,1,3,4.666666666666667,0.8318897652334043,0.5612340445697815,1,0.4117647058823529,144,serveur_app,23.7,élevé
5,2,2,4.5,0.7831726612054117,0.5612340445697815,1,0.4117647058823529,144,base_donnees,17.7,moyen
5,0,0,0.0,0.0,0.5612340445697815,1,0.4117647058823529,144,donnees_sensibles,0.0,faible
4,0,0,0.0,0.0,0.5612340445697815,1,0.4117647058823529,144,sauvegardes,0.0,faible
4,1,1,3.0,0.24130699391557223,0.5612340445697815,1,0.4117647058823529,144,vpn,1.7,faible
3,0,0,0.0,0.0,0.5612340445697815,1,0.4117647058823529,144,routeur,0.0,faible
2,3,7,4.0,0.6767869239409826,0.5612340445697815,1,0.4117647058823529,144,switch,26.9,élevé
2,2,7,4.0,0.38095380347233554,0.5612340445697815,1,0.4117647058823529,144,postes,16.2,moyen
4,0,0,0.0,0.0,0.5612340445697815,1,0.4117647058823529,144,serveur_rh,0.0,faible
5,4,5,4.2,0.32435935239629793,0.5612340445697815,1,0.4117647058823529,144,compte_admin,17.2,moyen
1,1,7,4.0,0.989874809802525,0.4595274675662339,3,0.7142857142857143,145,internet,15.8,moyen
4,2,6,4.0,0.40236496176492553,0.4595274675662339,3,0.7142857142857143,145,pare_feu,7.2,faible
3,1,4,4.5,0.2640677348343434,0.4595274675662339,3,0.7142857142857143,145,serveur_web,3.3,faible
3,1,3,5.0,0.21195665562183896,0.4595274675662339,3,0.7142857142857143,145,serveur_app,5.1,faible
5,2,2,5.0,0.48135166022139775,0.4595274675662339,3,0.7142857142857143,145,base_donnees,12.3,moyen
5,0,0,0.0,0.0,0.4595274675662339,3,0.7142857142857143,145,donnees_sensibles,0.0,faible
5,0,0,0.0,0.0,0.4595274675662339,3,0.7142857142857143,145,sauvegardes,0.0,faible
3,0,0,0.0,0.0,0.4595274675662339,3,0.7142857142857143,145,vpn,0.0,faible
3,0,0,0.0,0.0,0.4595274675662339,3,0.7142857142857143,145,routeur,0.0,faible
2,3,6,4.0,0.2739766076030722,0.4595274675662339,3,0.7142857142857143,145,switch,6.5,faible
2,1,6,4.0,0.255024255519339,0.4595274675662339,3,0.7142857142857143,145,postes,2.4,faible
4,0,0,0.0,0.0,0.4595274675662339,3,0.7142857142857143,145,serveur_rh,0.0,faible
4,3,4,4.5,0.7076993411224554,0.4595274675662339,3,0.7142857142857143,145,compte_admin,27.7,élevé
1,1,7,4.0,0.989874809802525,0.563594524273333,2,0.42857142857142855,145,internet,18.0,moyen
4,2,6,4.0,0.26193902891370274,0.563594524273333,2,0.42857142857142855,145,pare_feu,9.6,faible
3,1,4,4.5,0.5281354696686869,0.563594524273333,2,0.42857142857142855,145,serveur_web,16.3,moyen
3,1,3,5.0,0.7065221854061299,0.563594524273333,2,0.42857142857142855,145,serveur_app,23.5,élevé
5,2,2,5.0,0.8627033204427954,0.563594524273333,2,0.42857142857142855,145,base_donnees,22.1,élevé
5,0,0,0.0,0.0,0.563594524273333,2,0.42857142857142855,145,donnees_sensibles,0.0,faible
5,0,0,0.0,0.0,0.563594524273333,2,0.42857142857142855,145,sauvegardes,0.0,faible
3,0,0,0.0,0.0,0.563594524273333,2,0.42857142857142855,145,vpn,0.0,faible
3,0,0,0.0,0.0,0.563594524273333,2,0.42857142857142855,145,routeur,0.0,faible
2,3,6,4.0,0.6328709636910365,0.563594524273333,2,0.42857142857142855,145,switch,24.0,élevé
2,1,6,4.0,0.510048511038678,0.563594524273333,2,0.42857142857142855,145,postes,12.8,moyen
4,0,0,0.0,0.0,0.563594524273333,2,0.42857142857142855,145,serveur_rh,0.0,faible
4,3,4,4.5,0.33594825804151224,0.563594524273333,2,0.42857142857142855,145,compte_admin,16.3,moyen
1,1,7,4.0,0.989874809802525,0.3484767047288865,4,0.9285714285714286,145,internet,13.9,moyen
4,2,6,4.0,0.26193902891370274,0.3484767047288865,4,0.9285714285714286,145,pare_feu,5.1,faible
3,1,4,4.5,0.2640677348343434,0.3484767047288865,4,0.9285714285714286,145,serveur_web,3.3,faible
3,1,3,5.0,0.21195665562183896,0.3484767047288865,4,0.9285714285714286,145,serveur_app,5.1,faible
5,2,2,5.0,0.48135166022139775,0.3484767047288865,4,0.9285714285714286,145,base_donnees,12.3,moyen
5,0,0,0.0,0.0,0.3484767047288865,4,0.9285714285714286,145,donnees_sensibles,0.0,faible
5,0,0,0.0,0.0,0.3484767047288865,4,0.9285714285714286,145,sauvegardes,0.0,faible
3,0,0,0.0,0.0,0.3484767047288865,4,0.9285714285714286,145,vpn,0.0,faible
3,0,0,0.0,0.0,0.3484767047288865,4,0.9285714285714286,145,routeur,0.0,faible
2,3,6,4.0,0.2739766076030722,0.3484767047288865,4,0.9285714285714286,145,switch,6.5,faible
2,1,6,4.0,0.255024255519339,0.3484767047288865,4,0.9285714285714286,145,postes,2.4,faible
4,0,0,0.0,0.0,0.3484767047288865,4,0.9285714285714286,145,serveur_rh,0.0,faible
4,3,4,4.5,0.28307973644898216,0.3484767047288865,4,0.9285714285714286,145,compte_admin,11.1,moyen
1,1,7,4.0,0.989874809802525,0.5642181186688814,1,0.5,145,internet,20.4,élevé
4,2,6,4.0,0.5145794553290728,0.5642181186688814,1,0.5,145,pare_feu,12.1,moyen
3,1,4,4.5,0.4401128913905724,0.5642181186688814,1,0.5,145,serveur_web,7.7,faible
3,1,3,5.0,0.35326109270306494,0.5642181186688814,1,0.5,145,serveur_app,10.2,moyen
5,2,2,5.0,0.6813516602213977,0.5642181186688814,1,0.5,145,base_donnees,17.5,moyen
5,0,0,0.0,0.0,0.5642181186688814,1,0.5,145,donnees_sensibles,0.0,faible
5,0,0,0.0,0.0,0.5642181186688814,1,0.5,145,sauvegardes,0.0,faible
3,0,0,0.0,0.0,0.5642181186688814,1,0.5,145,vpn,0.0,faible
3,0,0,0.0,0.0,0.5642181186688814,1,0.5,145,routeur,0.0,faible
2,3,6,4.0,0.31643548184551823,0.5642181186688814,1,0.5,145,switch,8.9,faible
2,1,6,4.0,0.255024255519339,0.5642181186688814,1,0.5,145,postes,3.0,faible
4,0,0,0.0,0.0,0.5642181186688814,1,0.5,145,serveur_rh,0.0,faible
4,3,4,4.5,0.8398706451037805,0.5642181186688814,1,0.5,145,compte_admin,40.6,critique
1,1,12,3.75,0.7961875006535863,0.6884713306990076,0,0.0,146,internet,33.3,élevé
5,2,11,3.6363636363636362,0.6099007394771767,0.6884713306990076,0,0.0,146,pare_feu,33.8,élevé
2,1,4,4.25,0.7210519426177322,0.6884713306990076,0,0.0,146,serveur_web,21.3,élevé
4,1,3,4.333333333333333,0.7900148026162556,0.6884713306990076,0,0.0,146,serveur_app,21.5,élevé
5,2,2,4.0,0.800334544857435,0.6884713306990076,0,0.0,146,base_donnees,15.6,moyen
4,0,0,0.0,0.0,0.6884713306990076,0,0.0,146,donnees_sensibles,0.0,faible
4,0,0,0.0,0.0,0.6884713306990076,0,0.0,146,sauvegardes,0.0,faible
3,1,9,3.888888888888889,0.9646701985322452,0.6884713306990076,0,0.0,146,vpn,27.8,élevé
2,1,8,4.125,0.6892557033683839,0.6884713306990076,0,0.0,146,routeur,23.6,élevé
3,3,7,4.285714285714286,0.587458021117874,0.6884713306990076,0,0.0,146,switch,28.1,élevé
3,2,7,4.285714285714286,0.4359609413308262,0.6884713306990076,0,0.0,146,postes,23.2,élevé
5,0,0,0.0,0.0,0.6884713306990076,0,0.0,146,serveur_rh,0.0,faible
5,4,5,4.4,0.7441343225273589,0.6884713306990076,0,0.0,146,compte_admin,39.4,critique
1,1,12,3.75,0.7961875006535863,0.48519283126846585,2,0.6111111111111112,146,internet,19.8,moyen
5,2,11,3.6363636363636362,0.6099007394771767,0.48519283126846585,2,0.6111111111111112,146,pare_feu,15.1,moyen
2,1,4,4.25,0.3605259713088661,0.48519283126846585,2,0.6111111111111112,146,serveur_web,4.9,faible
4,1,3,4.333333333333333,0.23700444078487665,0.48519283126846585,2,0.6111111111111112,146,serveur_app,4.8,faible
5,2,2,4.0,0.45016727242871757,0.48519283126846585,2,0.6111111111111112,146,base_donnees,8.8,faible
4,0,0,0.0,0.0,0.48519283126846585,2,0.6111111111111112,146,donnees_sensibles,0.0,faible
4,0,0,0.0,0.0,0.48519283126846585,2,0.6111111111111112,146,sauvegardes,0.0,faible
3,1,9,3.888888888888889,0.9646701985322452,0.48519283126846585,2,0.6111111111111112,146,vpn,9.8,faible
2,1,8,4.125,0.34462785168419197,0.48519283126846585,2,0.6111111111111112,146,routeur,5.3,faible
3,3,7,4.285714285714286,0.24706231781239088,0.48519283126846585,2,0.6111111111111112,146,switch,8.8,faible
3,2,7,4.285714285714286,0.2360861626434205,0.48519283126846585,2,0.6111111111111112,146,postes,10.8,moyen
5,0,0,0.0,0.0,0.48519283126846585,2,0.6111111111111112,146,serveur_rh,0.0,faible
5,4,5,4.4,0.6742399243332043,0.48519283126846585,2,0.6111111111111112,146,compte_admin,31.1,élevé
1,1,12,3.75,0.7961875006535863,0.3642125208867231,3,0.8888888888888888,146,internet,13.4,moyen
5,2,11,3.6363636363636362,0.32296645508203037,0.3642125208867231,3,0.8888888888888888,146,pare_feu,6.2,faible
2,1,4,4.25,0.21631558278531965,0.3642125208867231,3,0.8888888888888888,146,serveur_web,3.9,faible
4,1,3,4.333333333333333,0.3950074013081278,0.3642125208867231,3,0.8888888888888888,146,serveur_app,9.6,faible
5,2,2,4.0,0.6501672724287175,0.3642125208867231,3,0.8888888888888888,146,base_donnees,12.7,moyen
4,0,0,0.0,0.0,0.3642125208867231,3,0.8888888888888888,146,donnees_sensibles,0.0,faible
4,0,0,0.0,0.0,0.3642125208867231,3,0.8888888888888888,146,sauvegardes,0.0,faible
3,1,9,3.888888888888889,0.38586807941289814,0.3642125208867231,3,0.8888888888888888,146,vpn,4.2,faible
2,1,8,4.125,0.34462785168419197,0.3642125208867231,3,0.8888888888888888,146,routeur,6.0,faible
3,3,7,4.285714285714286,0.293729010558937,0.3642125208867231,3,0.8888888888888888,146,switch,10.8,moyen
3,2,7,4.285714285714286,0.1998747786874057,0.3642125208867231,3,0.8888888888888888,146,postes,6.3,faible
5,0,0,0.0,0.0,0.3642125208867231,3,0.8888888888888888,146,serveur_rh,0.0,faible
5,4,5,4.4,0.29765372901094356,0.3642125208867231,3,0.8888888888888888,146,compte_admin,15.6,moyen
1,1,12,3.75,0.7961875006535863,0.31600294920876976,4,0.9444444444444444,146,internet,13.0,moyen
5,2,11,3.6363636363636362,0.32296645508203037,0.31600294920876976,4,0.9444444444444444,146,pare_feu,5.7,faible
2,1,4,4.25,0.21631558278531965,0.31600294920876976,4,0.9444444444444444,146,serveur_web,3.0,faible
4,1,3,4.333333333333333,0.23700444078487665,0.31600294920876976,4,0.9444444444444444,146,serveur_app,4.8,faible
5,2,2,4.0,0.45016727242871757,0.31600294920876976,4,0.9444444444444444,146,base_donnees,8.8,faible
4,0,0,0.0,0.0,0.31600294920876976,4,0.9444444444444444,146,donnees_sensibles,0.0,faible
4,0,0,0.0,0.0,0.31600294920876976,4,0.9444444444444444,146,sauvegardes,0.0,faible
3,1,9,3.888888888888889,0.38586807941289814,0.31600294920876976,4,0.9444444444444444,146,vpn,3.8,faible
2,1,8,4.125,0.34462785168419197,0.31600294920876976,4,0.9444444444444444,146,routeur,5.0,faible
3,3,7,4.285714285714286,0.24706231781239088,0.31600294920876976,4,0.9444444444444444,146,switch,8.0,faible
3,2,7,4.285714285714286,0.17090567152259384,0.31600294920876976,4,0.9444444444444444,146,postes,4.4,faible
5,0,0,0.0,0.0,0.31600294920876976,4,0.9444444444444444,146,serveur_rh,0.0,faible
5,4,5,4.4,0.26969596973328175,0.31600294920876976,4,0.9444444444444444,146,compte_admin,12.5,moyen
1,1,7,4.142857142857143,0.8838675679273553,0.4583188020727219,2,0.5714285714285714,147,internet,22.1,élevé
4,2,6,4.166666666666667,0.43429434997519134,0.4583188020727219,2,0.5714285714285714,147,pare_feu,17.0,moyen
4,1,4,4.25,0.7604267253107972,0.4583188020727219,2,0.5714285714285714,147,serveur_web,12.3,moyen
3,1,3,4.666666666666667,0.3618500144751458,0.4583188020727219,2,0.5714285714285714,147,serveur_app,8.5,faible
5,2,2,4.5,0.5134373305171429,0.4583188020727219,2,0.5714285714285714,147,base_donnees,11.8,moyen
5,0,0,0.0,0.0,0.4583188020727219,2,0.5714285714285714,147,donnees_sensibles,0.0,faible
4,0,0,0.0,0.0,0.4583188020727219,2,0.5714285714285714,147,sauvegardes,0.0,faible
4,0,0,0.0,0.0,0.4583188020727219,2,0.5714285714285714,147,vpn,0.0,faible
2,0,0,0.0,0.0,0.4583188020727219,2,0.5714285714285714,147,routeur,0.0,faible
3,2,5,4.0,0.48498146767115746,0.4583188020727219,2,0.5714285714285714,147,switch,12.4,moyen
1,2,7,4.0,0.38235597057544823,0.4583188020727219,2,0.5714285714285714,147,postes,13.8,moyen
3,0,0,0.0,0.0,0.4583188020727219,2,0.5714285714285714,147,serveur_rh,0.0,faible
5,3,5,4.0,0.2600602279423095,0.4583188020727219,2,0.5714285714285714,147,compte_admin,8.5,faible
1,1,7,4.142857142857143,0.8838675679273553,0.45304541417540484,2,0.6428571428571429,147,internet,20.2,élevé
4,2,6,4.166666666666667,0.5824219213607051,0.45304541417540484,2,0.6428571428571429,147,pare_feu,14.5,moyen
4,1,4,4.25,0.3802133626553986,0.45304541417540484,2,0.6428571428571429,147,serveur_web,4.3,faible
3,1,3,4.666666666666667,0.1809250072375729,0.45304541417540484,2,0.6428571428571429,147,serveur_app,3.8,faible
5,2,2,4.5,0.3796516508745881,0.45304541417540484,2,0.6428571428571429,147,base_donnees,9.1,faible
5,0,0,0.0,0.0,0.45304541417540484,2,0.6428571428571429,147,donnees_sensibles,0.0,faible
4,0,0,0.0,0.0,0.45304541417540484,2,0.6428571428571429,147,sauvegardes,0.0,faible
4,0,0,0.0,0.0,0.45304541417540484,2,0.6428571428571429,147,vpn,0.0,faible
2,0,0,0.0,0.0,0.45304541417540484,2,0.6428571428571429,147,routeur,0.0,faible
3,2,5,4.0,0.24249073383557873,0.45304541417540484,2,0.6428571428571429,147,switch,4.7,faible
1,2,7,4.0,0.2690247694631376,0.45304541417540484,2,0.6428571428571429,147,postes,8.2,faible
3,0,0,0.0,0.0,0.45304541417540484,2,0.6428571428571429,147,serveur_rh,0.0,faible
5,3,5,4.0,0.6501505698557738,0.45304541417540484,2,0.6428571428571429,147,compte_admin,20.2,élevé
1,1,7,4.142857142857143,0.8838675679273553,0.41741845930851734,3,0.7142857142857143,147,internet,15.6,moyen
4,2,6,4.166666666666667,0.3000772956879185,0.41741845930851734,3,0.7142857142857143,147,pare_feu,9.0,faible
4,1,4,4.25,0.45625603518647834,0.41741845930851734,3,0.7142857142857143,147,serveur_web,7.4,faible
3,1,3,4.666666666666667,0.3618500144751458,0.41741845930851734,3,0.7142857142857143,147,serveur_app,8.5,faible
5,2,2,4.5,0.5134373305171429,0.41741845930851734,3,0.7142857142857143,147,base_donnees,11.8,moyen
5,0,0,0.0,0.0,0.41741845930851734,3,0.7142857142857143,147,donnees_sensibles,0.0,faible
4,0,0,0.0,0.0,0.41741845930851734,3,0.7142857142857143,147,sauvegardes,0.0,faible
4,0,0,0.0,0.0,0.41741845930851734,3,0.7142857142857143,147,vpn,0.0,faible
2,0,0,0.0,0.0,0.41741845930851734,3,0.7142857142857143,147,routeur,0.0,faible
3,2,5,4.0,0.48498146767115746,0.41741845930851734,3,0.7142857142857143,147,switch,12.4,moyen
1,2,7,4.0,0.38235597057544823,0.41741845930851734,3,0.7142857142857143,147,postes,13.8,moyen
3,0,0,0.0,0.0,0.41741845930851734,3,0.7142857142857143,147,serveur_rh,0.0,faible
5,3,5,4.0,0.2600602279423095,0.41741845930851734,3,0.7142857142857143,147,compte_admin,8.5,faible
1,1,7,4.142857142857143,0.8838675679273553,0.30991571428888726,4,0.9285714285714286,147,internet,14.0,moyen
4,2,6,4.166666666666667,0.3000772956879185,0.30991571428888726,4,0.9285714285714286,147,pare_feu,7.1,faible
4,1,4,4.25,0.22812801759323917,0.30991571428888726,4,0.9285714285714286,147,serveur_web,2.6,faible
3,1,3,4.666666666666667,0.1809250072375729,0.30991571428888726,4,0.9285714285714286,147,serveur_app,3.8,faible
5,2,2,4.5,0.3796516508745881,0.30991571428888726,4,0.9285714285714286,147,base_donnees,9.1,faible
5,0,0,0.0,0.0,0.30991571428888726,4,0.9285714285714286,147,donnees_sensibles,0.0,faible
4,0,0,0.0,0.0,0.30991571428888726,4,0.9285714285714286,147,sauvegardes,0.0,faible
4,0,0,0.0,0.0,0.30991571428888726,4,0.9285714285714286,147,vpn,0.0,faible
2,0,0,0.0,0.0,0.30991571428888726,4,0.9285714285714286,147,routeur,0.0,faible
3,2,5,4.0,0.24249073383557873,0.30991571428888726,4,0.9285714285714286,147,switch,4.7,faible
1,2,7,4.0,0.2106396813315775,0.30991571428888726,4,0.9285714285714286,147,postes,4.8,faible
3,0,0,0.0,0.0,0.30991571428888726,4,0.9285714285714286,147,serveur_rh,0.0,faible
5,3,5,4.0,0.2600602279423095,0.30991571428888726,4,0.9285714285714286,147,compte_admin,8.1,faible
2,1,10,3.6,1.0,0.3328912922764709,4,0.9333333333333333,148,internet,12.3,moyen
3,2,9,3.6666666666666665,0.3406505529830388,0.3328912922764709,4,0.9333333333333333,148,pare_feu,5.5,faible
2,1,4,4.5,0.16179604586040225,0.3328912922764709,4,0.9333333333333333,148,serveur_web,2.2,faible
4,1,3,4.666666666666667,0.20783539790507047,0.3328912922764709,4,0.9333333333333333,148,serveur_app,4.5,faible
5,2,2,4.5,0.4200241615170526,0.3328912922764709,4,0.9333333333333333,148,base_donnees,9.9,faible
5,0,0,0.0,0.0,0.3328912922764709,4,0.9333333333333333,148,donnees_sensibles,0.0,faible
4,0,0,0.0,0.0,0.3328912922764709,4,0.9333333333333333,148,sauvegardes,0.0,faible
3,1,7,4.0,0.4,0.3328912922764709,4,0.9333333333333333,148,vpn,4.4,faible
2,1,6,4.333333333333333,0.5,0.3328912922764709,4,0.9333333333333333,148,routeur,6.2,faible
3,2,5,4.6,0.2101089703069413,0.3328912922764709,4,0.9333333333333333,148,switch,5.5,faible
2,1,5,4.8,0.0967768913146899,0.3328912922764709,4,0.9333333333333333,148,postes,2.0,faible
5,0,0,0.0,0.0,0.3328912922764709,4,0.9333333333333333,148,serveur_rh,0.0,faible
5,3,4,4.75,0.22846455981761193,0.3328912922764709,4,0.9333333333333333,148,compte_admin,9.4,faible
2,1,10,3.6,1.0,0.3328912922764709,4,0.9333333333333333,148,internet,12.3,moyen
3,2,9,3.6666666666666665,0.3406505529830388,0.3328912922764709,4,0.9333333333333333,148,pare_feu,5.5,faible
2,1,4,4.5,0.16179604586040225,0.3328912922764709,4,0.9333333333333333,148,serveur_web,2.2,faible
4,1,3,4.666666666666667,0.20783539790507047,0.3328912922764709,4,0.9333333333333333,148,serveur_app,4.5,faible
5,2,2,4.5,0.4200241615170526,0.3328912922764709,4,0.9333333333333333,148,base_donnees,9.9,faible
5,0,0,0.0,0.0,0.3328912922764709,4,0.9333333333333333,148,donnees_sensibles,0.0,faible
4,0,0,0.0,0.0,0.3328912922764709,4,0.9333333333333333,148,sauvegardes,0.0,faible
3,1,7,4.0,0.4,0.3328912922764709,4,0.9333333333333333,148,vpn,4.4,faible
2,1,6,4.333333333333333,0.5,0.3328912922764709,4,0.9333333333333333,148,routeur,6.2,faible
3,2,5,4.6,0.2101089703069413,0.3328912922764709,4,0.9333333333333333,148,switch,5.5,faible
2,1,5,4.8,0.0967768913146899,0.3328912922764709,4,0.9333333333333333,148,postes,2.0,faible
5,0,0,0.0,0.0,0.3328912922764709,4,0.9333333333333333,148,serveur_rh,0.0,faible
5,3,4,4.75,0.22846455981761193,0.3328912922764709,4,0.9333333333333333,148,compte_admin,9.4,faible
2,1,10,3.6,1.0,0.5081042357075534,2,0.5333333333333333,148,internet,16.5,moyen
3,2,9,3.6666666666666665,0.3406505529830388,0.5081042357075534,2,0.5333333333333333,148,pare_feu,9.8,faible
2,1,4,4.5,0.3235920917208045,0.5081042357075534,2,0.5333333333333333,148,serveur_web,9.2,faible
4,1,3,4.666666666666667,0.6927846596835683,0.5081042357075534,2,0.5333333333333333,148,serveur_app,20.2,élevé
5,2,2,4.5,0.7400483230341051,0.5081042357075534,2,0.5333333333333333,148,base_donnees,17.3,moyen
5,0,0,0.0,0.0,0.5081042357075534,2,0.5333333333333333,148,donnees_sensibles,0.0,faible
4,0,0,0.0,0.0,0.5081042357075534,2,0.5333333333333333,148,sauvegardes,0.0,faible
3,1,7,4.0,0.4,0.5081042357075534,2,0.5333333333333333,148,vpn,13.3,moyen
2,1,6,4.333333333333333,1.0,0.5081042357075534,2,0.5333333333333333,148,routeur,27.8,élevé
3,2,5,4.6,0.5341939776260729,0.5081042357075534,2,0.5333333333333333,148,switch,21.3,élevé
2,1,5,4.8,0.16129481885781652,0.5081042357075534,2,0.5333333333333333,148,postes,3.9,faible
5,0,0,0.0,0.0,0.5081042357075534,2,0.5333333333333333,148,serveur_rh,0.0,faible
5,3,4,4.75,0.27136875268822575,0.5081042357075534,2,0.5333333333333333,148,compte_admin,13.6,moyen
2,1,10,3.6,1.0,0.544591869247909,1,0.4,148,internet,26.2,élevé
3,2,9,3.6666666666666665,0.5064437739621044,0.544591869247909,1,0.4,148,pare_feu,19.7,moyen
2,1,4,4.5,0.5393201528680075,0.544591869247909,1,0.4,148,serveur_web,15.4,moyen
4,1,3,4.666666666666667,0.6927846596835683,0.544591869247909,1,0.4,148,serveur_app,20.2,élevé
5,2,2,4.5,0.7400483230341051,0.544591869247909,1,0.4,148,base_donnees,17.3,moyen
5,0,0,0.0,0.0,0.544591869247909,1,0.4,148,donnees_sensibles,0.0,faible
4,0,0,0.0,0.0,0.544591869247909,1,0.4,148,sauvegardes,0.0,faible
3,1,7,4.0,0.4,0.544591869247909,1,0.4,148,vpn,13.3,moyen
2,1,6,4.333333333333333,1.0,0.544591869247909,1,0.4,148,routeur,27.8,élevé
3,2,5,4.6,0.5341939776260729,0.544591869247909,1,0.4,148,switch,21.3,élevé
2,1,5,4.8,0.16129481885781652,0.544591869247909,1,0.4,148,postes,3.9,faible
5,0,0,0.0,0.0,0.544591869247909,1,0.4,148,serveur_rh,0.0,faible
5,3,4,4.75,0.27136875268822575,0.544591869247909,1,0.4,148,compte_admin,13.6,moyen
1,1,8,3.625,1.0,0.37290116461596245,3,0.8823529411764706,149,internet,22.4,élevé
4,2,7,3.5714285714285716,0.5858422908434627,0.37290116461596245,3,0.8823529411764706,149,pare_feu,13.7,moyen
2,1,4,4.5,0.4336505094797256,0.37290116461596245,3,0.8823529411764706,149,serveur_web,6.8,faible
4,1,3,4.666666666666667,0.27114292181443567,0.37290116461596245,3,0.8823529411764706,149,serveur_app,5.9,faible
5,2,2,4.5,0.361429027977194,0.37290116461596245,3,0.8823529411764706,149,base_donnees,8.8,faible
5,0,0,0.0,0.0,0.37290116461596245,3,0.8823529411764706,149,donnees_sensibles,0.0,faible
4,0,0,0.0,0.0,0.37290116461596245,3,0.8823529411764706,149,sauvegardes,0.0,faible
2,1,1,3.0,0.2731495446752616,0.37290116461596245,3,0.8823529411764706,149,vpn,2.0,faible
3,0,0,0.0,0.0,0.37290116461596245,3,0.8823529411764706,149,routeur,0.0,faible
3,3,7,3.857142857142857,0.33290274057961733,0.37290116461596245,3,0.8823529411764706,149,switch,8.0,faible
1,2,7,4.142857142857143,0.186156572380005,0.37290116461596245,3,0.8823529411764706,149,postes,4.9,faible
3,0,0,0.0,0.0,0.37290116461596245,3,0.8823529411764706,149,serveur_rh,0.0,faible
5,4,5,4.2,0.2739532045904407,0.37290116461596245,3,0.8823529411764706,149,compte_admin,12.4,moyen
1,1,8,3.625,1.0,0.7331745259019571,0,0.0,149,internet,48.2,critique
4,2,7,3.5714285714285716,0.7146057271086569,0.7331745259019571,0,0.0,149,pare_feu,41.5,critique
2,1,4,4.5,0.8673010189594512,0.7331745259019571,0,0.0,149,serveur_web,30.0,élevé
4,1,3,4.666666666666667,0.9038097393814523,0.7331745259019571,0,0.0,149,serveur_app,25.9,élevé
5,2,2,4.5,0.6592960136100838,0.7331745259019571,0,0.0,149,base_donnees,16.0,moyen
5,0,0,0.0,0.0,0.7331745259019571,0,0.0,149,donnees_sensibles,0.0,faible
4,0,0,0.0,0.0,0.7331745259019571,0,0.0,149,sauvegardes,0.0,faible
2,1,1,3.0,0.682873861688154,0.7331745259019571,0,0.0,149,vpn,5.1,faible
3,0,0,0.0,0.0,0.7331745259019571,0,0.0,149,routeur,0.0,faible
3,3,7,3.857142857142857,0.7638014425319936,0.7331745259019571,0,0.0,149,switch,32.4,élevé
1,2,7,4.142857142857143,0.46117148329401947,0.7331745259019571,0,0.0,149,postes,22.5,élevé
3,0,0,0.0,0.0,0.7331745259019571,0,0.0,149,serveur_rh,0.0,faible
5,4,5,4.2,0.7621078861706777,0.7331745259019571,0,0.0,149,compte_admin,39.4,critique
1,1,8,3.625,1.0,0.3838885592932886,3,0.8823529411764706,149,internet,17.0,moyen
4,2,7,3.5714285714285716,0.3858422908434628,0.3838885592932886,3,0.8823529411764706,149,pare_feu,7.9,faible
2,1,4,4.5,0.26019030568783535,0.3838885592932886,3,0.8823529411764706,149,serveur_web,5.4,faible
4,1,3,4.666666666666667,0.45190486969072613,0.3838885592932886,3,0.8823529411764706,149,serveur_app,11.3,moyen
5,2,2,4.5,0.4885531126658026,0.3838885592932886,3,0.8823529411764706,149,base_donnees,12.3,moyen
5,0,0,0.0,0.0,0.3838885592932886,3,0.8823529411764706,149,donnees_sensibles,0.0,faible
4,0,0,0.0,0.0,0.3838885592932886,3,0.8823529411764706,149,sauvegardes,0.0,faible
2,1,1,3.0,0.2731495446752616,0.3838885592932886,3,0.8823529411764706,149,vpn,2.0,faible
3,0,0,0.0,0.0,0.3838885592932886,3,0.8823529411764706,149,routeur,0.0,faible
3,3,7,3.857142857142857,0.3819007212659968,0.3838885592932886,3,0.8823529411764706,149,switch,10.9,moyen
1,2,7,4.142857142857143,0.2134975996212387,0.3838885592932886,3,0.8823529411764706,149,postes,6.5,faible
3,0,0,0.0,0.0,0.3838885592932886,3,0.8823529411764706,149,serveur_rh,0.0,faible
5,4,5,4.2,0.3048431544682711,0.3838885592932886,3,0.8823529411764706,149,compte_admin,15.7,moyen
1,1,8,3.625,1.0,0.5765255019082327,1,0.4117647058823529,149,internet,27.7,élevé
4,2,7,3.5714285714285716,0.7146057271086569,0.5765255019082327,1,0.4117647058823529,149,pare_feu,19.3,moyen
2,1,4,4.5,0.4336505094797256,0.5765255019082327,1,0.4117647058823529,149,serveur_web,9.0,faible
4,1,3,4.666666666666667,0.45190486969072613,0.5765255019082327,1,0.4117647058823529,149,serveur_app,11.3,moyen
5,2,2,4.5,0.4885531126658026,0.5765255019082327,1,0.4117647058823529,149,base_donnees,12.3,moyen
5,0,0,0.0,0.0,0.5765255019082327,1,0.4117647058823529,149,donnees_sensibles,0.0,faible
4,0,0,0.0,0.0,0.5765255019082327,1,0.4117647058823529,149,sauvegardes,0.0,faible
2,1,1,3.0,0.682873861688154,0.5765255019082327,1,0.4117647058823529,149,vpn,5.1,faible
3,0,0,0.0,0.0,0.5765255019082327,1,0.4117647058823529,149,routeur,0.0,faible
3,3,7,3.857142857142857,0.3819007212659968,0.5765255019082327,1,0.4117647058823529,149,switch,12.9,moyen
1,2,7,4.142857142857143,0.3160264517758651,0.5765255019082327,1,0.4117647058823529,149,postes,18.5,moyen
3,0,0,0.0,0.0,0.5765255019082327,1,0.4117647058823529,149,serveur_rh,0.0,faible
5,4,5,4.2,0.7621078861706777,0.5765255019082327,1,0.4117647058823529,149,compte_admin,39.4,critique
